Title,Link,Article Content
"WRT 32 di Lone Star Le Mans: Startnya Sudah Bagus, tapi...",https://sport.detik.com/sport-lain/d-8653123/wrt-32-di-lone-star-le-mans-startnya-sudah-bagus-tapi,"Austin - Pupus sudah harapan Sean Gelael dan rekan-rekannya di Team WRT 32 meraih podium Lone Star Le Mans 2026 . Kendala teknis bikin mereka gagal dapat poin. Setelah meraih posisi start ketujuh di kualifikasi kelas LMGT3, Sean dkk.dalam kepercayaan diri tinggi menghadapi balapan di COTA, Senin (7/9) dini hari WIB. Bahkan posisi mereka naik satu strip karena penalti AF Cose 21. Pada balapan yang berlangsung di trek basah, Darren Leung sebagai starting driver langsung melesat ke posisi keenam dari urutan keempat saat start. SCROLL TO CONTINUE WITH CONTENT Leung bahkan sempat naik ke P2, walau persaingan ketat membuat pebalap Inggris ini lalu tertahan di P4. Setelah itu tiba-tiba Leung mundur teratur, dari P4 ke P6, P7, hingga mesti masuk pit karena problem teknis terdeteksi. Ternyata as-roda mobil BMW M4 GT3 yang dikendarainya bermasalah sehingga mesti diganti. ADVERTISEMENT Penggantian membutuhkan waktu cukup lama, 25 menit, sebelum Sean mengambil alih balapan dari Leung. Akan tetapi Sean tidak bisa berbuat banyak karena Team WRT 32 sudah tertinggal 10 lap dari mobil terdepan kelas LMGT3. Baca juga: WEC 2026: Sean Gelael Balapan di Austin Dini Hari, Start P7 Walau begitu, guna menuntaskan perjuangan, Sean, Leung, dan Augusto Farfus tetap berlaga hingga finis di P16. Bukan hasil yang diharapkan memang, tapi mereka sudah memberikan segalanya. ""Bukan hasil yang kami inginkan. Tapi, ya, balapan memang terkadang seperti ini,"" ujar Sean dalam rilis kepada detikSport. Balapan Lone Start Le Mans atau 6 Hours of COTA penuh drama sejak awal. Safety Car (SC) dan Full Course Yellow (FCY) berulangkali mesti diberlakukan untuk menetralisir lomba. Kelas LMGT3 jadi milik tim Heart of Racing Team #27. Sementara itu Ferrari akhirnya pecah telur di kelas Hypercar tahun ini lewat mobil nomor 50. Putaran kelima FIA WEC 2026 digelar di Sirkuit Fuji, Jepang, 27 September. Baca juga: WEC 2026: WRT 32 Meraba COTA dari Hasil Free Practice Video Sean Gelael soal Olahraga Balap Dianggap Mahal: Semua Itu Relatif! Video Sean Gelael soal Olahraga Balap Dianggap Mahal: Semua Itu Relatif! (mrp/rin) ... Tautan telah disalin sean gelael team wrt 32 team wrt lone star le mans fia wec 2026 world endurance championship"
"Setelah 9 Tahun Gelar Basket, Kini LJK 2026 Rambah Padel",https://sport.detik.com/sportstyle/d-8653121/setelah-9-tahun-gelar-basket-kini-ljk-2026-rambah-padel,"Jakarta - Liga Jasa Keuangan (LJK) yang lebih dikenal dengan kompetisi basket kini mulai merambah ke padel . LJK untuk pertama kalinya menggelar padel mulai tahun ini. Sebanyak 20 tim dari 20 institusi keuangan mengikuti rangkaian kompetisi yang dibuka oleh Wakil Ketua Dewan Komisioner Otoritas Jasa Keuangan (OJK) Hernawan Bekti Sasongko di Milo's Padel Kemang, Jakarta, Minggu (6/9/2026). Opening ceremony menghadirkan parade tim, pertandingan eksibisi level eksekutif, serta pertandingan awal fase grup. Kegiatan turut dihadiri Deputi Gubernur Bank Indonesia Solikin M. Juhro dan jajaran pimpinan dari berbagai institusi peserta. SCROLL TO CONTINUE WITH CONTENT Baca juga: Minala Cup Padel Diikuti Lebih dari 300 Peserta Peserta datang dari tiga kelompok utama; Sektor perbankan diwakili 13 institusi, sektor asuransi dan keuangan nonbank, dan kelompok regulator serta lembaga terkait. Setiap institusi menurunkan satu tim yang terdiri atas lima pemain putra dan lima pemain putri, serta didampingi maksimal tiga ofisial, dengan total sebanyak 200 pemain tercatat mengikuti turnamen. ADVERTISEMENT ""Masuknya padel sebagai cabang baru menunjukkan bahwa Liga Jasa Keuangan terus berkembang mengikuti minat insan jasa keuangan. Namun, yang paling penting bukan sekadar cabang olahraganya, melainkan semangat yang dibawa: berani bertanding, menjunjung sportivitas, dan membangun kekompakan,"" kata Ketua Pengurus LJK Insan Hasani. Dalam setiap pertemuan beregu, tim bertanding pada tiga kategori: Men's Doubles, Women's Doubles, dan Mixed Doubles. Kompetisi dimulai dari fase kualifikasi dan grup, kemudian berlanjut ke perempat final, semifinal, perebutan tempat ketiga, dan final. Format berjenjang tersebut membuat setiap hasil pada fase grup menentukan langkah tim menuju babak gugur. Penyelenggaraan juga didukung perangkat pertandingan profesional, pengaturan level pemain, sistem skor, dan publikasi kegiatan. Baca juga: Atlet Dunia Ramaikan Premiere Padel Indonesia ""Kami merancang kompetisi ini dalam format beregu agar setiap tim tampil sebagai satu kesatuan sehingga strategi, kedalaman skuad, dan konsistensi menjadi penentu. Harapannya, turnamen ini berlangsung kompetitif, fair, dan memberikan pengalaman pertandingan yang baik dan dapat dinikmati bagi seluruh peserta,"" ujar Ketua Pelaksana LJK Padel Greatman Rajab. LJK pertama kali diselenggarakan pada 2017 sebagai wadah olahraga bagi regulator, pelaku industri, dan pemangku kepentingan sektor jasa keuangan. Memasuki penyelenggaraan ke delapan pada 2026, penambahan padel memperluas cabang yang dipertandingkan sekaligus merespons minat komunitas terhadap olahraga tersebut. Mengusung tema ""Play Bold, Build Bonds"", LJK Padel 2026 memadukan persaingan yang sehat dengan sportivitas dan kekompakan tim. Penutupan pada 27 September 2026 akan menjadi momentum penyerahan penghargaan sekaligus apresiasi kepada seluruh tim yang mengikuti penyelenggaraan perdana cabang padel. Lebih dari sekadar kompetisi, LJK Padel 2026 diharapkan menjadi medium yang efektif untuk memperkuat konektivitas dan kolaborasi antarinsan industri jasa keuangan. Di saat yang sama, sportivitas yang tumbuh dalam pertandingan-melalui disiplin, integritas, kerja sama tim, dan sikap saling menghormati-mencerminkan nilai-nilai yang juga dibutuhkan dalam membangun ekosistem jasa keuangan yang sehat, solid, dan berkelanjutan. Video Tukang Sampah Meruya Curhat Kerja Terganggu gegara Lapangan Padel Ini Video Tukang Sampah Meruya Curhat Kerja Terganggu gegara Lapangan Padel Ini (mro/bay) ... Tautan telah disalin ljk padel"
Ngedadak Padel: Ketika Padel Jadi Ajang Reuni,https://sport.detik.com/sportstyle/d-8653076/ngedadak-padel-ketika-padel-jadi-ajang-reuni,"Jakarta - Padel kini sudah jadi gaya hidup masyarakat urban di Indonesia. Tidak cuma untuk berolahraga, padel bisa jadi ajang reunian. Hal ini yang dilakukan oleh alumni Fakultas Hukum (FH) Universitas Trisakti angkatan 1999. Pada Minggu (6/9/2026) kemarin, berlokasi HQ Padel & Tennis, Pesanggrahan, Jakarta Selatan, mereka melakukan kegiatan gathering namun dikemas dalam bentuk turnamen padel bertajuk ""Ngedadak Padel"". Para alumni FH Trisakti tersebut juga diperbolehkan membawa pasangan mereka masing-masing untuk bersaing dalam pertandingan nomor campuran. SCROLL TO CONTINUE WITH CONTENT Turnamen padel ini diikuti oleh 16 fixed partners dan mixed partners yang terbagi ke dalam 4 grup. Para peserta pun terlihat tampil antusias dan kompetitif. ""Intinya ini untuk menjaga silaturahmi. Kami angkatan 99 FH Trisakti memang sering membuat kegiatan kumpul-kumpul, dan salah satunya ini adalah padel. Apalagi padel juga sedang digemari, baik laki-laki maupun perempuan,"" ujar salah seorang panitia, Mega Ruhapy, dalam keterangan kepada media ADVERTISEMENT Kegiatan ini memang hanyalah ajang silaturahmi. Namun, panitia tampak begitu serius dalam menyelenggarakan acara. Podium untuk juara pertama, peringkat runner-up, dan ketiga disiapkan. Pemenang juga berhak mendapatkan penghargaan, medali, dan hadiah. Arie Pujianto, salah seorang alumni yang menjadi motor penggerak aktivitas olahraga di kalangan alumni FH Universitas Trisakti, menyebut angkatannya memang tergolong cukup aktif menggelar kegiatan seperti ini. Kegiatan olahraga seperti padel ini diyakini Arie menjadi pilihan yang tepat untuk bersilaturahmi karena baik alumni laki-laki maupun perempuan bisa berpartisipasi. Ngedadak Padel: Ketika Padel jadi ajang reuni. (Foto: dok.Ngedadak Padel) ""Kami dari zaman kuliah, udah lebih dari 25 tahun lalu, memang akur ya. Alhamdulillah masih berhubungan baik. Akhirnya sekarang kami coba main padel, karena para istri juga bisa main,"" kata Arie. ""Mudah-mudahan, dengan adanya turnamen padel perdana kami ini, bisa juga mengangkat kemauan dari angkatan FH Trisakti yang lain. Pastinya seru kalau seluruh FH Trisakti bisa melakukan gathering,"" sambungnya. Arie menyebut alumni angkatan 99 FH Trisakti juga berencana menggelar turnamen padel ke depannya, tetapi diadakan di Asha Beach Club & Resort di Pulau Payung, Kepulauan Seribu. Baca juga: Minala Cup Padel Diikuti Lebih dari 300 Peserta Tak Cuma Padel Arie dan para alumni FH Trisakti rupanya juga tergabung dalam klub sepak bola Inkracht Sakti FC, yang dijadwalkan mengikuti kejuaraan dunia antar advokat atau Mundiavocat 2027 di Bali, 21-25 April 2027. ""Mundiavocat ini juga jadi salah satu fokus kita. Kami dari Inkracht Sakti FC memang basicnya adalah para lawyer lulusan Trisakti. Namun, mungkin kami juga membuka peluang untuk mengajak pemain dari Peradi FC,"" ucap Arie. Arie yang menjabat sebagai kapten tim Inkracht Sakti FC, menambahkan, untuk menghadapi Mundiavocat tahun depan, skuad sudah harus terbentuk pada bulan November 2026 sehingga tim bisa lebih berkonsentrasi melakukan persiapan. Inkracht Sakti FC sendiri telah menunjuk seorang pelatih profesional yang dikenal di kalangan olahraga futsal, yakni Mario Silitonga. Mario memang sudah berkali-kali membawa tim advokat Indonesia berkompetisi di kejuaraan dunia sepak bola antar advokat. Tangan dingin dan pengalaman Mario diharapkan bisa membawa Inkracht Sakti FC mencapai prestasi membanggakan. ""Untuk Mundiavocat, biasanya negara unggulan dari Asia itu adalah Thailand, Iran, dan Jepang. Dulu saya pernah membawa tim sepak bola advokat Indonesia sampai ke peringkat ketiga,"" kata Mario. Agenda terdekat, Inkracht Sakti FC akan menggelar pertandingan pemanasan menghadapi para mantan pemain profesional Malaysia, Sabah FC, di Jakarta, 20 September. Baca juga: Atlet Dunia Ramaikan Premiere Padel Indonesia Video Tukang Sampah Meruya Curhat Kerja Terganggu gegara Lapangan Padel Ini Video Tukang Sampah Meruya Curhat Kerja Terganggu gegara Lapangan Padel Ini (mrp/bay) ... Tautan telah disalin padel alumni fh trisakti ngedadak padel"
Menjaga Gaya Hidup Sehat Lewat Hyrox,https://sport.detik.com/sportstyle/d-8653072/menjaga-gaya-hidup-sehat-lewat-hyrox,"Jakarta - Hyrox tak dipungkiri lagi naik daun di dunia, terutama di Indonesia. Olahraga ini memang punya peran penting dalam menjaga stamina tubuh. Hyrox adalah kompetisi kebugaran global yang mengombinasikan lari jarak jauh dengan latihan fungsional dalam satu rangkaian perlombaan yang intens. Olahraga ini pertama kali diluncurkan di Jerman pada tahun 2017 dan dengan cepat berkembang menjadi fenomena internasional. Tujuan utama dari kompetisi ini adalah untuk menguji daya tahan (endurance) serta kekuatan (strength) peserta secara menyeluruh. SCROLL TO CONTINUE WITH CONTENT Berbeda dengan kompetisi atletik lainnya yang sering kali ditujukan hanya untuk profesional, Hyrox dirancang agar inklusif bagi semua tingkat kebugaran. Peserta pemula hingga atlet elit dapat berkompetisi di bawah standar yang sama dengan waktu penyelesaian yang tercatat secara digital. Hal ini menjadikan Hyrox sebagai salah satu jenis kompetisi fitness race yang paling populer di dunia saat ini. ADVERTISEMENT Itulah mengapa banyak pusat kebugaran di kota-kota besar di Indonesia memasukkan Hyrox sebagai salah satu ""jualan"" karena tingginya peminat. Apalagi saat ini sudah sering dilihat kompetisi hyrox dipertandingkan. Tidak cuma dipertandingkan secara resmi, Hyrox juga kerap dijadikan sebagai gimmick dalam sebuah seremoni, salah satunya seperti di Hari Kemerdekaan ke-81 RI bulan lalu. Synergy Worldwide Indonesia, perusahaan yang bergerak di bidang nutrisi dan wellness Synergy, berkolaborasi dengan South Barn menghadirkan sebuah kompetisi fitness yang memadukan semangat olahraga, kompetisi, dan tradisi perayaan 17 Agustus melalui acara ""17 Agustusan Throwdown"" Baca juga: Soal Olahraga Hyrox yang Lagi Naik Daun di Indonesia Mengusung konsep kompetisi bergaya HYROX, 17 Agustusan Throwdown menghadirkan tantangan fisik yang menguji kekuatan, daya tahan, kecepatan, dan ketangguhan peserta. Namun, berbeda dari kompetisi fitness pada umumnya, acara ini juga membawa suasana khas perayaan kemerdekaan Indonesia melalui berbagai lomba 17 Agustusan, seperti lomba makan kerupuk, dan mengigit sendok dengan kelereng. ""Kami ingin menghadirkan sesuatu yang berbeda dalam menyambut Hari Kemerdekaan. Fitness dan olahraga memiliki nilai yang sangat dekat dengan semangat perjuangan, konsistensi, disiplin, keberanian untuk menghadapi tantangan, dan tidak mudah menyerah. Melalui 17 Agustusan Throwdown, kami ingin menggabungkan nilai-nilai tersebut dengan keceriaan dan kebersamaan yang menjadi ciri khas perayaan 17 Agustus di Indonesia, Produk-produk Synergy Indonesia juga hadir untuk mendukung performa para pecinta Olahraga & Fitness"" ujar Dina Yuliyanti selaku Senior Marketing Manager Synergy Worldwide Indonesia dalam keterangan kepada detikSport. Kolaborasi bersama South Barn juga menjadi bagian dari upaya menghadirkan pengalaman olahraga yang lebih inklusif dan menyenangkan bagi komunitas. Para peserta tidak hanya ditantang untuk menunjukkan kemampuan fisik mereka dalam arena kompetisi, tetapi juga diajak untuk menikmati suasana perayaan kemerdekaan bersama komunitas dan rekan-rekan sesama pecinta olahraga. Konsep ""work hard, play hard"" menjadi salah satu semangat utama acara ini. Yang menggabungkan antara tantangan fisik dalam kompetisi dan permainan-permainan khas 17 Agustus yang menghadirkan suasana santai, penuh tawa, dan kompetisi yang bersahabat. Kehadiran 17 Agustusan Throwdown sekaligus mencerminkan semakin berkembangnya budaya fitness dan olahraga fungsional di Indonesia. Kompetisi seperti Hyrox menggabungkan berbagai elemen latihan, mulai dari kekuatan, kardio, hingga functional movements, sehingga menuntut peserta untuk memiliki kemampuan fisik yang menyeluruh. Melalui kegiatan ini, Synergy Worldwide Indonesia dan South Barn berharap semangat kemerdekaan tidak hanya dirayakan melalui seremonial, tetapi juga diwujudkan melalui gaya hidup aktif, sehat, sportif, dan penuh kebersamaan. Baca juga: Wellnest Festival Vol. 2 Kembali Hadir! Ikut Mat Pilates Cuma 100 Ribuan Video Viral Pria Umur 81 Taklukkan Hyrox Jakarta, Latihannya Nggak Main-main Video Viral Pria Umur 81 Taklukkan Hyrox Jakarta, Latihannya Nggak Main-main (mrp/bay) ... Tautan telah disalin hyrox"
Men's World Tennis Championship: 3 Wakil RI Gagal ke Babak Utama Seri V,https://sport.detik.com/raket/d-8653071/mens-world-tennis-championship-3-wakil-ri-gagal-ke-babak-utama-seri-v,"Nusa Dua - Men's World Tennis Championship 2026 sudah memasuki seri V. Sayang, tiga petenis tuan rumah gagal melaju ke babak utama. Pada putaran final kualifikasi Seri V M-15 Men's World Tennis Championship 2026, Senin (7/9/2026), Indonesia menurunkan tiga wakilnya, yakni Ethan Jake Frans, Ethan David Zapp, dan Kareem Abdul Hakim. Tapi ketiganya malah gagal menuntaskan misinya lolos ke babak utama turnamen yang berhadiah total 20 ribu dolar AS. Ada total 32 petenis dari 14 negara yang tampil di babak kualifikasi. SCROLL TO CONTINUE WITH CONTENT Bertanding di lapangan A, Bali Beach Country Club, Nusa Dua, Ethan baru saja merayakan ulang tahun ke-17 itu harus tumbang dari unggulan keempat Shanker Heisnam. Ethan yang akhir pekan lalu jadi runner-up Seri IV bersama Rafalentino Da Costa kalah dengan skor 2-6 dan 3-6 dalam waktu 1,5 jam. ADVERTISEMENT Baca juga: Men's World Tennis Championship: Karan Singh Juara Seri IV Ethan Jake, 14 tahun, yang merupakan putra eks petenis Indonesia Wyne Prakusya kalah dari unggulan ketujuh asal Amerika Serikat Stefan Menichell, dengan skor 6-7 tiebreak 3 dan 3-6 dalam waktu 2 jam 4 menit. ""Saya tetap puas dengan performa saya di final kualifikasi ini. Apalagi saya kalah dari petenis asing seperti Stefan yang unggul teknik dan pengalaman serta peringkat ATP yang lebih tinggi,"" ujar Ethan Jake dalam rilis kepada detikSport. Wakil RI ketiga yang gagal adalah Kareem Abdul Hakim. Dia takluk dari unggulan kelima dari Selandia Baru, Matthew Shearer, 2-6 dan 5-7. Dengan hasil itu, Indonesia cuma punya empat wakil di babak utama, yakni unggulan kedua M Rifqi Fitriadi, serta Anthony Susanto, Nathan Bark, dan Rafalentino Ali Da Costa yang masuk ke babak utama dengan fasilitas wild card. Sementara itu di sektor ganda putra, Indonesia akan diperkuat oleh Rafalentino Ali Dacosta/Ethan David Zapp, Ethan Jake Frans/M. Ragil Putra, Anthony Susanto yang menggandeng petenis Taiwan Yang Cheng Chen sebagai pasangannya serta Kareem Abdul Hakim yang berpartner dengan Andrez Nech dari Hungaria. Baca juga: Men's World Tennis Championship: Rafalentino/Ethan Gagal Juara Video Manchester City Bersiap Hadapi Porto di Laga Perdana Liga Champions Video Manchester City Bersiap Hadapi Porto di Laga Perdana Liga Champions (mrp/rin) ... Tautan telah disalin men's world tennis championship 2026 amman mineral men's world tennis championship 2026"
"Debut di Rok Cup Indonesia 2026, Barra Ghaisan Torehkan Catatan Positif",https://sport.detik.com/sport-lain/d-8653014/debut-di-rok-cup-indonesia-2026-barra-ghaisan-torehkan-catatan-positif,"Jakarta - Barra Ghaisan Zeinatma menunjukkan perkembangan positif pada musim debutnya di ESHARK Rok Cup Indonesia 2026. Turun di kelas Mini Rok, Pembalap muda Indonesia ini mampu mengoleksi sejumlah podium setelah menjalani proses adaptasi sepanjang musim. Pebalap berusia 13 tahun yang memperkuat Avenue Rising Star Racing Team itu baru tampil mulai Round 2 karena harus beradaptasi dengangokartbaru. Pada Seri 2, Barra finis di posisi ke-12, sebelum meningkat ke peringkat ke-10 pada Seri 3. Performa Barra semakin menonjol pada Seri 4. Ia meraih posisi kelima kategori Mini Newbie dan peringkat ketiga Mini Rok Rising Star. SCROLL TO CONTINUE WITH CONTENT Memasuki Seri 5, Barra kembali naik podium dengan menjadi juara pertama kategori Mini Newbie dan runner-up Mini Rok B. Performa tersebut berlanjut pada Seri 6 yang berlangsung 5-6 September 2026. Ia meraih posisi kedua Mini Newbie, posisi kelima Mini Rok, dan posisi keempat Mini Rok Rising Star. ""Musim pertama ini menjadi proses belajar yang sangat penting bagi Barra. Setiap seri memberikan pengalaman dan tantangan baru,"" kata ayah Barra, Jeffri Ardiatma, kepada awak media. ADVERTISEMENT Jeffri juga mengingatkan Barra untuk tetap memperhatikan pendidikan. Saat ini, Barra tercatat sebagai siswa kelas 7 SMP Labschool Cirendeu. ""Yang penting juga untuk Barra agar fokus dengan sekolahnya. Kami selalu berharap yang terbaik untuk Barra,"" lanjutnya. Setelah menyelesaikan musim pertamanya di kelas Mini Rok, Barra diproyeksikan naik ke kelas Junior Rok pada ESHARK Rok Cup Indonesia 2027. Ia juga dijadwalkan mengikuti sejumlah seri Rok Cup Asia di Macau, Malaysia, dan Thailand. Video: Momen Puluhan Remaja Terjaring Razia Balap Liar di Kota Pasuruan Video: Momen Puluhan Remaja Terjaring Razia Balap Liar di Kota Pasuruan (ran/yna) ... Tautan telah disalin gokart barra ghaisan zeinatma balapan"
MotoGP San Marino: Antusiasme Bezzecchi Balapan di 'Rumah Sendiri',https://sport.detik.com/moto-gp/d-8652587/motogp-san-marino-antusiasme-bezzecchi-balapan-di-rumah-sendiri,"Jakarta - Marco Bezzecchi tak sabar menghadapi MotoGP San Marino 2026. Bagi pebalap Aprilia itu, balapan di Sirkuit Misano punya arti khusus karena lokasinya sangat dekat dengan kampung halamannya, Rimini. MotoGP San Marino akan berlangsung di Misano pada 11-13 September. Bezzecchi menyebut seri ini selalu terasa berbeda dibandingkan balapan lainnya. ""Grand Prix kandang selalu memiliki sesuatu yang ajaib dan spesial,"" kata Bezzecchi seperti dilansir Motosan . SCROLL TO CONTINUE WITH CONTENT Misano memang seperti rumah kedua bagi Bezzecchi. Sirkuit tersebut hanya berjarak beberapa kilometer dari Rimini, tempat kelahirannya. Saking dekatnya, Bezzecchi bahkan masih akan tinggal di rumah hingga Kamis sebelum pindah ke motorhome untuk menjalani rangkaian akhir pekan balapan. ADVERTISEMENT ""Misano benar-benar wilayah rumah saya. Saya di rumah sampai Kamis. Jadi, ya, ini luar biasa; selalu menjadi perasaan yang luar biasa, selalu memiliki rasa yang spesial,"" ujarnya. Baca juga: Jadwal MotoGP San Marino 2026: Misi Marc Marquez Kejar Jorge Martin Bezzecchi Datang dengan Modal Bagus Antusiasme Bezzecchi semakin besar setelah dua seri terakhir memberinya hasil positif. Ia berhasil mengumpulkan poin penting untuk tetap berada dalam persaingan gelar MotoGP 2026. ""Beberapa waktu terakhir memang cukup sulit, tetapi dua balapan terakhir berjalan dengan baik. Kami berhasil mendapatkan kembali beberapa poin,"" katanya. Setelah MotoGP Aragon, Bezzecchi berada di posisi ketiga klasemen. Ia tertinggal 24 poin dari Jorge Martin yang memimpin, sementara Marc Marquez berada di posisi kedua dengan selisih 19 poin dari Martin. Karena itu, balapan di Misano bukan sekadar home race bagi Bezzecchi. Pebalap Italia tersebut juga punya kesempatan untuk memangkas jarak dalam perebutan gelar di depan pendukungnya sendiri. ""Anda harus percaya pada diri sendiri, Anda harus berjuang. Kimi melakukannya, dan saya tentu akan berusaha memberikan yang terbaik,"" ujar Bezzecchi. Baca juga: Marc Marquez Makin Dekat, Jorge Martin Akan Lawan! (krs/yna) ... Tautan telah disalin san marino motogp marco bezzecchi sirkuit misano balapan antusiasme pebalap italia klasemen motogp home race gelar juara"
Dokter Perkirakan Kondisi Lengan Marc Marquez: Sekitar 50 Persen,https://sport.detik.com/moto-gp/d-8652425/dokter-perkirakan-kondisi-lengan-marc-marquez-sekitar-50-persen,"Jakarta - Marc Marquez masih harus beradaptasi dengan kondisi lengan kanan yang jauh dari normal. Dokter yang pernah mengoperasinya, Samuel Antuna, mengungkap kekuatan lengan tersebut kini hanya sekitar 50 persen. Antu?Ÿ?ña menjelaskan kondisi itu merupakan dampak dari berbagai cedera dan operasi yang dijalani Marc. Kecelakaan di MotoGP Indonesia tahun lalu menjadi titik balik karena kembali memperburuk kondisi lengan kanannya. ""Sebelum kecelakaan di Indonesia, dia baik-baik saja. Dia bisa balapan, tidak merasakan sakit dan tidak mengeluhkan apa pun. Kecelakaan itu mengubah semuanya,"" kata Antuna kepada El Periodico yang dilansir Motosan . SCROLL TO CONTINUE WITH CONTENT Baca juga: Crutchlow Pilih Ai Ogura Jadi Favorit Setelah Marc Marquez, Ini Alasannya Masalah Marc kemudian semakin rumit karena saraf radial di lengannya sempat tertekan serpihan tulang. Kondisi itu membuatnya kehilangan kendali atas lengan saat berada dalam posisi tertentu di atas motor dan berkontribusi terhadap sejumlah kecelakaan. ADVERTISEMENT Setelah menjalani operasi untuk mengatasi masalah tersebut, kondisinya membaik. Namun, kekuatan lengan kanannya tetap jauh di bawah lengan kiri. ""Dia memiliki latissimus dorsi yang kuat, tetapi secara mekanis terganggu. Hal yang sama berlaku pada teres major. Namun, masalah utamanya adalah dia kehilangan kekuatan pada bisep,"" ujar Antuna. Baca juga: Jadwal MotoGP San Marino 2026: Misi Marc Marquez Kejar Jorge Martin ""Lengan itu sangat terbatas dalam hal kekuatan, terutama pada bisep. Saya memperkirakan kekuatannya sekitar 50 persen dari kapasitasnya,"" lanjutnya. Antuna menegaskan Marc tidak kehilangan otot. Namun, sejumlah otot seperti trisep, latissimus dorsi, teres major, dan pektoralis mayor terdampak berbagai operasi sehingga mengalami perubahan dan sedikit atrofi. Kondisi tersebut membuat lengan kanan Marc tidak memiliki kekuatan yang sama dengan lengan kirinya. Meski begitu, pebalap Ducati itu mampu beradaptasi dengan keterbatasan fisiknya dan tetap kompetitif di MotoGP. (krs/yna) ... Tautan telah disalin marc marquez kondisi lengan kekuatan otot cedera olahraga motogp operasi lengan saraf radial adaptasi fisik kesehatan atlet bisep lemah"
"Mamma Mia, Antonelli",https://sport.detik.com/f1/d-8651642/mamma-mia-antonelli,"Monza - Pebalap Mercedes GP Kimi Antonelli tampil luar biasa untuk memenangi F1 GP Italia 2026 . Tak cuma comeback, Antonelli bikin rekor baru. Pada balapan di Sirkuit Monza, Minggu (6/92/206) malam WIB, Antonelli mendapat penalti sehingga harus start dari grid alias posisi ke-19. Tapi, Antonelli cuma butuh dua lap untuk bisa mendekati posisi 10 besar dan kemudian mengambil alih balapan saat memasuki lap ke-18. Posisi itu dipertahankan Antonelli sampai akhir. SCROLL TO CONTINUE WITH CONTENT Kemenangan yang bikin Antonelli kukuh di puncak klasemen pebalap F1 dengan 267 poin, unggul 56 angka dari rekan setim George Russell di posisi kedua dan 76 angka dari Hamilton di posisi ketiga. Ini merupakan kemenangan ketujuh Antonelli musim ini, paling banyak sepanjang sejarah keikutsertaan pebalap Italia di F1. ADVERTISEMENT Baca juga: Hasil F1 GP Italia 2026: Kimi Antonelli Menang, Mercedes 1-2 Hebatnya Antonelli juga menyudahi puasa panjang pebalap Italia di Monza, setelah terakhir Ludovico Scarfiotti bersama Ferrari tahun 1966. Antonelli juga jadi pebalap termuda yang menang di Monza dalam usia 20 tahun 12 hari, sekaligus orang Italia pertama yang naik podium di balapan itu sejak 2005. ""Luar biasa! Saya senang sekali. Saya tidak pernah membayangkan bisa ada di sini hari ini, tapi kami mewujudkannya. Bak mimpi jadi nyata. Hari luar biasa. Saya tidak bisa melakukan ini tanpa bantuan tim, keluarga, dan semua yang mendukung saya,"" ujar Antonelli seperti dilansir Reuters. ""Masih ada beberapa balapan lagi, kami tidak boleh jemawa. Namun, kami akan menikmati dulu kemenangan hari ini,"" sambungnya. Baca juga: Hasil F1 GP Belanda 2026: Lando Norris Juara Video Manchester City Bersiap Hadapi Porto di Laga Perdana Liga Champions Video Manchester City Bersiap Hadapi Porto di Laga Perdana Liga Champions (mrp/nds) ... Tautan telah disalin kimi antonelli mercedes gp f1 gp italia 2026 f1 gp italia f1 2026 formula 1 2026"
Men's World Tennis Championship: Karan Singh Juara Seri IV,https://sport.detik.com/raket/d-8651603/mens-world-tennis-championship-karan-singh-juara-seri-iv,"Nusa Dua - Selesai sudah Seri IV M-15 Men's World Tennis Championship 2026 . Petenis India Karan Singh berjaya di nomor tunggal putra. Pada pertandingan final di Lapangan A, Bali Beach Country, Nusa Dua, Minggu (6/9/2026), Karan menghadapi perlawanan Isaac Becroft yang merupakan juara seri kedua Agustus lalu. Menyajikan dua karakter permainan yang berbeda, pertarungan keduanya seru dan menarik. Karan dengan gayanya yang tenang melawan kelincahan Isaac asal Selandia Baru. Karan akhirnya bisa menang 7-5 di set pertama. SCROLL TO CONTINUE WITH CONTENT Memasuki set kedua, intensitas pertandingan tetap berlangsung dengan tempo tinggi karena Isaac berupaya membalas kekalahan di set pertama. Karan merespons dengan baik dan terjadi susul-menyusul angka sampai laga harus dituntaskan dengan babak tiebreak karena sama kuat 6-6 Dengan kesabaran serta kelincahan dalam menutup area lapangan dari serangan lawan, Karan memenangi babak ini dengan skor 7-6 tiebreak 3. ADVERTISEMENT Baca juga: Men's World Tennis Championship: Rafalentino/Ethan Gagal Juara Karan senang bukan main bisa meraih gelar Seri IV. Apalagi gelar itu didapat setelah melewati duel 2 jam 5 menit kontra Isaac yang dinilai sebagai lawan yang tangguh. ""Merupakan sebuah kebanggaan dapat menjadi yang terbaik di ajang M-15 Bali. Apalagi lawan (Isaac Becroft) juga bermain sangat luar biasa. Gelar ini semakin menambah motivasi tampil di seri kelima,"" ujar Karan dalam rilis kepada detikSport. Karan berhak atas hadiah uang USD 2.160 serta tambahan 15 poin ATP, sementara Isaac mendapat USD 1.272 serta trofi. Penyerahan hadiah dilakukan Heru Gunawan selaku Area Business Team Leader BNI Kanwil Denpasar, yang didampingi Ketua Pelti periode 2018-2022 Rildo Ananda Anwar. TITF World Tennis Tour M-15 Amman Mineral Men's World Tennis Championship 2026 langsung lanjut ke Seri V, Senin (7/9). Ada 32 petenis di babak kualifikasi yang memperebutkan delapan slot ke babak utama. Baca juga: Men's World Tennis Championship: Ganda Indonesia Tembus Final Video Manchester City Bersiap Hadapi Porto di Laga Perdana Liga Champions Video Manchester City Bersiap Hadapi Porto di Laga Perdana Liga Champions (mrp/nds) ... Tautan telah disalin men's world tennis championship 2026 amman mineral men's world tennis championship 2026 karan singh"
"Jete Run Festival 2026 Selesai, Masuk Rekor MURI",https://sport.detik.com/sportstyle/d-8651462/jete-run-festival-2026-selesai-masuk-rekor-muri,"Surabaya - Jete Run Festival 2026 baru saja selesai digelar akhir pekan ini. Event lari itu juga masuk buku rekor MURI . Ajang lari itu digelar di kawasan Balai Kota Surabaya, Minggu, (6/9/2026). Lebih dari 5.000 pelari ambil bagian dalam dua kategori, yakni 5K dan 10K. Start dibuka langsung oleh Wali Kota Surabaya Eri Cahyadi. Jete Run tahun ini juga tampil dengan format yang lebih luas dan berbeda dari sebelumnya. Bukan hanya mengajak masyarakat berlari, penyelenggara mengemasnya menjadi festival olahraga dan gaya hidup dengan berbagai aktivitas pendukung. SCROLL TO CONTINUE WITH CONTENT Pemilihan Balai Kota Surabaya sebagai pusat Jete Run 2026 memberikan pengalaman berbeda bagi para peserta. Start dan finis berada di jantung kota, sementara rutenya membawa pelari melintasi sejumlah ruas jalan utama Surabaya yang penuh dengan lanskap ikonik Kota Pahlawan. Untuk kategori 5K, peserta memulai perjalanan dari Balai Kota Surabaya sebelum menuju Jalan Pemuda. Rute kemudian berlanjut melewati Jalan Panglima Sudirman, Jalan Basuki Rahmat, Jalan Gubernur Suryo, hingga Jalan Wuni sebelum kembali menuju garis finis di Balai Kota. ADVERTISEMENT Sedangkan untuk kategori 10K membawa pelari menjelajah area pusat kota dengan cakupan lebih luas. Selepas start dari Balai Kota, peserta bergerak menuju Jalan Pemuda, Jalan Panglima Sudirman, dan Jalan Basuki Rahmat. Para pelari kemudian diajak menikmati lanskap lainnya melalui Jalan Embong Malang, kawasan Blauran, Jalan Bubutan, Jalan Pahlawan, hingga Jalan Yos Sudarso sebelum kembali menyelesaikan lomba di kawasan Balai Kota Surabaya. Rute tersebut membuat peserta tidak sekadar menyelesaikan jarak. Mereka sekaligus melintasi sejumlah koridor pusat kota yang menjadi bagian dari wajah Surabaya. Di sepanjang jalur, penyelenggara turut menyediakan titik water station dan layanan medis untuk mendukung kebutuhan peserta selama kegiatan berlangsung. ""Jete Run tahun ini kita mengambil venue yang berbeda dari sebelum-sebelumnya di Citraland. Balai Kota jadi pilihan karena kita ingin menghadirkan nuansa lari dengan konsep lanskap kota modern khas Surabaya yang penuh nilai sejarah. Jadi, sepanjang rute, pelari akan melintasi jalanan dan tempat bersejarah di kota ini,"" ungkap Jhonny Thio Doran selaku CEO dan Founder Jete dalam rilis kepada detikSport. Baca juga: Jete Run 2026 Bidik 10 Ribu Pelari Banyaknya kegiatan yang menyertai penyelenggaraan Jete Run Festival 2026 kemudian menghasilkan catatan tersendiri. MURI memberikan penghargaan kepada Jete untuk kategori ajang lari dengan ragam kegiatan pendukung terbanyak. Jete Run Festival 2026 menghadirkan 21 kegiatan pendukung dalam berbagai kategori, mulai dari olahraga, wellness, kreativitas, hingga kegiatan yang mempertemukan berbagai komunitas. Rekor tersebut menjadi salah satu penanda perkembangan Jete Run dari sebuah kegiatan olahraga menuju festival dengan cakupan yang lebih luas. ""Terima kasih kepada seluruh masyarakat di Indonesia yang telah mendukung dan mempercayakan JETE sebagai pilihan Anda dalam beraktivitas sehari-hari. Mulai dari bekerja, berolahraga, dan menikmati hiburan di era digital. Pencapaian luar biasa ini mustahil tercapai tanpa adanya dukungan dari keluarga, tim, konsumen setia JETE dan masyarakat. Sekali lagi, terima kasih untuk semuanya,"" papar Jhonny. ""Piagam MURI yang didapat memang menjadi pencapaian terbaik di tahun ini. Namun, kita janganlah berada di atas angin dan melupakan kualitas. Ini adalah sebagai pengingat bagi brand untuk terus berinovasi di tengah teknologi yang terus berkembang dan memberikan yang terbaik. Terutama menjadikan Jete sebagai solusi kebutuhan produk aksesoris gadget, smarthome, dan wearable. Begitu juga dengan event olahraga dalam mendukung gaya hidup sehat,"" tutupnya. Baca juga: Jete Run Goes To Bali 2025 Sukses, Diikuti Ribuan Pelari Video Pameran 80 Lukisan Tokoh di Muskitnas hingga Raih Rekor MURI Video Pameran 80 Lukisan Tokoh di Muskitnas hingga Raih Rekor MURI (mrp/bay) ... Tautan telah disalin jete run festival 2026 jete jete run lari muri rekor muri"
Menkomdigi Imbau Warga Waspadai Dampak Erupsi Anak Krakatau,https://sport.detik.com/advertorial-news-block/d-8651455/menkomdigi-imbau-warga-waspadai-dampak-erupsi-anak-krakatau,"Jakarta - Menteri Komunikasi dan Digital (Menkomdigi) Meutya Hafid mengimbau masyarakat untuk tetap tenang dan meningkatkan kewaspadaan menyusul aktivitas erupsi Gunung Anak Krakatau di Selat Sunda. Ia juga meminta masyarakat memantau informasi dari sumber terpercaya. ""Yang paling penting adalah tetap tenang, tetapi jangan mengurangi kewaspadaan. Masyarakat perlu mengikuti arahan dari otoritas terkait dan memastikan informasi yang diterima berasal dari sumber yang dapat dipercaya,"" kata Meutya dalam keterangan tertulis, Minggu (6/9/2026). Seperti diketahui, Gunung Anak Krakatau (GAK) menunjukkan aktivitas vulkanik yang sangat signifikan sejak Jumat (4/9) malam dan kini statusnya berada pada Level III atau Siaga. Abu vulkanik juga telah terdeteksi menyebar ke sejumlah wilayah, termasuk Banten, DKI Jakarta, dan Jawa Barat. SCROLL TO CONTINUE WITH CONTENT Erupsi GAK pun menyebabkan sejumlah penerbangan dibatalkan dan menimbulkan kekhawatiran masyarakat akibat isu potensi tsunami yang akan ditimbulkan. Dentuman dan getaran yang sempat terjadi di sebagian wilayah Jawa Barat akibat aktivitas GAK juga cukup membuat masyarakat khawatir. Terkait hal ini, Meutya meminta masyarakat mengikuti perkembangan aktivitas Gunung Anak Krakatau dan kondisi sebaran abu vulkanik dari sumber-sumber resmi dan terpercaya, terutama melalui kanal resmi pemerintah, antara lain PVMBG, BMKG, BNPB, pemerintah daerah, serta instansi terkait lainnya. ADVERTISEMENT ""Pastikan keakuratan informasi dari pihak-pihak yang memiliki kewenangan terkait kebencanaan gunung berapi demi menghindari misinformasi atau informasi menyesatkan yang dapat menyebabkan keresahan,"" ungkapnya. Lebih lanjut, Meutya mengingatkan masyarakat untuk tidak menyebarkan informasi yang belum terverifikasi kebenarannya terkait kondisi Gunung Anak Krakatau. ""Dalam situasi seperti ini, informasi yang tidak benar dapat menimbulkan kepanikan. Karena itu, saring sebelum sharing. Pastikan informasi yang kita terima berasal dari sumber resmi dan dapat dipertanggungjawabkan,"" tegas Meutya. Meutya pun mendorong masyarakat agar tetap tenang, namun juga meningkatkan kewaspadaan, khususnya bagi warga yang tinggal di dekat GAK dan yang wilayahnya turut terdampak abu vulkanik. ""Tetap waspada, tetap tenang, dan jangan mudah percaya pada informasi yang belum jelas sumbernya dari mana,"" jelasnya. Sementara bagi masyarakat yang berada di wilayah terdampak abu vulkanik, Meutya mengimbau untuk melakukan sejumlah langkah demi menjaga keselamatan dan kesehatan. Pertama, gunakan masker yang tepat apabila harus beraktivitas di luar rumah, seperti masker N95 atau KN95, untuk membantu menyaring partikel abu vulkanik. Kedua, gunakan kacamata pelindung dan hindari penggunaan lensa kontak atau softlens selama kondisi udara masih dipengaruhi abu vulkanik. Ketiga, kurangi aktivitas di ruang terbuka. Apabila tidak ada keperluan mendesak, masyarakat disarankan untuk tetap berada di dalam ruangan dan membatasi paparan abu vulkanik. Keempat, bagi masyarakat yang harus berkendara, kurangi kecepatan dan tingkatkan kewaspadaan. Abu vulkanik dapat mengurangi jarak pandang dan membuat permukaan jalan menjadi licin. Kelima, cuci tangan dan wajah setelah beraktivitas di luar ruangan serta pastikan sumber air bersih terlindungi dari paparan abu. Selain itu, Meutya mengimbau masyarakat, wisatawan, dan nelayan untuk tidak mendekati kawasan Gunung Anak Krakatau atau melakukan aktivitas dalam radius 3 kilometer dari kawah aktif, sesuai rekomendasi PVMBG. ""Keselamatan adalah yang utama. Tidak perlu panik, namun tetap selalu waspada dan menjaga keselamatan serta kesehatan,"" pungka Meutya. (komdigi/sls) Tautan telah disalin komdigi"
"Hasil F1 GP Italia 2026: Kimi Antonelli Menang, Mercedes 1-2",https://sport.detik.com/f1/d-8651436/hasil-f1-gp-italia-2026-kimi-antonelli-menang-mercedes-1-2,"Monza - Pebalap Mercedes GP Kimi Antonelli berhasil merebut kemenangan di F1 GP Italia 2026 . Semakin lengkap karena rekan setimnya George Russell finis kedua. Pada balapan yang dihelat di Sirkuit Monza, Minggu (6/9/2026) malam WIB, Antonelli sejatinya tidak punya posisi start yang bagus, yakni dari urutan ketujuh. Apalagi dia mendapat penalti sehingga harus turun jauh ke urutan ke-19 alias start dari grid. SCROLL TO CONTINUE WITH CONTENT Pierre Gasly secara mengejutkan melajukan Alpine miliknya ke posisi pole, disusul Russell di posisi kedua, dan driver McLaren Oscar Piastri di posisi ketiga. Duo pebalap tuan rumah, Charles Leclerc dan Lewis Hamilton, di posisi keempat serta kelima. Bendera merah sudah muncul di lap kedua saat Leclerc harus out dari balapan karena menabrak dinding. ADVERTISEMENT Leclerc kehilangan kendali mobilnya tak lama setelah menyalip Piastri untuk naik ke posisi keempat. Russell saat itu masih memimpin balapan disusul Gasly dan Max Verstappen. Antonelli sudah naik tujuh strip ke urutan ke-12 saat insiden terjadi. Setelah itu Antonelli pelan tapi pasti mampu memperbaiki posisinya. Baca juga: Hasil F1 GP Belanda 2026: Lando Norris Juara Masuknya virtual safety car membuat Antonelli bisa mendekati Russell di sepertiga balapan. Salip-menyalip terjadi antara keduanya di lap ke-22, sebelum Antonelli mengunci posisi terdepan. Russell tidak mampu mengejar Antonelli sampai 53 lap berlalu, sehingga rekan setimnya itu muncul sebagai pemenang. Russell harus puas di posisi kedua disusul Verstappen. McLaren menempatkan dua pebalapnya di lima besar, Lando Norris di urutan keempat dan Piastri di urutan kelima. Hamilton menjaga nama baik Ferrari dengan finis keenam. Melengkapi 10 besar adalah Gasly, Arvid Lindblad, Franco Colapinto, dan Yuki Tsunoda. Antonelli makin kukuh di puncak klasemen F1 dengan 267 poin, unggul 56 angka dari Russell di posisi kedua dan 76 angka dari Hamilton di posisi ketiga. Hasil F1 GP Italia 2026 Pos Pebalap Tim Lap 1 Kimi Antonelli Mercedes AMG Petronas F1 Team 53 2 George Russell Mercedes AMG Petronas F1 Team +3.8s 3 Max Verstappen Oracle Red Bull Racing +14.7s 4 Lando Norris McLaren Mastercard F1 Team +19.0s 5 Oscar Piastri McLaren Mastercard F1 Team +19.2s 6 Lewis Hamilton Scuderia Ferrari HP +24.6s 7 Pierre Gasly BWT Alpine F1 Team +27.3s 8 Arvid Lindblad Visa Cash App Racing Bulls F1 Team +45.1s 9 Franco Colapinto BWT Alpine F1 Team +47.3s 10 Yuki Tsunoda Visa Cash App Racing Bulls F1 Team +58.1s 11 Gabriel Bortoleto Audi Revolut F1 Team +65.1s 12 Nico Hulkenberg Audi Revolut F1 Team +66.1s 13 Carlos Sainz Atlassian Williams F1 Team +74.1s 14 Liam Lawson Oracle Red Bull Racing +75.6s 15 Oliver Bearman TGR Haas F1 Team +78.9s 16 Esteban Ocon TGR Haas F1 Team +1 Lap 17 Alex Albon Atlassian Williams F1 Team +1 Lap 18 Sergio Perez Cadillac F1 Team +1 Lap 19 Valtteri Bottas Cadillac F1 Team +2 Laps DNF Lance Stroll Aston Martin Aramco F1 Team DNF DNF Fernando Alonso Aston Martin Aramco F1 Team DNF DNF Charles Leclerc Scuderia Ferrari HP DNF Baca juga: Kualifikasi F1 GP Belanda 2026: Norris Rebut Pole Position Video Manchester City Bersiap Hadapi Porto di Laga Perdana Liga Champions Video Manchester City Bersiap Hadapi Porto di Laga Perdana Liga Champions (mrp/bay) ... Tautan telah disalin george russell kimi antonelli f1 gp italia 2026 f1 gp italia mercedes gp f1 2026 formula 1 2026"
"WEC 2026: Sean Gelael Balapan di Austin Dini Hari, Start P7",https://sport.detik.com/sport-lain/d-8651374/wec-2026-sean-gelael-balapan-di-austin-dini-hari-start-p7,"Austin - Sean Gelael dan Team WRT 32 akan coba meraih podium di Lone Star Le Mans dini hari nanti. Mereka start ketujuh. Keras keras mencapai posisi start itu didapat dari kualifikasi kelas LMGT3 di COTA, Minggu (6/9) dini hari WIB kemarin. Darren Leung sebagai pebalap bronze memulai di qualifying dengan baik untuk menuntaskan di posisi ke-8. Alhasil, Sean sebagai pebalap silver berhak tampil di Hyperpole. Dia tancap gas untuk membukukan waktu 2 menit 05,0888 detik untuk mencapai posisi ketujuh. SCROLL TO CONTINUE WITH CONTENT Ini merupakan pencapaian terbaik dari mobil BMW di seluruh kelas. Menurunkan empat mobil, masing-masing dua di Hypercar dan LMGT3, cuma bisa start di luar 10 besar. Sama halnya dengan mobil 69 di kelas LMGT3 yang start dari posisi ke-16. ADVERTISEMENT Baca juga: WEC 2026: WRT 32 Meraba COTA dari Hasil Free Practice ""Hasil yang bagus, Darren dan Sean bekerja sangat baik. Kami siap untuk lomba besok,"" ujar Augusto Farfus dalam rilis kepada detikSport. ""Austin selalu jadi tempat yang baik bagi saya, semoga besok juga begitu. Bismillah,"" timpal Sean. Race 6 Hours of COTA atau kini disebut Lone Star Le Mans itu disiarkan langsung di kanal youtube KUY Entertainment, Senin (7/9) mulai pukul 01.00 dini hari WIB. Baca juga: WEC 2026: Paruh Kedua Musim Dimulai, Team WRT 32 Lebih Pede Video Sean Gelael soal Olahraga Balap Dianggap Mahal: Semua Itu Relatif! Video Sean Gelael soal Olahraga Balap Dianggap Mahal: Semua Itu Relatif! (mrp/bay) ... Tautan telah disalin 6 hours of austin lone star le mans sean gelael team wrt 32 team wrt fia wec 2026 wec 2026"
KTM Suka Antusiasme Luca Marini,https://sport.detik.com/moto-gp/d-8651046/ktm-suka-antusiasme-luca-marini,"Jakarta - KTM punya sejumlah alasan merekrut Luca Marini ke Tech3 untuk MotoGP 2027. Pebalap Italia itu dinilai bukan cuma membawa pengalaman, tetapi juga bisa membantu KTM mengembangkan motor di era baru. Marini akan meninggalkan Honda HRC setelah tiga musim dan bergabung dengan Tech3 mulai 2027. Kepindahan tersebut sudah resmi diumumkan pada Agustus lalu. Ia akan menjadi salah satu bagian dari proyek baru Tech3 bersama KTM. Direktur motorsport KTM, Pit Beirer, mengungkapkan bahwa ketertarikan Marini terhadap proyek KTM menjadi salah satu faktor penting dalam keputusan tersebut. SCROLL TO CONTINUE WITH CONTENT ""Kami sangat senang dia bergabung dengan kami. Luca menunjukkan ketertarikannya sejak awal, dan menurut saya penting memiliki seseorang yang benar-benar ingin datang ke sini,"" kata Beirer seperti dilansir Crash.net . Baca juga: Luca Marini Gabung ke Tim Satelit KTM di MotoGP 2027 ADVERTISEMENT Bagi KTM, antusiasme itu bukan satu-satunya pertimbangan. Marini juga dianggap punya kemampuan yang dibutuhkan untuk membantu pengembangan motor. ""Ketika berbicara dengan orang-orang di sekitarnya, jelas bahwa dia juga merupakan sosok yang hebat untuk membantu membuat motor menjadi lebih baik,"" ujar Beirer. KTM Ingin Marini Bantu Kembangkan Motor MotoGP akan memasuki era baru pada 2027. Kapasitas mesin akan turun dari 1.000 cc menjadi 850 cc, disertai perubahan besar pada regulasi teknis dan penggunaan ban Pirelli. KTM sendiri sudah mempersiapkan proyek tersebut. Mereka telah menguji mesin yang dirancang untuk era regulasi baru dan memastikan Tech3 tetap menjadi bagian dari proyek KTM mulai 2027. Dalam situasi seperti itu, pengalaman pebalap menjadi sangat penting. Beirer mengatakan KTM memang sengaja mencari kombinasi pebalap berpengalaman dan pebalap muda untuk Tech3. Baca juga: 4 Rider Ini Masih Tunggu Kemenangan Perdana MotoGP ""Kami berkomitmen sejak awal: kami ingin pebalap muda dan kami ingin pebalap berpengalaman. Kami tidak ingin memiliki dua pebalap muda karena ini bukan tim rookie. Ini adalah tim MotoGP yang kuat dan sekelas tim utama."" Karena itu, KTM menilai kombinasi Marini dengan pebalap muda nantinya bisa menjadi formula yang ideal. Keputusan merekrut Marini juga mendapat respons positif dari para pebalap yang akan memperkuat KTM pada 2027. Beirer menyebut para pebalap baru KTM mengetahui kemampuan Marini dalam membantu pengembangan motor. ""Mereka sangat senang karena tahu apa yang bisa dilakukan Luca dan bagaimana dia bisa membantu mengembangkan motor,"" ujarnya. (krs/yna) ... Tautan telah disalin luca marini ktm motogp 2027 tech3 pengembangan motor pebalap italia antusiasme regulasi motogp pengalaman pebalap kombinasi pebalap muda dan berpengalaman"
Jadwal MotoGP San Marino 2026: Misi Marc Marquez Kejar Jorge Martin,https://sport.detik.com/moto-gp/d-8650852/jadwal-motogp-san-marino-2026-misi-marc-marquez-kejar-jorge-martin,"Jakarta - MotoGP 2026 akan berlanjut ke San Marino. Seri ke-14 musim ini akan digelar di Misano World Circuit Marco Simoncelli pada 11-13 September 2026. Jorge Martin untuk sementara masih memimpin klasemen MotoGP 2026. Tapi keunggulannya mulai tergerus setelah Marc Marquez tampil sempurna di Aragon. Marc berhasil memenangi Sprint dan balapan utama di Aragon. Sementara Martin hanya finis kelima di kedua sesi tersebut. SCROLL TO CONTINUE WITH CONTENT Hasil itu membuat Marc memangkas jarak dengan Martin menjadi 19 poin. Martin kini mengoleksi 256 poin, sedangkan Marc mengumpulkan 237 poin. Marco Bezzecchi berada di posisi ketiga dengan 232 poin. Balapan Aragon sendiri dimenangi Marc setelah tampil dominan. Ia meraih 25 poin dari balapan utama, sementara Martin hanya mendapat 11 poin. Data resmi MotoGP mencatat Marc finis pertama, Pedro Acosta kedua, Bezzecchi ketiga, dan Martin kelima. ADVERTISEMENT Dengan sembilan seri tersisa, persaingan perebutan gelar pun semakin terbuka. Marc Marquez kini hanya berjarak kurang dari satu kemenangan penuh dari Jorge Martin. Kini selisih keduanya hanya 19 poin. Bezzecchi juga belum bisa dicoret. Pebalap Aprilia itu hanya terpaut lima poin dari Marc dan 24 poin dari Martin. Artinya, tiga pebalap teratas masih berada dalam persaingan yang sangat ketat menuju paruh akhir musim. Baca juga: Duel 300 Km/Jam Marc Marquez Vs Bezzecchi di Aragon: Motor seperti Nempel Klasemen MotoGP 2026 Berikut klasemen sementara MotoGP 2026 setelah seri Aragon: Pos Pebalap Tim Poin 1 Jorge Martin Aprilia Racing 256 2 Marc Marquez Ducati Lenovo Team 237 3 Marco Bezzecchi Aprilia Racing 232 4 Fabio Di Giannantonio VR46 Ducati 208 5 Ai Ogura Trackhouse Aprilia 203 6 Pedro Acosta KTM 189 7 Raul Fernandez Trackhouse Aprilia 186 8 Francesco Bagnaia Ducati Lenovo Team 143 9 Alex Marquez Gresini Ducati 128 10 Fermin Aldeguer Gresini Ducati 90 MotoGP San Marino Digelar di Misano Seri San Marino berlangsung di Misano World Circuit Marco Simoncelli. Sirkuit tersebut memiliki panjang 4,23 kilometer, dengan 16 tikungan yang terdiri dari 10 tikungan kanan dan enam tikungan kiri. Balapan MotoGP dijadwalkan berlangsung selama 27 lap dengan total jarak 114,1 kilometer. Rangkaian akhir pekan dimulai pada Jumat (11/9), dilanjutkan kualifikasi dan Sprint pada Sabtu (12/9), kemudian balapan utama pada Minggu (13/9). Nah, berikut jadwal lengkapnya dalam Waktu Indonesia Barat (WIB) berdasarkan jadwal resmi MotoGP. MotoGP San Marino merupakan seri ke-14 dari kalender 2026 dan akan berlangsung di Misano pada 11-13 September. Baca juga: Marc Marquez Makin Dekat, Jorge Martin Akan Lawan! Jadwal MotoGP San Marino 2026 Jumat, 11 September 2026 Waktu WIB Kelas Sesi 14.00-14.35 Moto3 Free Practice 1 14.50-15.30 Moto2 Free Practice 1 15.45-16.30 MotoGP Free Practice 1 18.15-18.50 Moto3 Practice 19.05-19.45 Moto2 Practice 20.00-21.00 MotoGP Practice Sabtu, 12 September 2026 Waktu WIB Kelas Sesi 13.40-14.10 Moto3 Free Practice 2 14.25-14.55 Moto2 Free Practice 2 15.10-15.40 MotoGP Free Practice 2 15.50-16.05 MotoGP Qualifying 1 16.15-16.30 MotoGP Qualifying 2 17.45-18.00 Moto3 Qualifying 1 18.10-18.25 Moto3 Qualifying 2 18.40-18.55 Moto2 Qualifying 1 19.05-19.20 Moto2 Qualifying 2 20.00 WIB MotoGP Sprint, 13 lap Minggu, 13 September 2026 Waktu WIB Kelas Sesi 14.40-14.50 MotoGP Warm Up 16.00 WIB Moto3 Race, 20 lap 17.15 WIB Moto2 Race, 22 lap 19.00 WIB MotoGP Grand Prix, 27 lap (krs/ran) ... Tautan telah disalin hasil balapan aragon jadwal motogp san marino balapan motogp persaingan motogp klasemen motogp sirkuit misano motogp 2026 misano world circuit jorge martin marc marquez"
"Crutchlow Pilih Ai Ogura Jadi Favorit Setelah Marc Marquez, Ini Alasannya",https://sport.detik.com/moto-gp/d-8650870/crutchlow-pilih-ai-ogura-jadi-favorit-setelah-marc-marquez-ini-alasannya,"Jakarta - Cal Crutchlow membuat prediksi menarik soal kandidat juara MotoGP 2026. Setelah Marc Marquez, ia menyebut nama Ai Ogura. Crutchlow masih menilai Marc sebagai pebalap terbaik di grid saat ini. Tapi ketika diminta memilih favorit berikutnya, Ogura menjadi pilihannya. ""Kalau Anda bertanya kepada saya siapa pun selain Marc, saya akan memilih Ai Ogura,"" kata Crutchlow seperti dilansir Motosan . SCROLL TO CONTINUE WITH CONTENT Ogura memang sempat tampil luar biasa sebelum mengalami cedera. Pebalap Trackhouse Aprilia itu meraih lima podium dalam enam seri, termasuk kemenangan di MotoGP Belanda. Namun, Ogura kemudian mengalami cedera tangan saat latihan di Jepang sehingga harus absen di Aragon. Dampaknya cukup besar terhadap klasemen. Setelah seri Aragon, dia turun ke posisi kelima dengan 203 poin. ADVERTISEMENT Baca juga: Marc Marquez Diprediksi Jadi Rival Utama Jorge Martin, Ogura Kuda Hitam Crutchlow Suka Cara Ogura Balapan Crutchlow punya alasan teknis di balik pilihannya. Dia melihat karakter Ogura mirip dengan Dani Pedrosa, terutama dari aspek bobot tubuh. Ogura dengan berat sekitar 60 kg merupakan salah satu pebalap paling ringan di grid MotoGP. Menurut Crutchlow, kondisi tersebut membuat Ogura memiliki keunggulan dalam pengelolaan ban. ""Saya menyukainya, cara dia mengendarai motor. Satu-satunya kekurangannya adalah dia membutuhkan waktu lebih lama untuk mulai cepat dalam balapan,"" ujar Crutchlow. ""Dan saya tahu kenapa. Ini sangat mirip dengan Dani Pedrosa, yaitu soal bobot tubuhnya."" Ogura memang cenderung tidak langsung memaksimalkan ban pada awal balapan. Konsekuensinya, dia membutuhkan waktu untuk mendapatkan kecepatan terbaik. Tapi kondisi tersebut justru bisa menjadi keuntungan menjelang akhir balapan. ""[Ai] tidak mengaktifkan ban seperti pebalap lain pada tahap awal. Kemudian di akhir balapan, dia sangat menghemat ban sehingga masih punya banyak cadangan dibandingkan yang lain. Pada balapan yang lebih panas, dia jauh lebih baik karena bisa langsung memacu,"" kata Crutchlow. Selain itu Crutchlow juga memuji Jorge Martin, yang memuncaki klasemen MotoGP 2026 untuk sementara. Crutchlow melihat konsistensi sebagai faktor penting dalam perebutan gelar musim ini dan belakangan ini Martin disebutnya sebagai rider yang relatif konsisten. ""Jorge Martin sepertinya menjadi satu-satunya pebalap yang cukup konsisten saat ini. Dia tidak selalu menang, tetapi dia selalu ada ketika dibutuhkan,"" kata Crutchlow. Baca juga: Francesco Bagnaia di Titik Terendah (krs/yna) ... Tautan telah disalin ai ogura balapan jorge martin pebalap marc marquez cal crutchlow motogp cedera pengelolaan ban prediksi juara"
WEC 2026: WRT 32 Meraba COTA dari Hasil Free Practice,https://sport.detik.com/sport-lain/d-8650342/wec-2026-wrt-32-meraba-cota-dari-hasil-free-practice,"Austin - Team WRT 32 sudah menuntaskan sesi latihan bebas jelang balapan 6 Hours of COTA . Mereka menggunakan itu untuk meraba persaingan di atas lintasan. Circuit of The Americas (COTA) di Austin, AS, bakal menyajikan balapan sengit untuk dua kelas FIA World Endurance Championship (WEC) 2026 , Hypercar dan LMGT3. Hal itu terbaca dari dua sesi latihan sepanjang Jumat (4/9). Pada FP1, Ferrari dominan di kelas Hypercar dengan menyelesaikan sesi di P1 dan P2. Namun Aston Martin gantian menjadi yang tercepat pada FP2. SCROLL TO CONTINUE WITH CONTENT i kelas LMGT3, McLaren finis P1 dan P3 pada sesi awal dengan Mercedes ada di antara keduanya. Aston Martin melengkapi keperkasaan di FP2, karena bukan hanya di kelas Hypercar mereka jadi yang tercepat namun juga di kelas LMGT3. Heart of Racing Team #27 terpatri di P1, diikuti dua mobil Mercedes dan dua mobil McLaren. ADVERTISEMENT Dari hasil tersebut, tim pengguna Aston Martin, McLaren, dan Mercedes tampak siap untuk bersaing menjadi pemenang di Lone Star Le Mans atau 6 Hours of COTA. Mobil-mobil Amerika sendiri tampak belum memperlihatkan taji, ketika Corvette dan Ford belum berhasil menembus lima besar. Mengingt Corvette memimpin klasemen LMGT3, maka hasil di COTA bisa membuat perburuan gelar juara semakin sengit hingga akhir musim. Baca juga: WEC 2026: Paruh Kedua Musim Dimulai, Team WRT 32 Lebih Pede Team WRT sendiri memilih jalur berbeda dalam menatap lomba. WRT 32 bersama Sean, Darren, dan Augusto Farfus berada di P17 dan P16 pada FP1 dan FP2. Hal serupa juga terjadi untuk mobil WRT 69 yang finis di posisi kembar, P15, untuk dua FP. Walau tak terlalu signifikan, top speed juga bisa membantu mengingat COTA punya dua tempat ideal untuk menyusul, Tikungan 1 dan 12. Bila top speed bagus dan kesempatan terbuka, menyusul di dua tempat itu bisa menaikkan moral. Saat FP2, top speed BMW mampu bersaing dengan Aston Martin sebagai pemilik kecepatan maksimal sepanjang Jumat. Aston Martin menyentuh 256,5 km/jam, sementara BMW 255,3 km/jam. Hari Sabtu tergolong pendek untuk latihan, karena berdurasi satu jam. WRT 32 bersama Sean akan mencoba bersaing di Top 10 Qualifying sehingga lolos ke Hyperpole. Race 6 Hours of COTA disiarkan langsung di kanal youtube KUY Entertainment, Senin (7/9) mulai pukul 01.00 WIB. Baca juga: Ketika Sean Gelael Berbagi Pengalaman Balapan Video Sean Gelael soal Olahraga Balap Dianggap Mahal: Semua Itu Relatif! Video Sean Gelael soal Olahraga Balap Dianggap Mahal: Semua Itu Relatif! (mrp/bay) ... Tautan telah disalin sean gelael team wrt 32 team wrt 6 hours of cota fia wec 2026 wec 2026 world endurance championship"
Men's World Tennis Championship: Rafalentino/Ethan Gagal Juara,https://sport.detik.com/raket/d-8650339/mens-world-tennis-championship-rafalentino-ethan-gagal-juara,"Jakarta - Pupus sudah harapan Indonesia berjaya di Men's World Tennis Championship 2026 . Ini setelah Rafalentino Ali Da Costa/Ethan David Zapp kalah di final. Pada pertandingan puncak ganda putra Seri IV ITF World Tennis Tour M-1 di Lapangan A, Bali Beach Country, Nusa Dua, Sabtu (5/9/2026), Rafalentino/Ethan harus mengakui ketangguhan Alexander Chang/Pablo Perez Ramos. Di set pertama, Rafalentino/Ethan mengalami kesulitan mengimbangi permainan Alexander/Pablo. Petenis Amerika Serikat/Spanyol itu langsung menyerang lewat servis voli sebelum menang 6-3. SCROLL TO CONTINUE WITH CONTENT Memasuki set kedua, ganda tuan rumah yang sempat menyingkirkan unggulan pertma Isaac Becroft/Reece Falck bisa bangkit untu memberikan perlawanan hingga game ke-10 untuk membuat skor sama kuat 5-5. Namun, keunggulan pengalaman dari Alexander/Pablo dalam hal mematahkan servis lawan membuat mereka menang 7-5 dalam tempo 1 jam 11 menit untuk keluar sebagai juara. ADVERTISEMENT Meski menang, Pablo memuji permainan dari Rafalentino dan Ethan yang nyaris membuatnya kesulitan diset kedua. ""Kami bersyukur bisa menang karena lawan (Rafalentino dan Ethan) tampil luar biasa sehingga menyulitkan kami,"" ujar Pablo dalam rilis kepada detikSport. Sementara Alexander Kekompakkan dan komunikasi yang baik dengan partnernya membuahkan hasil gelar juara untuk yang kedua kali pada ajang M-15. Pada seri pertama, dia bersama Tanapat Nirundorn jadi juara di sektor yang sama. Baca juga: Men's World Tennis Championship: Ganda Indonesia Tembus Final Rafalentino/Ethan memang gagal juara, tapi pencapaian mereka diapresiasi Ketua Umum PP. Pelti periode 2018-2022 Rildo Ananda Anwar. ""Hadirnya talenta-talenta petenis muda merah putih seperti Rafalentino Ali Da Costa dan Ethan David Zapp di sektor putra serta Janice Tjen merupakan sebuah karunia sekaligus tantangan tersendiri dalam pembinaan tenis di Indonesia, agar prestasi mereka terus meningkat lewat jalur kompetisi, serta berjalannya proses regenerasi dengan baik,"" ujar Rildo. Sebagai runner-up, Rafalentino/Ethan mendapat hadiah 540 dolar AS serta trofi. Sedangkan Alexander/Pablo sebagai juara berhak atas 930 dolar AS serta tambahan 15 poin ATP. Sementara itu pada sektor tunggal putra yang hari ini mempertandingkan babak semifinal, petenis asal India Karan Singh berhasil mempertahankan performa impresifnya dengan memastikan diri melangkah ke partai puncak. Singh mengalahkan wakil Jepang Ryotaro Taguchi dua set langsung 6-3 dan 6-3. Karang akan bertemu Isaac Becroft dari Australia yang mengalahkan Leo Borg dalam waktu 1 jam 59 menit dengan skor 2-6, 6-4 dan 6-2. Baca juga: Men's World Tennis Championship: Nathan Barki ke Perempatfinal Video Manchester City Bersiap Hadapi Porto di Laga Perdana Liga Champions Video Manchester City Bersiap Hadapi Porto di Laga Perdana Liga Champions (mrp/bay) ... Tautan telah disalin men's world tennis championship 2026 amman mineral men's world tennis championship 2026 ethan david zapp rafalentino ali da costa"
Minala Cup Padel Diikuti Lebih dari 300 Peserta,https://sport.detik.com/sportstyle/d-8650215/minala-cup-padel-diikuti-lebih-dari-300-peserta,"Jakarta - Padel semakin semarak dengan hadirnya beragam turnamen. Ada Minala Cup Padel Tournament yang menyuguhkan hal menarik. Ajang ini digelar di PIPC Arteri, Kebayoran Lama, Jakarta Selatan, pada tanggal 5 dan 6 September 2026. Minala Cup Padel Tournament diikuti lebih dari 300 peserta. Tak sekadar menghadirkan persaingan di lapangan, turnamen tersebut juga menawarkan hadiah menarik dengan total uang tunai mencapai Rp 103,5 juta. Selain itu, panitia menyiapkan 400 koper serta doorprize berupa kesempatan menjalankan ibadah umrah ke Arab Saudi. SCROLL TO CONTINUE WITH CONTENT CEO Minala Tour & Travel, Muhammad Castallani, mengatakan pihaknya ingin memadukan olahraga, gaya hidup sehat, serta perjalanan spiritual. Minala Tour and Travel adalah perusahaan yang bergerak di layanan Umrah dan Haji. ""Kami berusaha ikut mendorong perkembangan olahraga padel di Indonesia yang saat ini sedang hype. Kami juga ingin menciptakan gaya hidup sehat di kalangan masyarakat luas, masyarakat Muslim juga tentunya,"" ujar Muhammad Castallani dalam konferensi pers di PIPC Arteri, Sabtu (5/9/2026). ADVERTISEMENT Baca juga: Misi Besar PBPI Menuju Olimpiade 2032 ""Melalui turnamen ini, kami ingin menghadirkan kompetisi yang kompetitif dan menghibur, sehingga para pemain bisa mendapatkan pengalaman bertanding yang seru, sementara penonton juga bisa menikmati atmosfer pertandingan yang positif,"" sambungnya. Ada lima kategori dalam Minala Cup Padel Tournament, yakni Women Lower Bronze, Mixed Lower Bronze, Mixed Bronze, Mens Lower Bronze dan Mens Bronze. Proses kurasi peserta dilakukan sesuai dengan prosedur kompetisi, dengan skema kerja sama dengan Gen 2 Padel, salah satu komunitas padel yang sudah berdiri beberapa tahun. ""Kami akan memberikan total hadiah cash Rp103,5 juta. Kemudian ada hadiah 400 koper. Ini juga menarik karena kami menjadi turnamen padel pertama di Indonesia yang memberikan hadiah 400 koper,"" kata Muhammad Castallani. CEO Shiratha, Aan Yugiastomo, selaku sponsor utama Minala Cup, berharap kolaborasi ini bisa memberikan hal baik untuk masyarakat. Adapun keinginan berkontribusi memajukan padel di Indonesia. ""Saya sangat yakin kolaborasi ini bisa membawa dampak positif untuk kami, para peserta, dan masyarakat luas. Saya berharap turnamen ini berlangsung lancar untuk 2 hari ini. Peserta happy semua, panitia dan rekan-rekan media juga senang dengan jalannya event ini. Dan tentunya semoga bisa membawa dampak besar bagi dunia olahraga padel yang sedang hype di Indonesia,"" Video Tukang Sampah Meruya Curhat Kerja Terganggu gegara Lapangan Padel Ini Video Tukang Sampah Meruya Curhat Kerja Terganggu gegara Lapangan Padel Ini (ran/bay) ... Tautan telah disalin padel turnamen padel"
"WRT 32 di Lone Star Le Mans: Startnya Sudah Bagus, tapi...",https://sport.detik.com/sport-lain/d-8653123/wrt-32-di-lone-star-le-mans-startnya-sudah-bagus-tapi,"Austin - Pupus sudah harapan Sean Gelael dan rekan-rekannya di Team WRT 32 meraih podium Lone Star Le Mans 2026 . Kendala teknis bikin mereka gagal dapat poin. Setelah meraih posisi start ketujuh di kualifikasi kelas LMGT3, Sean dkk.dalam kepercayaan diri tinggi menghadapi balapan di COTA, Senin (7/9) dini hari WIB. Bahkan posisi mereka naik satu strip karena penalti AF Cose 21. Pada balapan yang berlangsung di trek basah, Darren Leung sebagai starting driver langsung melesat ke posisi keenam dari urutan keempat saat start. SCROLL TO CONTINUE WITH CONTENT Leung bahkan sempat naik ke P2, walau persaingan ketat membuat pebalap Inggris ini lalu tertahan di P4. Setelah itu tiba-tiba Leung mundur teratur, dari P4 ke P6, P7, hingga mesti masuk pit karena problem teknis terdeteksi. Ternyata as-roda mobil BMW M4 GT3 yang dikendarainya bermasalah sehingga mesti diganti. ADVERTISEMENT Penggantian membutuhkan waktu cukup lama, 25 menit, sebelum Sean mengambil alih balapan dari Leung. Akan tetapi Sean tidak bisa berbuat banyak karena Team WRT 32 sudah tertinggal 10 lap dari mobil terdepan kelas LMGT3. Baca juga: WEC 2026: Sean Gelael Balapan di Austin Dini Hari, Start P7 Walau begitu, guna menuntaskan perjuangan, Sean, Leung, dan Augusto Farfus tetap berlaga hingga finis di P16. Bukan hasil yang diharapkan memang, tapi mereka sudah memberikan segalanya. ""Bukan hasil yang kami inginkan. Tapi, ya, balapan memang terkadang seperti ini,"" ujar Sean dalam rilis kepada detikSport. Balapan Lone Start Le Mans atau 6 Hours of COTA penuh drama sejak awal. Safety Car (SC) dan Full Course Yellow (FCY) berulangkali mesti diberlakukan untuk menetralisir lomba. Kelas LMGT3 jadi milik tim Heart of Racing Team #27. Sementara itu Ferrari akhirnya pecah telur di kelas Hypercar tahun ini lewat mobil nomor 50. Putaran kelima FIA WEC 2026 digelar di Sirkuit Fuji, Jepang, 27 September. Baca juga: WEC 2026: WRT 32 Meraba COTA dari Hasil Free Practice Video Sean Gelael soal Olahraga Balap Dianggap Mahal: Semua Itu Relatif! Video Sean Gelael soal Olahraga Balap Dianggap Mahal: Semua Itu Relatif! (mrp/rin) ... Tautan telah disalin sean gelael team wrt 32 team wrt lone star le mans fia wec 2026 world endurance championship"
"Setelah 9 Tahun Gelar Basket, Kini LJK 2026 Rambah Padel",https://sport.detik.com/sportstyle/d-8653121/setelah-9-tahun-gelar-basket-kini-ljk-2026-rambah-padel,"Jakarta - Liga Jasa Keuangan (LJK) yang lebih dikenal dengan kompetisi basket kini mulai merambah ke padel . LJK untuk pertama kalinya menggelar padel mulai tahun ini. Sebanyak 20 tim dari 20 institusi keuangan mengikuti rangkaian kompetisi yang dibuka oleh Wakil Ketua Dewan Komisioner Otoritas Jasa Keuangan (OJK) Hernawan Bekti Sasongko di Milo's Padel Kemang, Jakarta, Minggu (6/9/2026). Opening ceremony menghadirkan parade tim, pertandingan eksibisi level eksekutif, serta pertandingan awal fase grup. Kegiatan turut dihadiri Deputi Gubernur Bank Indonesia Solikin M. Juhro dan jajaran pimpinan dari berbagai institusi peserta. SCROLL TO CONTINUE WITH CONTENT Baca juga: Minala Cup Padel Diikuti Lebih dari 300 Peserta Peserta datang dari tiga kelompok utama; Sektor perbankan diwakili 13 institusi, sektor asuransi dan keuangan nonbank, dan kelompok regulator serta lembaga terkait. Setiap institusi menurunkan satu tim yang terdiri atas lima pemain putra dan lima pemain putri, serta didampingi maksimal tiga ofisial, dengan total sebanyak 200 pemain tercatat mengikuti turnamen. ADVERTISEMENT ""Masuknya padel sebagai cabang baru menunjukkan bahwa Liga Jasa Keuangan terus berkembang mengikuti minat insan jasa keuangan. Namun, yang paling penting bukan sekadar cabang olahraganya, melainkan semangat yang dibawa: berani bertanding, menjunjung sportivitas, dan membangun kekompakan,"" kata Ketua Pengurus LJK Insan Hasani. Dalam setiap pertemuan beregu, tim bertanding pada tiga kategori: Men's Doubles, Women's Doubles, dan Mixed Doubles. Kompetisi dimulai dari fase kualifikasi dan grup, kemudian berlanjut ke perempat final, semifinal, perebutan tempat ketiga, dan final. Format berjenjang tersebut membuat setiap hasil pada fase grup menentukan langkah tim menuju babak gugur. Penyelenggaraan juga didukung perangkat pertandingan profesional, pengaturan level pemain, sistem skor, dan publikasi kegiatan. Baca juga: Atlet Dunia Ramaikan Premiere Padel Indonesia ""Kami merancang kompetisi ini dalam format beregu agar setiap tim tampil sebagai satu kesatuan sehingga strategi, kedalaman skuad, dan konsistensi menjadi penentu. Harapannya, turnamen ini berlangsung kompetitif, fair, dan memberikan pengalaman pertandingan yang baik dan dapat dinikmati bagi seluruh peserta,"" ujar Ketua Pelaksana LJK Padel Greatman Rajab. LJK pertama kali diselenggarakan pada 2017 sebagai wadah olahraga bagi regulator, pelaku industri, dan pemangku kepentingan sektor jasa keuangan. Memasuki penyelenggaraan ke delapan pada 2026, penambahan padel memperluas cabang yang dipertandingkan sekaligus merespons minat komunitas terhadap olahraga tersebut. Mengusung tema ""Play Bold, Build Bonds"", LJK Padel 2026 memadukan persaingan yang sehat dengan sportivitas dan kekompakan tim. Penutupan pada 27 September 2026 akan menjadi momentum penyerahan penghargaan sekaligus apresiasi kepada seluruh tim yang mengikuti penyelenggaraan perdana cabang padel. Lebih dari sekadar kompetisi, LJK Padel 2026 diharapkan menjadi medium yang efektif untuk memperkuat konektivitas dan kolaborasi antarinsan industri jasa keuangan. Di saat yang sama, sportivitas yang tumbuh dalam pertandingan-melalui disiplin, integritas, kerja sama tim, dan sikap saling menghormati-mencerminkan nilai-nilai yang juga dibutuhkan dalam membangun ekosistem jasa keuangan yang sehat, solid, dan berkelanjutan. Video Tukang Sampah Meruya Curhat Kerja Terganggu gegara Lapangan Padel Ini Video Tukang Sampah Meruya Curhat Kerja Terganggu gegara Lapangan Padel Ini (mro/bay) ... Tautan telah disalin ljk padel"
Ngedadak Padel: Ketika Padel Jadi Ajang Reuni,https://sport.detik.com/sportstyle/d-8653076/ngedadak-padel-ketika-padel-jadi-ajang-reuni,"Jakarta - Padel kini sudah jadi gaya hidup masyarakat urban di Indonesia. Tidak cuma untuk berolahraga, padel bisa jadi ajang reunian. Hal ini yang dilakukan oleh alumni Fakultas Hukum (FH) Universitas Trisakti angkatan 1999. Pada Minggu (6/9/2026) kemarin, berlokasi HQ Padel & Tennis, Pesanggrahan, Jakarta Selatan, mereka melakukan kegiatan gathering namun dikemas dalam bentuk turnamen padel bertajuk ""Ngedadak Padel"". Para alumni FH Trisakti tersebut juga diperbolehkan membawa pasangan mereka masing-masing untuk bersaing dalam pertandingan nomor campuran. SCROLL TO CONTINUE WITH CONTENT Turnamen padel ini diikuti oleh 16 fixed partners dan mixed partners yang terbagi ke dalam 4 grup. Para peserta pun terlihat tampil antusias dan kompetitif. ""Intinya ini untuk menjaga silaturahmi. Kami angkatan 99 FH Trisakti memang sering membuat kegiatan kumpul-kumpul, dan salah satunya ini adalah padel. Apalagi padel juga sedang digemari, baik laki-laki maupun perempuan,"" ujar salah seorang panitia, Mega Ruhapy, dalam keterangan kepada media ADVERTISEMENT Kegiatan ini memang hanyalah ajang silaturahmi. Namun, panitia tampak begitu serius dalam menyelenggarakan acara. Podium untuk juara pertama, peringkat runner-up, dan ketiga disiapkan. Pemenang juga berhak mendapatkan penghargaan, medali, dan hadiah. Arie Pujianto, salah seorang alumni yang menjadi motor penggerak aktivitas olahraga di kalangan alumni FH Universitas Trisakti, menyebut angkatannya memang tergolong cukup aktif menggelar kegiatan seperti ini. Kegiatan olahraga seperti padel ini diyakini Arie menjadi pilihan yang tepat untuk bersilaturahmi karena baik alumni laki-laki maupun perempuan bisa berpartisipasi. Ngedadak Padel: Ketika Padel jadi ajang reuni. (Foto: dok.Ngedadak Padel) ""Kami dari zaman kuliah, udah lebih dari 25 tahun lalu, memang akur ya. Alhamdulillah masih berhubungan baik. Akhirnya sekarang kami coba main padel, karena para istri juga bisa main,"" kata Arie. ""Mudah-mudahan, dengan adanya turnamen padel perdana kami ini, bisa juga mengangkat kemauan dari angkatan FH Trisakti yang lain. Pastinya seru kalau seluruh FH Trisakti bisa melakukan gathering,"" sambungnya. Arie menyebut alumni angkatan 99 FH Trisakti juga berencana menggelar turnamen padel ke depannya, tetapi diadakan di Asha Beach Club & Resort di Pulau Payung, Kepulauan Seribu. Baca juga: Minala Cup Padel Diikuti Lebih dari 300 Peserta Tak Cuma Padel Arie dan para alumni FH Trisakti rupanya juga tergabung dalam klub sepak bola Inkracht Sakti FC, yang dijadwalkan mengikuti kejuaraan dunia antar advokat atau Mundiavocat 2027 di Bali, 21-25 April 2027. ""Mundiavocat ini juga jadi salah satu fokus kita. Kami dari Inkracht Sakti FC memang basicnya adalah para lawyer lulusan Trisakti. Namun, mungkin kami juga membuka peluang untuk mengajak pemain dari Peradi FC,"" ucap Arie. Arie yang menjabat sebagai kapten tim Inkracht Sakti FC, menambahkan, untuk menghadapi Mundiavocat tahun depan, skuad sudah harus terbentuk pada bulan November 2026 sehingga tim bisa lebih berkonsentrasi melakukan persiapan. Inkracht Sakti FC sendiri telah menunjuk seorang pelatih profesional yang dikenal di kalangan olahraga futsal, yakni Mario Silitonga. Mario memang sudah berkali-kali membawa tim advokat Indonesia berkompetisi di kejuaraan dunia sepak bola antar advokat. Tangan dingin dan pengalaman Mario diharapkan bisa membawa Inkracht Sakti FC mencapai prestasi membanggakan. ""Untuk Mundiavocat, biasanya negara unggulan dari Asia itu adalah Thailand, Iran, dan Jepang. Dulu saya pernah membawa tim sepak bola advokat Indonesia sampai ke peringkat ketiga,"" kata Mario. Agenda terdekat, Inkracht Sakti FC akan menggelar pertandingan pemanasan menghadapi para mantan pemain profesional Malaysia, Sabah FC, di Jakarta, 20 September. Baca juga: Atlet Dunia Ramaikan Premiere Padel Indonesia Video Tukang Sampah Meruya Curhat Kerja Terganggu gegara Lapangan Padel Ini Video Tukang Sampah Meruya Curhat Kerja Terganggu gegara Lapangan Padel Ini (mrp/bay) ... Tautan telah disalin padel alumni fh trisakti ngedadak padel"
Menjaga Gaya Hidup Sehat Lewat Hyrox,https://sport.detik.com/sportstyle/d-8653072/menjaga-gaya-hidup-sehat-lewat-hyrox,"Jakarta - Hyrox tak dipungkiri lagi naik daun di dunia, terutama di Indonesia. Olahraga ini memang punya peran penting dalam menjaga stamina tubuh. Hyrox adalah kompetisi kebugaran global yang mengombinasikan lari jarak jauh dengan latihan fungsional dalam satu rangkaian perlombaan yang intens. Olahraga ini pertama kali diluncurkan di Jerman pada tahun 2017 dan dengan cepat berkembang menjadi fenomena internasional. Tujuan utama dari kompetisi ini adalah untuk menguji daya tahan (endurance) serta kekuatan (strength) peserta secara menyeluruh. SCROLL TO CONTINUE WITH CONTENT Berbeda dengan kompetisi atletik lainnya yang sering kali ditujukan hanya untuk profesional, Hyrox dirancang agar inklusif bagi semua tingkat kebugaran. Peserta pemula hingga atlet elit dapat berkompetisi di bawah standar yang sama dengan waktu penyelesaian yang tercatat secara digital. Hal ini menjadikan Hyrox sebagai salah satu jenis kompetisi fitness race yang paling populer di dunia saat ini. ADVERTISEMENT Itulah mengapa banyak pusat kebugaran di kota-kota besar di Indonesia memasukkan Hyrox sebagai salah satu ""jualan"" karena tingginya peminat. Apalagi saat ini sudah sering dilihat kompetisi hyrox dipertandingkan. Tidak cuma dipertandingkan secara resmi, Hyrox juga kerap dijadikan sebagai gimmick dalam sebuah seremoni, salah satunya seperti di Hari Kemerdekaan ke-81 RI bulan lalu. Synergy Worldwide Indonesia, perusahaan yang bergerak di bidang nutrisi dan wellness Synergy, berkolaborasi dengan South Barn menghadirkan sebuah kompetisi fitness yang memadukan semangat olahraga, kompetisi, dan tradisi perayaan 17 Agustus melalui acara ""17 Agustusan Throwdown"" Baca juga: Soal Olahraga Hyrox yang Lagi Naik Daun di Indonesia Mengusung konsep kompetisi bergaya HYROX, 17 Agustusan Throwdown menghadirkan tantangan fisik yang menguji kekuatan, daya tahan, kecepatan, dan ketangguhan peserta. Namun, berbeda dari kompetisi fitness pada umumnya, acara ini juga membawa suasana khas perayaan kemerdekaan Indonesia melalui berbagai lomba 17 Agustusan, seperti lomba makan kerupuk, dan mengigit sendok dengan kelereng. ""Kami ingin menghadirkan sesuatu yang berbeda dalam menyambut Hari Kemerdekaan. Fitness dan olahraga memiliki nilai yang sangat dekat dengan semangat perjuangan, konsistensi, disiplin, keberanian untuk menghadapi tantangan, dan tidak mudah menyerah. Melalui 17 Agustusan Throwdown, kami ingin menggabungkan nilai-nilai tersebut dengan keceriaan dan kebersamaan yang menjadi ciri khas perayaan 17 Agustus di Indonesia, Produk-produk Synergy Indonesia juga hadir untuk mendukung performa para pecinta Olahraga & Fitness"" ujar Dina Yuliyanti selaku Senior Marketing Manager Synergy Worldwide Indonesia dalam keterangan kepada detikSport. Kolaborasi bersama South Barn juga menjadi bagian dari upaya menghadirkan pengalaman olahraga yang lebih inklusif dan menyenangkan bagi komunitas. Para peserta tidak hanya ditantang untuk menunjukkan kemampuan fisik mereka dalam arena kompetisi, tetapi juga diajak untuk menikmati suasana perayaan kemerdekaan bersama komunitas dan rekan-rekan sesama pecinta olahraga. Konsep ""work hard, play hard"" menjadi salah satu semangat utama acara ini. Yang menggabungkan antara tantangan fisik dalam kompetisi dan permainan-permainan khas 17 Agustus yang menghadirkan suasana santai, penuh tawa, dan kompetisi yang bersahabat. Kehadiran 17 Agustusan Throwdown sekaligus mencerminkan semakin berkembangnya budaya fitness dan olahraga fungsional di Indonesia. Kompetisi seperti Hyrox menggabungkan berbagai elemen latihan, mulai dari kekuatan, kardio, hingga functional movements, sehingga menuntut peserta untuk memiliki kemampuan fisik yang menyeluruh. Melalui kegiatan ini, Synergy Worldwide Indonesia dan South Barn berharap semangat kemerdekaan tidak hanya dirayakan melalui seremonial, tetapi juga diwujudkan melalui gaya hidup aktif, sehat, sportif, dan penuh kebersamaan. Baca juga: Wellnest Festival Vol. 2 Kembali Hadir! Ikut Mat Pilates Cuma 100 Ribuan Video Viral Pria Umur 81 Taklukkan Hyrox Jakarta, Latihannya Nggak Main-main Video Viral Pria Umur 81 Taklukkan Hyrox Jakarta, Latihannya Nggak Main-main (mrp/bay) ... Tautan telah disalin hyrox"
Men's World Tennis Championship: 3 Wakil RI Gagal ke Babak Utama Seri V,https://sport.detik.com/raket/d-8653071/mens-world-tennis-championship-3-wakil-ri-gagal-ke-babak-utama-seri-v,"Nusa Dua - Men's World Tennis Championship 2026 sudah memasuki seri V. Sayang, tiga petenis tuan rumah gagal melaju ke babak utama. Pada putaran final kualifikasi Seri V M-15 Men's World Tennis Championship 2026, Senin (7/9/2026), Indonesia menurunkan tiga wakilnya, yakni Ethan Jake Frans, Ethan David Zapp, dan Kareem Abdul Hakim. Tapi ketiganya malah gagal menuntaskan misinya lolos ke babak utama turnamen yang berhadiah total 20 ribu dolar AS. Ada total 32 petenis dari 14 negara yang tampil di babak kualifikasi. SCROLL TO CONTINUE WITH CONTENT Bertanding di lapangan A, Bali Beach Country Club, Nusa Dua, Ethan baru saja merayakan ulang tahun ke-17 itu harus tumbang dari unggulan keempat Shanker Heisnam. Ethan yang akhir pekan lalu jadi runner-up Seri IV bersama Rafalentino Da Costa kalah dengan skor 2-6 dan 3-6 dalam waktu 1,5 jam. ADVERTISEMENT Baca juga: Men's World Tennis Championship: Karan Singh Juara Seri IV Ethan Jake, 14 tahun, yang merupakan putra eks petenis Indonesia Wyne Prakusya kalah dari unggulan ketujuh asal Amerika Serikat Stefan Menichell, dengan skor 6-7 tiebreak 3 dan 3-6 dalam waktu 2 jam 4 menit. ""Saya tetap puas dengan performa saya di final kualifikasi ini. Apalagi saya kalah dari petenis asing seperti Stefan yang unggul teknik dan pengalaman serta peringkat ATP yang lebih tinggi,"" ujar Ethan Jake dalam rilis kepada detikSport. Wakil RI ketiga yang gagal adalah Kareem Abdul Hakim. Dia takluk dari unggulan kelima dari Selandia Baru, Matthew Shearer, 2-6 dan 5-7. Dengan hasil itu, Indonesia cuma punya empat wakil di babak utama, yakni unggulan kedua M Rifqi Fitriadi, serta Anthony Susanto, Nathan Bark, dan Rafalentino Ali Da Costa yang masuk ke babak utama dengan fasilitas wild card. Sementara itu di sektor ganda putra, Indonesia akan diperkuat oleh Rafalentino Ali Dacosta/Ethan David Zapp, Ethan Jake Frans/M. Ragil Putra, Anthony Susanto yang menggandeng petenis Taiwan Yang Cheng Chen sebagai pasangannya serta Kareem Abdul Hakim yang berpartner dengan Andrez Nech dari Hungaria. Baca juga: Men's World Tennis Championship: Rafalentino/Ethan Gagal Juara Video Manchester City Bersiap Hadapi Porto di Laga Perdana Liga Champions Video Manchester City Bersiap Hadapi Porto di Laga Perdana Liga Champions (mrp/rin) ... Tautan telah disalin men's world tennis championship 2026 amman mineral men's world tennis championship 2026"
"Debut di Rok Cup Indonesia 2026, Barra Ghaisan Torehkan Catatan Positif",https://sport.detik.com/sport-lain/d-8653014/debut-di-rok-cup-indonesia-2026-barra-ghaisan-torehkan-catatan-positif,"Jakarta - Barra Ghaisan Zeinatma menunjukkan perkembangan positif pada musim debutnya di ESHARK Rok Cup Indonesia 2026. Turun di kelas Mini Rok, Pembalap muda Indonesia ini mampu mengoleksi sejumlah podium setelah menjalani proses adaptasi sepanjang musim. Pebalap berusia 13 tahun yang memperkuat Avenue Rising Star Racing Team itu baru tampil mulai Round 2 karena harus beradaptasi dengangokartbaru. Pada Seri 2, Barra finis di posisi ke-12, sebelum meningkat ke peringkat ke-10 pada Seri 3. Performa Barra semakin menonjol pada Seri 4. Ia meraih posisi kelima kategori Mini Newbie dan peringkat ketiga Mini Rok Rising Star. SCROLL TO CONTINUE WITH CONTENT Memasuki Seri 5, Barra kembali naik podium dengan menjadi juara pertama kategori Mini Newbie dan runner-up Mini Rok B. Performa tersebut berlanjut pada Seri 6 yang berlangsung 5-6 September 2026. Ia meraih posisi kedua Mini Newbie, posisi kelima Mini Rok, dan posisi keempat Mini Rok Rising Star. ""Musim pertama ini menjadi proses belajar yang sangat penting bagi Barra. Setiap seri memberikan pengalaman dan tantangan baru,"" kata ayah Barra, Jeffri Ardiatma, kepada awak media. ADVERTISEMENT Jeffri juga mengingatkan Barra untuk tetap memperhatikan pendidikan. Saat ini, Barra tercatat sebagai siswa kelas 7 SMP Labschool Cirendeu. ""Yang penting juga untuk Barra agar fokus dengan sekolahnya. Kami selalu berharap yang terbaik untuk Barra,"" lanjutnya. Setelah menyelesaikan musim pertamanya di kelas Mini Rok, Barra diproyeksikan naik ke kelas Junior Rok pada ESHARK Rok Cup Indonesia 2027. Ia juga dijadwalkan mengikuti sejumlah seri Rok Cup Asia di Macau, Malaysia, dan Thailand. Video: Momen Puluhan Remaja Terjaring Razia Balap Liar di Kota Pasuruan Video: Momen Puluhan Remaja Terjaring Razia Balap Liar di Kota Pasuruan (ran/yna) ... Tautan telah disalin gokart barra ghaisan zeinatma balapan"
MotoGP San Marino: Antusiasme Bezzecchi Balapan di 'Rumah Sendiri',https://sport.detik.com/moto-gp/d-8652587/motogp-san-marino-antusiasme-bezzecchi-balapan-di-rumah-sendiri,"Jakarta - Marco Bezzecchi tak sabar menghadapi MotoGP San Marino 2026. Bagi pebalap Aprilia itu, balapan di Sirkuit Misano punya arti khusus karena lokasinya sangat dekat dengan kampung halamannya, Rimini. MotoGP San Marino akan berlangsung di Misano pada 11-13 September. Bezzecchi menyebut seri ini selalu terasa berbeda dibandingkan balapan lainnya. ""Grand Prix kandang selalu memiliki sesuatu yang ajaib dan spesial,"" kata Bezzecchi seperti dilansir Motosan . SCROLL TO CONTINUE WITH CONTENT Misano memang seperti rumah kedua bagi Bezzecchi. Sirkuit tersebut hanya berjarak beberapa kilometer dari Rimini, tempat kelahirannya. Saking dekatnya, Bezzecchi bahkan masih akan tinggal di rumah hingga Kamis sebelum pindah ke motorhome untuk menjalani rangkaian akhir pekan balapan. ADVERTISEMENT ""Misano benar-benar wilayah rumah saya. Saya di rumah sampai Kamis. Jadi, ya, ini luar biasa; selalu menjadi perasaan yang luar biasa, selalu memiliki rasa yang spesial,"" ujarnya. Baca juga: Jadwal MotoGP San Marino 2026: Misi Marc Marquez Kejar Jorge Martin Bezzecchi Datang dengan Modal Bagus Antusiasme Bezzecchi semakin besar setelah dua seri terakhir memberinya hasil positif. Ia berhasil mengumpulkan poin penting untuk tetap berada dalam persaingan gelar MotoGP 2026. ""Beberapa waktu terakhir memang cukup sulit, tetapi dua balapan terakhir berjalan dengan baik. Kami berhasil mendapatkan kembali beberapa poin,"" katanya. Setelah MotoGP Aragon, Bezzecchi berada di posisi ketiga klasemen. Ia tertinggal 24 poin dari Jorge Martin yang memimpin, sementara Marc Marquez berada di posisi kedua dengan selisih 19 poin dari Martin. Karena itu, balapan di Misano bukan sekadar home race bagi Bezzecchi. Pebalap Italia tersebut juga punya kesempatan untuk memangkas jarak dalam perebutan gelar di depan pendukungnya sendiri. ""Anda harus percaya pada diri sendiri, Anda harus berjuang. Kimi melakukannya, dan saya tentu akan berusaha memberikan yang terbaik,"" ujar Bezzecchi. Baca juga: Marc Marquez Makin Dekat, Jorge Martin Akan Lawan! (krs/yna) ... Tautan telah disalin san marino motogp marco bezzecchi sirkuit misano balapan antusiasme pebalap italia klasemen motogp home race gelar juara"
Dokter Perkirakan Kondisi Lengan Marc Marquez: Sekitar 50 Persen,https://sport.detik.com/moto-gp/d-8652425/dokter-perkirakan-kondisi-lengan-marc-marquez-sekitar-50-persen,"Jakarta - Marc Marquez masih harus beradaptasi dengan kondisi lengan kanan yang jauh dari normal. Dokter yang pernah mengoperasinya, Samuel Antuna, mengungkap kekuatan lengan tersebut kini hanya sekitar 50 persen. Antu?Ÿ?ña menjelaskan kondisi itu merupakan dampak dari berbagai cedera dan operasi yang dijalani Marc. Kecelakaan di MotoGP Indonesia tahun lalu menjadi titik balik karena kembali memperburuk kondisi lengan kanannya. ""Sebelum kecelakaan di Indonesia, dia baik-baik saja. Dia bisa balapan, tidak merasakan sakit dan tidak mengeluhkan apa pun. Kecelakaan itu mengubah semuanya,"" kata Antuna kepada El Periodico yang dilansir Motosan . SCROLL TO CONTINUE WITH CONTENT Baca juga: Crutchlow Pilih Ai Ogura Jadi Favorit Setelah Marc Marquez, Ini Alasannya Masalah Marc kemudian semakin rumit karena saraf radial di lengannya sempat tertekan serpihan tulang. Kondisi itu membuatnya kehilangan kendali atas lengan saat berada dalam posisi tertentu di atas motor dan berkontribusi terhadap sejumlah kecelakaan. ADVERTISEMENT Setelah menjalani operasi untuk mengatasi masalah tersebut, kondisinya membaik. Namun, kekuatan lengan kanannya tetap jauh di bawah lengan kiri. ""Dia memiliki latissimus dorsi yang kuat, tetapi secara mekanis terganggu. Hal yang sama berlaku pada teres major. Namun, masalah utamanya adalah dia kehilangan kekuatan pada bisep,"" ujar Antuna. Baca juga: Jadwal MotoGP San Marino 2026: Misi Marc Marquez Kejar Jorge Martin ""Lengan itu sangat terbatas dalam hal kekuatan, terutama pada bisep. Saya memperkirakan kekuatannya sekitar 50 persen dari kapasitasnya,"" lanjutnya. Antuna menegaskan Marc tidak kehilangan otot. Namun, sejumlah otot seperti trisep, latissimus dorsi, teres major, dan pektoralis mayor terdampak berbagai operasi sehingga mengalami perubahan dan sedikit atrofi. Kondisi tersebut membuat lengan kanan Marc tidak memiliki kekuatan yang sama dengan lengan kirinya. Meski begitu, pebalap Ducati itu mampu beradaptasi dengan keterbatasan fisiknya dan tetap kompetitif di MotoGP. (krs/yna) ... Tautan telah disalin marc marquez kondisi lengan kekuatan otot cedera olahraga motogp operasi lengan saraf radial adaptasi fisik kesehatan atlet bisep lemah"
"Mamma Mia, Antonelli",https://sport.detik.com/f1/d-8651642/mamma-mia-antonelli,"Monza - Pebalap Mercedes GP Kimi Antonelli tampil luar biasa untuk memenangi F1 GP Italia 2026 . Tak cuma comeback, Antonelli bikin rekor baru. Pada balapan di Sirkuit Monza, Minggu (6/92/206) malam WIB, Antonelli mendapat penalti sehingga harus start dari grid alias posisi ke-19. Tapi, Antonelli cuma butuh dua lap untuk bisa mendekati posisi 10 besar dan kemudian mengambil alih balapan saat memasuki lap ke-18. Posisi itu dipertahankan Antonelli sampai akhir. SCROLL TO CONTINUE WITH CONTENT Kemenangan yang bikin Antonelli kukuh di puncak klasemen pebalap F1 dengan 267 poin, unggul 56 angka dari rekan setim George Russell di posisi kedua dan 76 angka dari Hamilton di posisi ketiga. Ini merupakan kemenangan ketujuh Antonelli musim ini, paling banyak sepanjang sejarah keikutsertaan pebalap Italia di F1. ADVERTISEMENT Baca juga: Hasil F1 GP Italia 2026: Kimi Antonelli Menang, Mercedes 1-2 Hebatnya Antonelli juga menyudahi puasa panjang pebalap Italia di Monza, setelah terakhir Ludovico Scarfiotti bersama Ferrari tahun 1966. Antonelli juga jadi pebalap termuda yang menang di Monza dalam usia 20 tahun 12 hari, sekaligus orang Italia pertama yang naik podium di balapan itu sejak 2005. ""Luar biasa! Saya senang sekali. Saya tidak pernah membayangkan bisa ada di sini hari ini, tapi kami mewujudkannya. Bak mimpi jadi nyata. Hari luar biasa. Saya tidak bisa melakukan ini tanpa bantuan tim, keluarga, dan semua yang mendukung saya,"" ujar Antonelli seperti dilansir Reuters. ""Masih ada beberapa balapan lagi, kami tidak boleh jemawa. Namun, kami akan menikmati dulu kemenangan hari ini,"" sambungnya. Baca juga: Hasil F1 GP Belanda 2026: Lando Norris Juara Video Manchester City Bersiap Hadapi Porto di Laga Perdana Liga Champions Video Manchester City Bersiap Hadapi Porto di Laga Perdana Liga Champions (mrp/nds) ... Tautan telah disalin kimi antonelli mercedes gp f1 gp italia 2026 f1 gp italia f1 2026 formula 1 2026"
Men's World Tennis Championship: Karan Singh Juara Seri IV,https://sport.detik.com/raket/d-8651603/mens-world-tennis-championship-karan-singh-juara-seri-iv,"Nusa Dua - Selesai sudah Seri IV M-15 Men's World Tennis Championship 2026 . Petenis India Karan Singh berjaya di nomor tunggal putra. Pada pertandingan final di Lapangan A, Bali Beach Country, Nusa Dua, Minggu (6/9/2026), Karan menghadapi perlawanan Isaac Becroft yang merupakan juara seri kedua Agustus lalu. Menyajikan dua karakter permainan yang berbeda, pertarungan keduanya seru dan menarik. Karan dengan gayanya yang tenang melawan kelincahan Isaac asal Selandia Baru. Karan akhirnya bisa menang 7-5 di set pertama. SCROLL TO CONTINUE WITH CONTENT Memasuki set kedua, intensitas pertandingan tetap berlangsung dengan tempo tinggi karena Isaac berupaya membalas kekalahan di set pertama. Karan merespons dengan baik dan terjadi susul-menyusul angka sampai laga harus dituntaskan dengan babak tiebreak karena sama kuat 6-6 Dengan kesabaran serta kelincahan dalam menutup area lapangan dari serangan lawan, Karan memenangi babak ini dengan skor 7-6 tiebreak 3. ADVERTISEMENT Baca juga: Men's World Tennis Championship: Rafalentino/Ethan Gagal Juara Karan senang bukan main bisa meraih gelar Seri IV. Apalagi gelar itu didapat setelah melewati duel 2 jam 5 menit kontra Isaac yang dinilai sebagai lawan yang tangguh. ""Merupakan sebuah kebanggaan dapat menjadi yang terbaik di ajang M-15 Bali. Apalagi lawan (Isaac Becroft) juga bermain sangat luar biasa. Gelar ini semakin menambah motivasi tampil di seri kelima,"" ujar Karan dalam rilis kepada detikSport. Karan berhak atas hadiah uang USD 2.160 serta tambahan 15 poin ATP, sementara Isaac mendapat USD 1.272 serta trofi. Penyerahan hadiah dilakukan Heru Gunawan selaku Area Business Team Leader BNI Kanwil Denpasar, yang didampingi Ketua Pelti periode 2018-2022 Rildo Ananda Anwar. TITF World Tennis Tour M-15 Amman Mineral Men's World Tennis Championship 2026 langsung lanjut ke Seri V, Senin (7/9). Ada 32 petenis di babak kualifikasi yang memperebutkan delapan slot ke babak utama. Baca juga: Men's World Tennis Championship: Ganda Indonesia Tembus Final Video Manchester City Bersiap Hadapi Porto di Laga Perdana Liga Champions Video Manchester City Bersiap Hadapi Porto di Laga Perdana Liga Champions (mrp/nds) ... Tautan telah disalin men's world tennis championship 2026 amman mineral men's world tennis championship 2026 karan singh"
"Jete Run Festival 2026 Selesai, Masuk Rekor MURI",https://sport.detik.com/sportstyle/d-8651462/jete-run-festival-2026-selesai-masuk-rekor-muri,"Surabaya - Jete Run Festival 2026 baru saja selesai digelar akhir pekan ini. Event lari itu juga masuk buku rekor MURI . Ajang lari itu digelar di kawasan Balai Kota Surabaya, Minggu, (6/9/2026). Lebih dari 5.000 pelari ambil bagian dalam dua kategori, yakni 5K dan 10K. Start dibuka langsung oleh Wali Kota Surabaya Eri Cahyadi. Jete Run tahun ini juga tampil dengan format yang lebih luas dan berbeda dari sebelumnya. Bukan hanya mengajak masyarakat berlari, penyelenggara mengemasnya menjadi festival olahraga dan gaya hidup dengan berbagai aktivitas pendukung. SCROLL TO CONTINUE WITH CONTENT Pemilihan Balai Kota Surabaya sebagai pusat Jete Run 2026 memberikan pengalaman berbeda bagi para peserta. Start dan finis berada di jantung kota, sementara rutenya membawa pelari melintasi sejumlah ruas jalan utama Surabaya yang penuh dengan lanskap ikonik Kota Pahlawan. Untuk kategori 5K, peserta memulai perjalanan dari Balai Kota Surabaya sebelum menuju Jalan Pemuda. Rute kemudian berlanjut melewati Jalan Panglima Sudirman, Jalan Basuki Rahmat, Jalan Gubernur Suryo, hingga Jalan Wuni sebelum kembali menuju garis finis di Balai Kota. ADVERTISEMENT Sedangkan untuk kategori 10K membawa pelari menjelajah area pusat kota dengan cakupan lebih luas. Selepas start dari Balai Kota, peserta bergerak menuju Jalan Pemuda, Jalan Panglima Sudirman, dan Jalan Basuki Rahmat. Para pelari kemudian diajak menikmati lanskap lainnya melalui Jalan Embong Malang, kawasan Blauran, Jalan Bubutan, Jalan Pahlawan, hingga Jalan Yos Sudarso sebelum kembali menyelesaikan lomba di kawasan Balai Kota Surabaya. Rute tersebut membuat peserta tidak sekadar menyelesaikan jarak. Mereka sekaligus melintasi sejumlah koridor pusat kota yang menjadi bagian dari wajah Surabaya. Di sepanjang jalur, penyelenggara turut menyediakan titik water station dan layanan medis untuk mendukung kebutuhan peserta selama kegiatan berlangsung. ""Jete Run tahun ini kita mengambil venue yang berbeda dari sebelum-sebelumnya di Citraland. Balai Kota jadi pilihan karena kita ingin menghadirkan nuansa lari dengan konsep lanskap kota modern khas Surabaya yang penuh nilai sejarah. Jadi, sepanjang rute, pelari akan melintasi jalanan dan tempat bersejarah di kota ini,"" ungkap Jhonny Thio Doran selaku CEO dan Founder Jete dalam rilis kepada detikSport. Baca juga: Jete Run 2026 Bidik 10 Ribu Pelari Banyaknya kegiatan yang menyertai penyelenggaraan Jete Run Festival 2026 kemudian menghasilkan catatan tersendiri. MURI memberikan penghargaan kepada Jete untuk kategori ajang lari dengan ragam kegiatan pendukung terbanyak. Jete Run Festival 2026 menghadirkan 21 kegiatan pendukung dalam berbagai kategori, mulai dari olahraga, wellness, kreativitas, hingga kegiatan yang mempertemukan berbagai komunitas. Rekor tersebut menjadi salah satu penanda perkembangan Jete Run dari sebuah kegiatan olahraga menuju festival dengan cakupan yang lebih luas. ""Terima kasih kepada seluruh masyarakat di Indonesia yang telah mendukung dan mempercayakan JETE sebagai pilihan Anda dalam beraktivitas sehari-hari. Mulai dari bekerja, berolahraga, dan menikmati hiburan di era digital. Pencapaian luar biasa ini mustahil tercapai tanpa adanya dukungan dari keluarga, tim, konsumen setia JETE dan masyarakat. Sekali lagi, terima kasih untuk semuanya,"" papar Jhonny. ""Piagam MURI yang didapat memang menjadi pencapaian terbaik di tahun ini. Namun, kita janganlah berada di atas angin dan melupakan kualitas. Ini adalah sebagai pengingat bagi brand untuk terus berinovasi di tengah teknologi yang terus berkembang dan memberikan yang terbaik. Terutama menjadikan Jete sebagai solusi kebutuhan produk aksesoris gadget, smarthome, dan wearable. Begitu juga dengan event olahraga dalam mendukung gaya hidup sehat,"" tutupnya. Baca juga: Jete Run Goes To Bali 2025 Sukses, Diikuti Ribuan Pelari Video Pameran 80 Lukisan Tokoh di Muskitnas hingga Raih Rekor MURI Video Pameran 80 Lukisan Tokoh di Muskitnas hingga Raih Rekor MURI (mrp/bay) ... Tautan telah disalin jete run festival 2026 jete jete run lari muri rekor muri"
Menkomdigi Imbau Warga Waspadai Dampak Erupsi Anak Krakatau,https://sport.detik.com/advertorial-news-block/d-8651455/menkomdigi-imbau-warga-waspadai-dampak-erupsi-anak-krakatau,"Jakarta - Menteri Komunikasi dan Digital (Menkomdigi) Meutya Hafid mengimbau masyarakat untuk tetap tenang dan meningkatkan kewaspadaan menyusul aktivitas erupsi Gunung Anak Krakatau di Selat Sunda. Ia juga meminta masyarakat memantau informasi dari sumber terpercaya. ""Yang paling penting adalah tetap tenang, tetapi jangan mengurangi kewaspadaan. Masyarakat perlu mengikuti arahan dari otoritas terkait dan memastikan informasi yang diterima berasal dari sumber yang dapat dipercaya,"" kata Meutya dalam keterangan tertulis, Minggu (6/9/2026). Seperti diketahui, Gunung Anak Krakatau (GAK) menunjukkan aktivitas vulkanik yang sangat signifikan sejak Jumat (4/9) malam dan kini statusnya berada pada Level III atau Siaga. Abu vulkanik juga telah terdeteksi menyebar ke sejumlah wilayah, termasuk Banten, DKI Jakarta, dan Jawa Barat. SCROLL TO CONTINUE WITH CONTENT Erupsi GAK pun menyebabkan sejumlah penerbangan dibatalkan dan menimbulkan kekhawatiran masyarakat akibat isu potensi tsunami yang akan ditimbulkan. Dentuman dan getaran yang sempat terjadi di sebagian wilayah Jawa Barat akibat aktivitas GAK juga cukup membuat masyarakat khawatir. Terkait hal ini, Meutya meminta masyarakat mengikuti perkembangan aktivitas Gunung Anak Krakatau dan kondisi sebaran abu vulkanik dari sumber-sumber resmi dan terpercaya, terutama melalui kanal resmi pemerintah, antara lain PVMBG, BMKG, BNPB, pemerintah daerah, serta instansi terkait lainnya. ADVERTISEMENT ""Pastikan keakuratan informasi dari pihak-pihak yang memiliki kewenangan terkait kebencanaan gunung berapi demi menghindari misinformasi atau informasi menyesatkan yang dapat menyebabkan keresahan,"" ungkapnya. Lebih lanjut, Meutya mengingatkan masyarakat untuk tidak menyebarkan informasi yang belum terverifikasi kebenarannya terkait kondisi Gunung Anak Krakatau. ""Dalam situasi seperti ini, informasi yang tidak benar dapat menimbulkan kepanikan. Karena itu, saring sebelum sharing. Pastikan informasi yang kita terima berasal dari sumber resmi dan dapat dipertanggungjawabkan,"" tegas Meutya. Meutya pun mendorong masyarakat agar tetap tenang, namun juga meningkatkan kewaspadaan, khususnya bagi warga yang tinggal di dekat GAK dan yang wilayahnya turut terdampak abu vulkanik. ""Tetap waspada, tetap tenang, dan jangan mudah percaya pada informasi yang belum jelas sumbernya dari mana,"" jelasnya. Sementara bagi masyarakat yang berada di wilayah terdampak abu vulkanik, Meutya mengimbau untuk melakukan sejumlah langkah demi menjaga keselamatan dan kesehatan. Pertama, gunakan masker yang tepat apabila harus beraktivitas di luar rumah, seperti masker N95 atau KN95, untuk membantu menyaring partikel abu vulkanik. Kedua, gunakan kacamata pelindung dan hindari penggunaan lensa kontak atau softlens selama kondisi udara masih dipengaruhi abu vulkanik. Ketiga, kurangi aktivitas di ruang terbuka. Apabila tidak ada keperluan mendesak, masyarakat disarankan untuk tetap berada di dalam ruangan dan membatasi paparan abu vulkanik. Keempat, bagi masyarakat yang harus berkendara, kurangi kecepatan dan tingkatkan kewaspadaan. Abu vulkanik dapat mengurangi jarak pandang dan membuat permukaan jalan menjadi licin. Kelima, cuci tangan dan wajah setelah beraktivitas di luar ruangan serta pastikan sumber air bersih terlindungi dari paparan abu. Selain itu, Meutya mengimbau masyarakat, wisatawan, dan nelayan untuk tidak mendekati kawasan Gunung Anak Krakatau atau melakukan aktivitas dalam radius 3 kilometer dari kawah aktif, sesuai rekomendasi PVMBG. ""Keselamatan adalah yang utama. Tidak perlu panik, namun tetap selalu waspada dan menjaga keselamatan serta kesehatan,"" pungka Meutya. (komdigi/sls) Tautan telah disalin komdigi"
"Hasil F1 GP Italia 2026: Kimi Antonelli Menang, Mercedes 1-2",https://sport.detik.com/f1/d-8651436/hasil-f1-gp-italia-2026-kimi-antonelli-menang-mercedes-1-2,"Monza - Pebalap Mercedes GP Kimi Antonelli berhasil merebut kemenangan di F1 GP Italia 2026 . Semakin lengkap karena rekan setimnya George Russell finis kedua. Pada balapan yang dihelat di Sirkuit Monza, Minggu (6/9/2026) malam WIB, Antonelli sejatinya tidak punya posisi start yang bagus, yakni dari urutan ketujuh. Apalagi dia mendapat penalti sehingga harus turun jauh ke urutan ke-19 alias start dari grid. SCROLL TO CONTINUE WITH CONTENT Pierre Gasly secara mengejutkan melajukan Alpine miliknya ke posisi pole, disusul Russell di posisi kedua, dan driver McLaren Oscar Piastri di posisi ketiga. Duo pebalap tuan rumah, Charles Leclerc dan Lewis Hamilton, di posisi keempat serta kelima. Bendera merah sudah muncul di lap kedua saat Leclerc harus out dari balapan karena menabrak dinding. ADVERTISEMENT Leclerc kehilangan kendali mobilnya tak lama setelah menyalip Piastri untuk naik ke posisi keempat. Russell saat itu masih memimpin balapan disusul Gasly dan Max Verstappen. Antonelli sudah naik tujuh strip ke urutan ke-12 saat insiden terjadi. Setelah itu Antonelli pelan tapi pasti mampu memperbaiki posisinya. Baca juga: Hasil F1 GP Belanda 2026: Lando Norris Juara Masuknya virtual safety car membuat Antonelli bisa mendekati Russell di sepertiga balapan. Salip-menyalip terjadi antara keduanya di lap ke-22, sebelum Antonelli mengunci posisi terdepan. Russell tidak mampu mengejar Antonelli sampai 53 lap berlalu, sehingga rekan setimnya itu muncul sebagai pemenang. Russell harus puas di posisi kedua disusul Verstappen. McLaren menempatkan dua pebalapnya di lima besar, Lando Norris di urutan keempat dan Piastri di urutan kelima. Hamilton menjaga nama baik Ferrari dengan finis keenam. Melengkapi 10 besar adalah Gasly, Arvid Lindblad, Franco Colapinto, dan Yuki Tsunoda. Antonelli makin kukuh di puncak klasemen F1 dengan 267 poin, unggul 56 angka dari Russell di posisi kedua dan 76 angka dari Hamilton di posisi ketiga. Hasil F1 GP Italia 2026 Pos Pebalap Tim Lap 1 Kimi Antonelli Mercedes AMG Petronas F1 Team 53 2 George Russell Mercedes AMG Petronas F1 Team +3.8s 3 Max Verstappen Oracle Red Bull Racing +14.7s 4 Lando Norris McLaren Mastercard F1 Team +19.0s 5 Oscar Piastri McLaren Mastercard F1 Team +19.2s 6 Lewis Hamilton Scuderia Ferrari HP +24.6s 7 Pierre Gasly BWT Alpine F1 Team +27.3s 8 Arvid Lindblad Visa Cash App Racing Bulls F1 Team +45.1s 9 Franco Colapinto BWT Alpine F1 Team +47.3s 10 Yuki Tsunoda Visa Cash App Racing Bulls F1 Team +58.1s 11 Gabriel Bortoleto Audi Revolut F1 Team +65.1s 12 Nico Hulkenberg Audi Revolut F1 Team +66.1s 13 Carlos Sainz Atlassian Williams F1 Team +74.1s 14 Liam Lawson Oracle Red Bull Racing +75.6s 15 Oliver Bearman TGR Haas F1 Team +78.9s 16 Esteban Ocon TGR Haas F1 Team +1 Lap 17 Alex Albon Atlassian Williams F1 Team +1 Lap 18 Sergio Perez Cadillac F1 Team +1 Lap 19 Valtteri Bottas Cadillac F1 Team +2 Laps DNF Lance Stroll Aston Martin Aramco F1 Team DNF DNF Fernando Alonso Aston Martin Aramco F1 Team DNF DNF Charles Leclerc Scuderia Ferrari HP DNF Baca juga: Kualifikasi F1 GP Belanda 2026: Norris Rebut Pole Position Video Manchester City Bersiap Hadapi Porto di Laga Perdana Liga Champions Video Manchester City Bersiap Hadapi Porto di Laga Perdana Liga Champions (mrp/bay) ... Tautan telah disalin george russell kimi antonelli f1 gp italia 2026 f1 gp italia mercedes gp f1 2026 formula 1 2026"
"WEC 2026: Sean Gelael Balapan di Austin Dini Hari, Start P7",https://sport.detik.com/sport-lain/d-8651374/wec-2026-sean-gelael-balapan-di-austin-dini-hari-start-p7,"Austin - Sean Gelael dan Team WRT 32 akan coba meraih podium di Lone Star Le Mans dini hari nanti. Mereka start ketujuh. Keras keras mencapai posisi start itu didapat dari kualifikasi kelas LMGT3 di COTA, Minggu (6/9) dini hari WIB kemarin. Darren Leung sebagai pebalap bronze memulai di qualifying dengan baik untuk menuntaskan di posisi ke-8. Alhasil, Sean sebagai pebalap silver berhak tampil di Hyperpole. Dia tancap gas untuk membukukan waktu 2 menit 05,0888 detik untuk mencapai posisi ketujuh. SCROLL TO CONTINUE WITH CONTENT Ini merupakan pencapaian terbaik dari mobil BMW di seluruh kelas. Menurunkan empat mobil, masing-masing dua di Hypercar dan LMGT3, cuma bisa start di luar 10 besar. Sama halnya dengan mobil 69 di kelas LMGT3 yang start dari posisi ke-16. ADVERTISEMENT Baca juga: WEC 2026: WRT 32 Meraba COTA dari Hasil Free Practice ""Hasil yang bagus, Darren dan Sean bekerja sangat baik. Kami siap untuk lomba besok,"" ujar Augusto Farfus dalam rilis kepada detikSport. ""Austin selalu jadi tempat yang baik bagi saya, semoga besok juga begitu. Bismillah,"" timpal Sean. Race 6 Hours of COTA atau kini disebut Lone Star Le Mans itu disiarkan langsung di kanal youtube KUY Entertainment, Senin (7/9) mulai pukul 01.00 dini hari WIB. Baca juga: WEC 2026: Paruh Kedua Musim Dimulai, Team WRT 32 Lebih Pede Video Sean Gelael soal Olahraga Balap Dianggap Mahal: Semua Itu Relatif! Video Sean Gelael soal Olahraga Balap Dianggap Mahal: Semua Itu Relatif! (mrp/bay) ... Tautan telah disalin 6 hours of austin lone star le mans sean gelael team wrt 32 team wrt fia wec 2026 wec 2026"
KTM Suka Antusiasme Luca Marini,https://sport.detik.com/moto-gp/d-8651046/ktm-suka-antusiasme-luca-marini,"Jakarta - KTM punya sejumlah alasan merekrut Luca Marini ke Tech3 untuk MotoGP 2027. Pebalap Italia itu dinilai bukan cuma membawa pengalaman, tetapi juga bisa membantu KTM mengembangkan motor di era baru. Marini akan meninggalkan Honda HRC setelah tiga musim dan bergabung dengan Tech3 mulai 2027. Kepindahan tersebut sudah resmi diumumkan pada Agustus lalu. Ia akan menjadi salah satu bagian dari proyek baru Tech3 bersama KTM. Direktur motorsport KTM, Pit Beirer, mengungkapkan bahwa ketertarikan Marini terhadap proyek KTM menjadi salah satu faktor penting dalam keputusan tersebut. SCROLL TO CONTINUE WITH CONTENT ""Kami sangat senang dia bergabung dengan kami. Luca menunjukkan ketertarikannya sejak awal, dan menurut saya penting memiliki seseorang yang benar-benar ingin datang ke sini,"" kata Beirer seperti dilansir Crash.net . Baca juga: Luca Marini Gabung ke Tim Satelit KTM di MotoGP 2027 ADVERTISEMENT Bagi KTM, antusiasme itu bukan satu-satunya pertimbangan. Marini juga dianggap punya kemampuan yang dibutuhkan untuk membantu pengembangan motor. ""Ketika berbicara dengan orang-orang di sekitarnya, jelas bahwa dia juga merupakan sosok yang hebat untuk membantu membuat motor menjadi lebih baik,"" ujar Beirer. KTM Ingin Marini Bantu Kembangkan Motor MotoGP akan memasuki era baru pada 2027. Kapasitas mesin akan turun dari 1.000 cc menjadi 850 cc, disertai perubahan besar pada regulasi teknis dan penggunaan ban Pirelli. KTM sendiri sudah mempersiapkan proyek tersebut. Mereka telah menguji mesin yang dirancang untuk era regulasi baru dan memastikan Tech3 tetap menjadi bagian dari proyek KTM mulai 2027. Dalam situasi seperti itu, pengalaman pebalap menjadi sangat penting. Beirer mengatakan KTM memang sengaja mencari kombinasi pebalap berpengalaman dan pebalap muda untuk Tech3. Baca juga: 4 Rider Ini Masih Tunggu Kemenangan Perdana MotoGP ""Kami berkomitmen sejak awal: kami ingin pebalap muda dan kami ingin pebalap berpengalaman. Kami tidak ingin memiliki dua pebalap muda karena ini bukan tim rookie. Ini adalah tim MotoGP yang kuat dan sekelas tim utama."" Karena itu, KTM menilai kombinasi Marini dengan pebalap muda nantinya bisa menjadi formula yang ideal. Keputusan merekrut Marini juga mendapat respons positif dari para pebalap yang akan memperkuat KTM pada 2027. Beirer menyebut para pebalap baru KTM mengetahui kemampuan Marini dalam membantu pengembangan motor. ""Mereka sangat senang karena tahu apa yang bisa dilakukan Luca dan bagaimana dia bisa membantu mengembangkan motor,"" ujarnya. (krs/yna) ... Tautan telah disalin luca marini ktm motogp 2027 tech3 pengembangan motor pebalap italia antusiasme regulasi motogp pengalaman pebalap kombinasi pebalap muda dan berpengalaman"
Jadwal MotoGP San Marino 2026: Misi Marc Marquez Kejar Jorge Martin,https://sport.detik.com/moto-gp/d-8650852/jadwal-motogp-san-marino-2026-misi-marc-marquez-kejar-jorge-martin,"Jakarta - MotoGP 2026 akan berlanjut ke San Marino. Seri ke-14 musim ini akan digelar di Misano World Circuit Marco Simoncelli pada 11-13 September 2026. Jorge Martin untuk sementara masih memimpin klasemen MotoGP 2026. Tapi keunggulannya mulai tergerus setelah Marc Marquez tampil sempurna di Aragon. Marc berhasil memenangi Sprint dan balapan utama di Aragon. Sementara Martin hanya finis kelima di kedua sesi tersebut. SCROLL TO CONTINUE WITH CONTENT Hasil itu membuat Marc memangkas jarak dengan Martin menjadi 19 poin. Martin kini mengoleksi 256 poin, sedangkan Marc mengumpulkan 237 poin. Marco Bezzecchi berada di posisi ketiga dengan 232 poin. Balapan Aragon sendiri dimenangi Marc setelah tampil dominan. Ia meraih 25 poin dari balapan utama, sementara Martin hanya mendapat 11 poin. Data resmi MotoGP mencatat Marc finis pertama, Pedro Acosta kedua, Bezzecchi ketiga, dan Martin kelima. ADVERTISEMENT Dengan sembilan seri tersisa, persaingan perebutan gelar pun semakin terbuka. Marc Marquez kini hanya berjarak kurang dari satu kemenangan penuh dari Jorge Martin. Kini selisih keduanya hanya 19 poin. Bezzecchi juga belum bisa dicoret. Pebalap Aprilia itu hanya terpaut lima poin dari Marc dan 24 poin dari Martin. Artinya, tiga pebalap teratas masih berada dalam persaingan yang sangat ketat menuju paruh akhir musim. Baca juga: Duel 300 Km/Jam Marc Marquez Vs Bezzecchi di Aragon: Motor seperti Nempel Klasemen MotoGP 2026 Berikut klasemen sementara MotoGP 2026 setelah seri Aragon: Pos Pebalap Tim Poin 1 Jorge Martin Aprilia Racing 256 2 Marc Marquez Ducati Lenovo Team 237 3 Marco Bezzecchi Aprilia Racing 232 4 Fabio Di Giannantonio VR46 Ducati 208 5 Ai Ogura Trackhouse Aprilia 203 6 Pedro Acosta KTM 189 7 Raul Fernandez Trackhouse Aprilia 186 8 Francesco Bagnaia Ducati Lenovo Team 143 9 Alex Marquez Gresini Ducati 128 10 Fermin Aldeguer Gresini Ducati 90 MotoGP San Marino Digelar di Misano Seri San Marino berlangsung di Misano World Circuit Marco Simoncelli. Sirkuit tersebut memiliki panjang 4,23 kilometer, dengan 16 tikungan yang terdiri dari 10 tikungan kanan dan enam tikungan kiri. Balapan MotoGP dijadwalkan berlangsung selama 27 lap dengan total jarak 114,1 kilometer. Rangkaian akhir pekan dimulai pada Jumat (11/9), dilanjutkan kualifikasi dan Sprint pada Sabtu (12/9), kemudian balapan utama pada Minggu (13/9). Nah, berikut jadwal lengkapnya dalam Waktu Indonesia Barat (WIB) berdasarkan jadwal resmi MotoGP. MotoGP San Marino merupakan seri ke-14 dari kalender 2026 dan akan berlangsung di Misano pada 11-13 September. Baca juga: Marc Marquez Makin Dekat, Jorge Martin Akan Lawan! Jadwal MotoGP San Marino 2026 Jumat, 11 September 2026 Waktu WIB Kelas Sesi 14.00-14.35 Moto3 Free Practice 1 14.50-15.30 Moto2 Free Practice 1 15.45-16.30 MotoGP Free Practice 1 18.15-18.50 Moto3 Practice 19.05-19.45 Moto2 Practice 20.00-21.00 MotoGP Practice Sabtu, 12 September 2026 Waktu WIB Kelas Sesi 13.40-14.10 Moto3 Free Practice 2 14.25-14.55 Moto2 Free Practice 2 15.10-15.40 MotoGP Free Practice 2 15.50-16.05 MotoGP Qualifying 1 16.15-16.30 MotoGP Qualifying 2 17.45-18.00 Moto3 Qualifying 1 18.10-18.25 Moto3 Qualifying 2 18.40-18.55 Moto2 Qualifying 1 19.05-19.20 Moto2 Qualifying 2 20.00 WIB MotoGP Sprint, 13 lap Minggu, 13 September 2026 Waktu WIB Kelas Sesi 14.40-14.50 MotoGP Warm Up 16.00 WIB Moto3 Race, 20 lap 17.15 WIB Moto2 Race, 22 lap 19.00 WIB MotoGP Grand Prix, 27 lap (krs/ran) ... Tautan telah disalin hasil balapan aragon jadwal motogp san marino balapan motogp persaingan motogp klasemen motogp sirkuit misano motogp 2026 misano world circuit jorge martin marc marquez"
"Crutchlow Pilih Ai Ogura Jadi Favorit Setelah Marc Marquez, Ini Alasannya",https://sport.detik.com/moto-gp/d-8650870/crutchlow-pilih-ai-ogura-jadi-favorit-setelah-marc-marquez-ini-alasannya,"Jakarta - Cal Crutchlow membuat prediksi menarik soal kandidat juara MotoGP 2026. Setelah Marc Marquez, ia menyebut nama Ai Ogura. Crutchlow masih menilai Marc sebagai pebalap terbaik di grid saat ini. Tapi ketika diminta memilih favorit berikutnya, Ogura menjadi pilihannya. ""Kalau Anda bertanya kepada saya siapa pun selain Marc, saya akan memilih Ai Ogura,"" kata Crutchlow seperti dilansir Motosan . SCROLL TO CONTINUE WITH CONTENT Ogura memang sempat tampil luar biasa sebelum mengalami cedera. Pebalap Trackhouse Aprilia itu meraih lima podium dalam enam seri, termasuk kemenangan di MotoGP Belanda. Namun, Ogura kemudian mengalami cedera tangan saat latihan di Jepang sehingga harus absen di Aragon. Dampaknya cukup besar terhadap klasemen. Setelah seri Aragon, dia turun ke posisi kelima dengan 203 poin. ADVERTISEMENT Baca juga: Marc Marquez Diprediksi Jadi Rival Utama Jorge Martin, Ogura Kuda Hitam Crutchlow Suka Cara Ogura Balapan Crutchlow punya alasan teknis di balik pilihannya. Dia melihat karakter Ogura mirip dengan Dani Pedrosa, terutama dari aspek bobot tubuh. Ogura dengan berat sekitar 60 kg merupakan salah satu pebalap paling ringan di grid MotoGP. Menurut Crutchlow, kondisi tersebut membuat Ogura memiliki keunggulan dalam pengelolaan ban. ""Saya menyukainya, cara dia mengendarai motor. Satu-satunya kekurangannya adalah dia membutuhkan waktu lebih lama untuk mulai cepat dalam balapan,"" ujar Crutchlow. ""Dan saya tahu kenapa. Ini sangat mirip dengan Dani Pedrosa, yaitu soal bobot tubuhnya."" Ogura memang cenderung tidak langsung memaksimalkan ban pada awal balapan. Konsekuensinya, dia membutuhkan waktu untuk mendapatkan kecepatan terbaik. Tapi kondisi tersebut justru bisa menjadi keuntungan menjelang akhir balapan. ""[Ai] tidak mengaktifkan ban seperti pebalap lain pada tahap awal. Kemudian di akhir balapan, dia sangat menghemat ban sehingga masih punya banyak cadangan dibandingkan yang lain. Pada balapan yang lebih panas, dia jauh lebih baik karena bisa langsung memacu,"" kata Crutchlow. Selain itu Crutchlow juga memuji Jorge Martin, yang memuncaki klasemen MotoGP 2026 untuk sementara. Crutchlow melihat konsistensi sebagai faktor penting dalam perebutan gelar musim ini dan belakangan ini Martin disebutnya sebagai rider yang relatif konsisten. ""Jorge Martin sepertinya menjadi satu-satunya pebalap yang cukup konsisten saat ini. Dia tidak selalu menang, tetapi dia selalu ada ketika dibutuhkan,"" kata Crutchlow. Baca juga: Francesco Bagnaia di Titik Terendah (krs/yna) ... Tautan telah disalin ai ogura balapan jorge martin pebalap marc marquez cal crutchlow motogp cedera pengelolaan ban prediksi juara"
WEC 2026: WRT 32 Meraba COTA dari Hasil Free Practice,https://sport.detik.com/sport-lain/d-8650342/wec-2026-wrt-32-meraba-cota-dari-hasil-free-practice,"Austin - Team WRT 32 sudah menuntaskan sesi latihan bebas jelang balapan 6 Hours of COTA . Mereka menggunakan itu untuk meraba persaingan di atas lintasan. Circuit of The Americas (COTA) di Austin, AS, bakal menyajikan balapan sengit untuk dua kelas FIA World Endurance Championship (WEC) 2026 , Hypercar dan LMGT3. Hal itu terbaca dari dua sesi latihan sepanjang Jumat (4/9). Pada FP1, Ferrari dominan di kelas Hypercar dengan menyelesaikan sesi di P1 dan P2. Namun Aston Martin gantian menjadi yang tercepat pada FP2. SCROLL TO CONTINUE WITH CONTENT i kelas LMGT3, McLaren finis P1 dan P3 pada sesi awal dengan Mercedes ada di antara keduanya. Aston Martin melengkapi keperkasaan di FP2, karena bukan hanya di kelas Hypercar mereka jadi yang tercepat namun juga di kelas LMGT3. Heart of Racing Team #27 terpatri di P1, diikuti dua mobil Mercedes dan dua mobil McLaren. ADVERTISEMENT Dari hasil tersebut, tim pengguna Aston Martin, McLaren, dan Mercedes tampak siap untuk bersaing menjadi pemenang di Lone Star Le Mans atau 6 Hours of COTA. Mobil-mobil Amerika sendiri tampak belum memperlihatkan taji, ketika Corvette dan Ford belum berhasil menembus lima besar. Mengingt Corvette memimpin klasemen LMGT3, maka hasil di COTA bisa membuat perburuan gelar juara semakin sengit hingga akhir musim. Baca juga: WEC 2026: Paruh Kedua Musim Dimulai, Team WRT 32 Lebih Pede Team WRT sendiri memilih jalur berbeda dalam menatap lomba. WRT 32 bersama Sean, Darren, dan Augusto Farfus berada di P17 dan P16 pada FP1 dan FP2. Hal serupa juga terjadi untuk mobil WRT 69 yang finis di posisi kembar, P15, untuk dua FP. Walau tak terlalu signifikan, top speed juga bisa membantu mengingat COTA punya dua tempat ideal untuk menyusul, Tikungan 1 dan 12. Bila top speed bagus dan kesempatan terbuka, menyusul di dua tempat itu bisa menaikkan moral. Saat FP2, top speed BMW mampu bersaing dengan Aston Martin sebagai pemilik kecepatan maksimal sepanjang Jumat. Aston Martin menyentuh 256,5 km/jam, sementara BMW 255,3 km/jam. Hari Sabtu tergolong pendek untuk latihan, karena berdurasi satu jam. WRT 32 bersama Sean akan mencoba bersaing di Top 10 Qualifying sehingga lolos ke Hyperpole. Race 6 Hours of COTA disiarkan langsung di kanal youtube KUY Entertainment, Senin (7/9) mulai pukul 01.00 WIB. Baca juga: Ketika Sean Gelael Berbagi Pengalaman Balapan Video Sean Gelael soal Olahraga Balap Dianggap Mahal: Semua Itu Relatif! Video Sean Gelael soal Olahraga Balap Dianggap Mahal: Semua Itu Relatif! (mrp/bay) ... Tautan telah disalin sean gelael team wrt 32 team wrt 6 hours of cota fia wec 2026 wec 2026 world endurance championship"
Men's World Tennis Championship: Rafalentino/Ethan Gagal Juara,https://sport.detik.com/raket/d-8650339/mens-world-tennis-championship-rafalentino-ethan-gagal-juara,"Jakarta - Pupus sudah harapan Indonesia berjaya di Men's World Tennis Championship 2026 . Ini setelah Rafalentino Ali Da Costa/Ethan David Zapp kalah di final. Pada pertandingan puncak ganda putra Seri IV ITF World Tennis Tour M-1 di Lapangan A, Bali Beach Country, Nusa Dua, Sabtu (5/9/2026), Rafalentino/Ethan harus mengakui ketangguhan Alexander Chang/Pablo Perez Ramos. Di set pertama, Rafalentino/Ethan mengalami kesulitan mengimbangi permainan Alexander/Pablo. Petenis Amerika Serikat/Spanyol itu langsung menyerang lewat servis voli sebelum menang 6-3. SCROLL TO CONTINUE WITH CONTENT Memasuki set kedua, ganda tuan rumah yang sempat menyingkirkan unggulan pertma Isaac Becroft/Reece Falck bisa bangkit untu memberikan perlawanan hingga game ke-10 untuk membuat skor sama kuat 5-5. Namun, keunggulan pengalaman dari Alexander/Pablo dalam hal mematahkan servis lawan membuat mereka menang 7-5 dalam tempo 1 jam 11 menit untuk keluar sebagai juara. ADVERTISEMENT Meski menang, Pablo memuji permainan dari Rafalentino dan Ethan yang nyaris membuatnya kesulitan diset kedua. ""Kami bersyukur bisa menang karena lawan (Rafalentino dan Ethan) tampil luar biasa sehingga menyulitkan kami,"" ujar Pablo dalam rilis kepada detikSport. Sementara Alexander Kekompakkan dan komunikasi yang baik dengan partnernya membuahkan hasil gelar juara untuk yang kedua kali pada ajang M-15. Pada seri pertama, dia bersama Tanapat Nirundorn jadi juara di sektor yang sama. Baca juga: Men's World Tennis Championship: Ganda Indonesia Tembus Final Rafalentino/Ethan memang gagal juara, tapi pencapaian mereka diapresiasi Ketua Umum PP. Pelti periode 2018-2022 Rildo Ananda Anwar. ""Hadirnya talenta-talenta petenis muda merah putih seperti Rafalentino Ali Da Costa dan Ethan David Zapp di sektor putra serta Janice Tjen merupakan sebuah karunia sekaligus tantangan tersendiri dalam pembinaan tenis di Indonesia, agar prestasi mereka terus meningkat lewat jalur kompetisi, serta berjalannya proses regenerasi dengan baik,"" ujar Rildo. Sebagai runner-up, Rafalentino/Ethan mendapat hadiah 540 dolar AS serta trofi. Sedangkan Alexander/Pablo sebagai juara berhak atas 930 dolar AS serta tambahan 15 poin ATP. Sementara itu pada sektor tunggal putra yang hari ini mempertandingkan babak semifinal, petenis asal India Karan Singh berhasil mempertahankan performa impresifnya dengan memastikan diri melangkah ke partai puncak. Singh mengalahkan wakil Jepang Ryotaro Taguchi dua set langsung 6-3 dan 6-3. Karang akan bertemu Isaac Becroft dari Australia yang mengalahkan Leo Borg dalam waktu 1 jam 59 menit dengan skor 2-6, 6-4 dan 6-2. Baca juga: Men's World Tennis Championship: Nathan Barki ke Perempatfinal Video Manchester City Bersiap Hadapi Porto di Laga Perdana Liga Champions Video Manchester City Bersiap Hadapi Porto di Laga Perdana Liga Champions (mrp/bay) ... Tautan telah disalin men's world tennis championship 2026 amman mineral men's world tennis championship 2026 ethan david zapp rafalentino ali da costa"
Minala Cup Padel Diikuti Lebih dari 300 Peserta,https://sport.detik.com/sportstyle/d-8650215/minala-cup-padel-diikuti-lebih-dari-300-peserta,"Jakarta - Padel semakin semarak dengan hadirnya beragam turnamen. Ada Minala Cup Padel Tournament yang menyuguhkan hal menarik. Ajang ini digelar di PIPC Arteri, Kebayoran Lama, Jakarta Selatan, pada tanggal 5 dan 6 September 2026. Minala Cup Padel Tournament diikuti lebih dari 300 peserta. Tak sekadar menghadirkan persaingan di lapangan, turnamen tersebut juga menawarkan hadiah menarik dengan total uang tunai mencapai Rp 103,5 juta. Selain itu, panitia menyiapkan 400 koper serta doorprize berupa kesempatan menjalankan ibadah umrah ke Arab Saudi. SCROLL TO CONTINUE WITH CONTENT CEO Minala Tour & Travel, Muhammad Castallani, mengatakan pihaknya ingin memadukan olahraga, gaya hidup sehat, serta perjalanan spiritual. Minala Tour and Travel adalah perusahaan yang bergerak di layanan Umrah dan Haji. ""Kami berusaha ikut mendorong perkembangan olahraga padel di Indonesia yang saat ini sedang hype. Kami juga ingin menciptakan gaya hidup sehat di kalangan masyarakat luas, masyarakat Muslim juga tentunya,"" ujar Muhammad Castallani dalam konferensi pers di PIPC Arteri, Sabtu (5/9/2026). ADVERTISEMENT Baca juga: Misi Besar PBPI Menuju Olimpiade 2032 ""Melalui turnamen ini, kami ingin menghadirkan kompetisi yang kompetitif dan menghibur, sehingga para pemain bisa mendapatkan pengalaman bertanding yang seru, sementara penonton juga bisa menikmati atmosfer pertandingan yang positif,"" sambungnya. Ada lima kategori dalam Minala Cup Padel Tournament, yakni Women Lower Bronze, Mixed Lower Bronze, Mixed Bronze, Mens Lower Bronze dan Mens Bronze. Proses kurasi peserta dilakukan sesuai dengan prosedur kompetisi, dengan skema kerja sama dengan Gen 2 Padel, salah satu komunitas padel yang sudah berdiri beberapa tahun. ""Kami akan memberikan total hadiah cash Rp103,5 juta. Kemudian ada hadiah 400 koper. Ini juga menarik karena kami menjadi turnamen padel pertama di Indonesia yang memberikan hadiah 400 koper,"" kata Muhammad Castallani. CEO Shiratha, Aan Yugiastomo, selaku sponsor utama Minala Cup, berharap kolaborasi ini bisa memberikan hal baik untuk masyarakat. Adapun keinginan berkontribusi memajukan padel di Indonesia. ""Saya sangat yakin kolaborasi ini bisa membawa dampak positif untuk kami, para peserta, dan masyarakat luas. Saya berharap turnamen ini berlangsung lancar untuk 2 hari ini. Peserta happy semua, panitia dan rekan-rekan media juga senang dengan jalannya event ini. Dan tentunya semoga bisa membawa dampak besar bagi dunia olahraga padel yang sedang hype di Indonesia,"" Video Tukang Sampah Meruya Curhat Kerja Terganggu gegara Lapangan Padel Ini Video Tukang Sampah Meruya Curhat Kerja Terganggu gegara Lapangan Padel Ini (ran/bay) ... Tautan telah disalin padel turnamen padel"
"WRT 32 di Lone Star Le Mans: Startnya Sudah Bagus, tapi...",https://sport.detik.com/sport-lain/d-8653123/wrt-32-di-lone-star-le-mans-startnya-sudah-bagus-tapi,"Austin - Pupus sudah harapan Sean Gelael dan rekan-rekannya di Team WRT 32 meraih podium Lone Star Le Mans 2026 . Kendala teknis bikin mereka gagal dapat poin. Setelah meraih posisi start ketujuh di kualifikasi kelas LMGT3, Sean dkk.dalam kepercayaan diri tinggi menghadapi balapan di COTA, Senin (7/9) dini hari WIB. Bahkan posisi mereka naik satu strip karena penalti AF Cose 21. Pada balapan yang berlangsung di trek basah, Darren Leung sebagai starting driver langsung melesat ke posisi keenam dari urutan keempat saat start. SCROLL TO CONTINUE WITH CONTENT Leung bahkan sempat naik ke P2, walau persaingan ketat membuat pebalap Inggris ini lalu tertahan di P4. Setelah itu tiba-tiba Leung mundur teratur, dari P4 ke P6, P7, hingga mesti masuk pit karena problem teknis terdeteksi. Ternyata as-roda mobil BMW M4 GT3 yang dikendarainya bermasalah sehingga mesti diganti. ADVERTISEMENT Penggantian membutuhkan waktu cukup lama, 25 menit, sebelum Sean mengambil alih balapan dari Leung. Akan tetapi Sean tidak bisa berbuat banyak karena Team WRT 32 sudah tertinggal 10 lap dari mobil terdepan kelas LMGT3. Baca juga: WEC 2026: Sean Gelael Balapan di Austin Dini Hari, Start P7 Walau begitu, guna menuntaskan perjuangan, Sean, Leung, dan Augusto Farfus tetap berlaga hingga finis di P16. Bukan hasil yang diharapkan memang, tapi mereka sudah memberikan segalanya. ""Bukan hasil yang kami inginkan. Tapi, ya, balapan memang terkadang seperti ini,"" ujar Sean dalam rilis kepada detikSport. Balapan Lone Start Le Mans atau 6 Hours of COTA penuh drama sejak awal. Safety Car (SC) dan Full Course Yellow (FCY) berulangkali mesti diberlakukan untuk menetralisir lomba. Kelas LMGT3 jadi milik tim Heart of Racing Team #27. Sementara itu Ferrari akhirnya pecah telur di kelas Hypercar tahun ini lewat mobil nomor 50. Putaran kelima FIA WEC 2026 digelar di Sirkuit Fuji, Jepang, 27 September. Baca juga: WEC 2026: WRT 32 Meraba COTA dari Hasil Free Practice Video Sean Gelael soal Olahraga Balap Dianggap Mahal: Semua Itu Relatif! Video Sean Gelael soal Olahraga Balap Dianggap Mahal: Semua Itu Relatif! (mrp/rin) ... Tautan telah disalin sean gelael team wrt 32 team wrt lone star le mans fia wec 2026 world endurance championship"
"Setelah 9 Tahun Gelar Basket, Kini LJK 2026 Rambah Padel",https://sport.detik.com/sportstyle/d-8653121/setelah-9-tahun-gelar-basket-kini-ljk-2026-rambah-padel,"Jakarta - Liga Jasa Keuangan (LJK) yang lebih dikenal dengan kompetisi basket kini mulai merambah ke padel . LJK untuk pertama kalinya menggelar padel mulai tahun ini. Sebanyak 20 tim dari 20 institusi keuangan mengikuti rangkaian kompetisi yang dibuka oleh Wakil Ketua Dewan Komisioner Otoritas Jasa Keuangan (OJK) Hernawan Bekti Sasongko di Milo's Padel Kemang, Jakarta, Minggu (6/9/2026). Opening ceremony menghadirkan parade tim, pertandingan eksibisi level eksekutif, serta pertandingan awal fase grup. Kegiatan turut dihadiri Deputi Gubernur Bank Indonesia Solikin M. Juhro dan jajaran pimpinan dari berbagai institusi peserta. SCROLL TO CONTINUE WITH CONTENT Baca juga: Minala Cup Padel Diikuti Lebih dari 300 Peserta Peserta datang dari tiga kelompok utama; Sektor perbankan diwakili 13 institusi, sektor asuransi dan keuangan nonbank, dan kelompok regulator serta lembaga terkait. Setiap institusi menurunkan satu tim yang terdiri atas lima pemain putra dan lima pemain putri, serta didampingi maksimal tiga ofisial, dengan total sebanyak 200 pemain tercatat mengikuti turnamen. ADVERTISEMENT ""Masuknya padel sebagai cabang baru menunjukkan bahwa Liga Jasa Keuangan terus berkembang mengikuti minat insan jasa keuangan. Namun, yang paling penting bukan sekadar cabang olahraganya, melainkan semangat yang dibawa: berani bertanding, menjunjung sportivitas, dan membangun kekompakan,"" kata Ketua Pengurus LJK Insan Hasani. Dalam setiap pertemuan beregu, tim bertanding pada tiga kategori: Men's Doubles, Women's Doubles, dan Mixed Doubles. Kompetisi dimulai dari fase kualifikasi dan grup, kemudian berlanjut ke perempat final, semifinal, perebutan tempat ketiga, dan final. Format berjenjang tersebut membuat setiap hasil pada fase grup menentukan langkah tim menuju babak gugur. Penyelenggaraan juga didukung perangkat pertandingan profesional, pengaturan level pemain, sistem skor, dan publikasi kegiatan. Baca juga: Atlet Dunia Ramaikan Premiere Padel Indonesia ""Kami merancang kompetisi ini dalam format beregu agar setiap tim tampil sebagai satu kesatuan sehingga strategi, kedalaman skuad, dan konsistensi menjadi penentu. Harapannya, turnamen ini berlangsung kompetitif, fair, dan memberikan pengalaman pertandingan yang baik dan dapat dinikmati bagi seluruh peserta,"" ujar Ketua Pelaksana LJK Padel Greatman Rajab. LJK pertama kali diselenggarakan pada 2017 sebagai wadah olahraga bagi regulator, pelaku industri, dan pemangku kepentingan sektor jasa keuangan. Memasuki penyelenggaraan ke delapan pada 2026, penambahan padel memperluas cabang yang dipertandingkan sekaligus merespons minat komunitas terhadap olahraga tersebut. Mengusung tema ""Play Bold, Build Bonds"", LJK Padel 2026 memadukan persaingan yang sehat dengan sportivitas dan kekompakan tim. Penutupan pada 27 September 2026 akan menjadi momentum penyerahan penghargaan sekaligus apresiasi kepada seluruh tim yang mengikuti penyelenggaraan perdana cabang padel. Lebih dari sekadar kompetisi, LJK Padel 2026 diharapkan menjadi medium yang efektif untuk memperkuat konektivitas dan kolaborasi antarinsan industri jasa keuangan. Di saat yang sama, sportivitas yang tumbuh dalam pertandingan-melalui disiplin, integritas, kerja sama tim, dan sikap saling menghormati-mencerminkan nilai-nilai yang juga dibutuhkan dalam membangun ekosistem jasa keuangan yang sehat, solid, dan berkelanjutan. Video Tukang Sampah Meruya Curhat Kerja Terganggu gegara Lapangan Padel Ini Video Tukang Sampah Meruya Curhat Kerja Terganggu gegara Lapangan Padel Ini (mro/bay) ... Tautan telah disalin ljk padel"
Ngedadak Padel: Ketika Padel Jadi Ajang Reuni,https://sport.detik.com/sportstyle/d-8653076/ngedadak-padel-ketika-padel-jadi-ajang-reuni,"Jakarta - Padel kini sudah jadi gaya hidup masyarakat urban di Indonesia. Tidak cuma untuk berolahraga, padel bisa jadi ajang reunian. Hal ini yang dilakukan oleh alumni Fakultas Hukum (FH) Universitas Trisakti angkatan 1999. Pada Minggu (6/9/2026) kemarin, berlokasi HQ Padel & Tennis, Pesanggrahan, Jakarta Selatan, mereka melakukan kegiatan gathering namun dikemas dalam bentuk turnamen padel bertajuk ""Ngedadak Padel"". Para alumni FH Trisakti tersebut juga diperbolehkan membawa pasangan mereka masing-masing untuk bersaing dalam pertandingan nomor campuran. SCROLL TO CONTINUE WITH CONTENT Turnamen padel ini diikuti oleh 16 fixed partners dan mixed partners yang terbagi ke dalam 4 grup. Para peserta pun terlihat tampil antusias dan kompetitif. ""Intinya ini untuk menjaga silaturahmi. Kami angkatan 99 FH Trisakti memang sering membuat kegiatan kumpul-kumpul, dan salah satunya ini adalah padel. Apalagi padel juga sedang digemari, baik laki-laki maupun perempuan,"" ujar salah seorang panitia, Mega Ruhapy, dalam keterangan kepada media ADVERTISEMENT Kegiatan ini memang hanyalah ajang silaturahmi. Namun, panitia tampak begitu serius dalam menyelenggarakan acara. Podium untuk juara pertama, peringkat runner-up, dan ketiga disiapkan. Pemenang juga berhak mendapatkan penghargaan, medali, dan hadiah. Arie Pujianto, salah seorang alumni yang menjadi motor penggerak aktivitas olahraga di kalangan alumni FH Universitas Trisakti, menyebut angkatannya memang tergolong cukup aktif menggelar kegiatan seperti ini. Kegiatan olahraga seperti padel ini diyakini Arie menjadi pilihan yang tepat untuk bersilaturahmi karena baik alumni laki-laki maupun perempuan bisa berpartisipasi. Ngedadak Padel: Ketika Padel jadi ajang reuni. (Foto: dok.Ngedadak Padel) ""Kami dari zaman kuliah, udah lebih dari 25 tahun lalu, memang akur ya. Alhamdulillah masih berhubungan baik. Akhirnya sekarang kami coba main padel, karena para istri juga bisa main,"" kata Arie. ""Mudah-mudahan, dengan adanya turnamen padel perdana kami ini, bisa juga mengangkat kemauan dari angkatan FH Trisakti yang lain. Pastinya seru kalau seluruh FH Trisakti bisa melakukan gathering,"" sambungnya. Arie menyebut alumni angkatan 99 FH Trisakti juga berencana menggelar turnamen padel ke depannya, tetapi diadakan di Asha Beach Club & Resort di Pulau Payung, Kepulauan Seribu. Baca juga: Minala Cup Padel Diikuti Lebih dari 300 Peserta Tak Cuma Padel Arie dan para alumni FH Trisakti rupanya juga tergabung dalam klub sepak bola Inkracht Sakti FC, yang dijadwalkan mengikuti kejuaraan dunia antar advokat atau Mundiavocat 2027 di Bali, 21-25 April 2027. ""Mundiavocat ini juga jadi salah satu fokus kita. Kami dari Inkracht Sakti FC memang basicnya adalah para lawyer lulusan Trisakti. Namun, mungkin kami juga membuka peluang untuk mengajak pemain dari Peradi FC,"" ucap Arie. Arie yang menjabat sebagai kapten tim Inkracht Sakti FC, menambahkan, untuk menghadapi Mundiavocat tahun depan, skuad sudah harus terbentuk pada bulan November 2026 sehingga tim bisa lebih berkonsentrasi melakukan persiapan. Inkracht Sakti FC sendiri telah menunjuk seorang pelatih profesional yang dikenal di kalangan olahraga futsal, yakni Mario Silitonga. Mario memang sudah berkali-kali membawa tim advokat Indonesia berkompetisi di kejuaraan dunia sepak bola antar advokat. Tangan dingin dan pengalaman Mario diharapkan bisa membawa Inkracht Sakti FC mencapai prestasi membanggakan. ""Untuk Mundiavocat, biasanya negara unggulan dari Asia itu adalah Thailand, Iran, dan Jepang. Dulu saya pernah membawa tim sepak bola advokat Indonesia sampai ke peringkat ketiga,"" kata Mario. Agenda terdekat, Inkracht Sakti FC akan menggelar pertandingan pemanasan menghadapi para mantan pemain profesional Malaysia, Sabah FC, di Jakarta, 20 September. Baca juga: Atlet Dunia Ramaikan Premiere Padel Indonesia Video Tukang Sampah Meruya Curhat Kerja Terganggu gegara Lapangan Padel Ini Video Tukang Sampah Meruya Curhat Kerja Terganggu gegara Lapangan Padel Ini (mrp/bay) ... Tautan telah disalin padel alumni fh trisakti ngedadak padel"
Menjaga Gaya Hidup Sehat Lewat Hyrox,https://sport.detik.com/sportstyle/d-8653072/menjaga-gaya-hidup-sehat-lewat-hyrox,"Jakarta - Hyrox tak dipungkiri lagi naik daun di dunia, terutama di Indonesia. Olahraga ini memang punya peran penting dalam menjaga stamina tubuh. Hyrox adalah kompetisi kebugaran global yang mengombinasikan lari jarak jauh dengan latihan fungsional dalam satu rangkaian perlombaan yang intens. Olahraga ini pertama kali diluncurkan di Jerman pada tahun 2017 dan dengan cepat berkembang menjadi fenomena internasional. Tujuan utama dari kompetisi ini adalah untuk menguji daya tahan (endurance) serta kekuatan (strength) peserta secara menyeluruh. SCROLL TO CONTINUE WITH CONTENT Berbeda dengan kompetisi atletik lainnya yang sering kali ditujukan hanya untuk profesional, Hyrox dirancang agar inklusif bagi semua tingkat kebugaran. Peserta pemula hingga atlet elit dapat berkompetisi di bawah standar yang sama dengan waktu penyelesaian yang tercatat secara digital. Hal ini menjadikan Hyrox sebagai salah satu jenis kompetisi fitness race yang paling populer di dunia saat ini. ADVERTISEMENT Itulah mengapa banyak pusat kebugaran di kota-kota besar di Indonesia memasukkan Hyrox sebagai salah satu ""jualan"" karena tingginya peminat. Apalagi saat ini sudah sering dilihat kompetisi hyrox dipertandingkan. Tidak cuma dipertandingkan secara resmi, Hyrox juga kerap dijadikan sebagai gimmick dalam sebuah seremoni, salah satunya seperti di Hari Kemerdekaan ke-81 RI bulan lalu. Synergy Worldwide Indonesia, perusahaan yang bergerak di bidang nutrisi dan wellness Synergy, berkolaborasi dengan South Barn menghadirkan sebuah kompetisi fitness yang memadukan semangat olahraga, kompetisi, dan tradisi perayaan 17 Agustus melalui acara ""17 Agustusan Throwdown"" Baca juga: Soal Olahraga Hyrox yang Lagi Naik Daun di Indonesia Mengusung konsep kompetisi bergaya HYROX, 17 Agustusan Throwdown menghadirkan tantangan fisik yang menguji kekuatan, daya tahan, kecepatan, dan ketangguhan peserta. Namun, berbeda dari kompetisi fitness pada umumnya, acara ini juga membawa suasana khas perayaan kemerdekaan Indonesia melalui berbagai lomba 17 Agustusan, seperti lomba makan kerupuk, dan mengigit sendok dengan kelereng. ""Kami ingin menghadirkan sesuatu yang berbeda dalam menyambut Hari Kemerdekaan. Fitness dan olahraga memiliki nilai yang sangat dekat dengan semangat perjuangan, konsistensi, disiplin, keberanian untuk menghadapi tantangan, dan tidak mudah menyerah. Melalui 17 Agustusan Throwdown, kami ingin menggabungkan nilai-nilai tersebut dengan keceriaan dan kebersamaan yang menjadi ciri khas perayaan 17 Agustus di Indonesia, Produk-produk Synergy Indonesia juga hadir untuk mendukung performa para pecinta Olahraga & Fitness"" ujar Dina Yuliyanti selaku Senior Marketing Manager Synergy Worldwide Indonesia dalam keterangan kepada detikSport. Kolaborasi bersama South Barn juga menjadi bagian dari upaya menghadirkan pengalaman olahraga yang lebih inklusif dan menyenangkan bagi komunitas. Para peserta tidak hanya ditantang untuk menunjukkan kemampuan fisik mereka dalam arena kompetisi, tetapi juga diajak untuk menikmati suasana perayaan kemerdekaan bersama komunitas dan rekan-rekan sesama pecinta olahraga. Konsep ""work hard, play hard"" menjadi salah satu semangat utama acara ini. Yang menggabungkan antara tantangan fisik dalam kompetisi dan permainan-permainan khas 17 Agustus yang menghadirkan suasana santai, penuh tawa, dan kompetisi yang bersahabat. Kehadiran 17 Agustusan Throwdown sekaligus mencerminkan semakin berkembangnya budaya fitness dan olahraga fungsional di Indonesia. Kompetisi seperti Hyrox menggabungkan berbagai elemen latihan, mulai dari kekuatan, kardio, hingga functional movements, sehingga menuntut peserta untuk memiliki kemampuan fisik yang menyeluruh. Melalui kegiatan ini, Synergy Worldwide Indonesia dan South Barn berharap semangat kemerdekaan tidak hanya dirayakan melalui seremonial, tetapi juga diwujudkan melalui gaya hidup aktif, sehat, sportif, dan penuh kebersamaan. Baca juga: Wellnest Festival Vol. 2 Kembali Hadir! Ikut Mat Pilates Cuma 100 Ribuan Video Viral Pria Umur 81 Taklukkan Hyrox Jakarta, Latihannya Nggak Main-main Video Viral Pria Umur 81 Taklukkan Hyrox Jakarta, Latihannya Nggak Main-main (mrp/bay) ... Tautan telah disalin hyrox"
Men's World Tennis Championship: 3 Wakil RI Gagal ke Babak Utama Seri V,https://sport.detik.com/raket/d-8653071/mens-world-tennis-championship-3-wakil-ri-gagal-ke-babak-utama-seri-v,"Nusa Dua - Men's World Tennis Championship 2026 sudah memasuki seri V. Sayang, tiga petenis tuan rumah gagal melaju ke babak utama. Pada putaran final kualifikasi Seri V M-15 Men's World Tennis Championship 2026, Senin (7/9/2026), Indonesia menurunkan tiga wakilnya, yakni Ethan Jake Frans, Ethan David Zapp, dan Kareem Abdul Hakim. Tapi ketiganya malah gagal menuntaskan misinya lolos ke babak utama turnamen yang berhadiah total 20 ribu dolar AS. Ada total 32 petenis dari 14 negara yang tampil di babak kualifikasi. SCROLL TO CONTINUE WITH CONTENT Bertanding di lapangan A, Bali Beach Country Club, Nusa Dua, Ethan baru saja merayakan ulang tahun ke-17 itu harus tumbang dari unggulan keempat Shanker Heisnam. Ethan yang akhir pekan lalu jadi runner-up Seri IV bersama Rafalentino Da Costa kalah dengan skor 2-6 dan 3-6 dalam waktu 1,5 jam. ADVERTISEMENT Baca juga: Men's World Tennis Championship: Karan Singh Juara Seri IV Ethan Jake, 14 tahun, yang merupakan putra eks petenis Indonesia Wyne Prakusya kalah dari unggulan ketujuh asal Amerika Serikat Stefan Menichell, dengan skor 6-7 tiebreak 3 dan 3-6 dalam waktu 2 jam 4 menit. ""Saya tetap puas dengan performa saya di final kualifikasi ini. Apalagi saya kalah dari petenis asing seperti Stefan yang unggul teknik dan pengalaman serta peringkat ATP yang lebih tinggi,"" ujar Ethan Jake dalam rilis kepada detikSport. Wakil RI ketiga yang gagal adalah Kareem Abdul Hakim. Dia takluk dari unggulan kelima dari Selandia Baru, Matthew Shearer, 2-6 dan 5-7. Dengan hasil itu, Indonesia cuma punya empat wakil di babak utama, yakni unggulan kedua M Rifqi Fitriadi, serta Anthony Susanto, Nathan Bark, dan Rafalentino Ali Da Costa yang masuk ke babak utama dengan fasilitas wild card. Sementara itu di sektor ganda putra, Indonesia akan diperkuat oleh Rafalentino Ali Dacosta/Ethan David Zapp, Ethan Jake Frans/M. Ragil Putra, Anthony Susanto yang menggandeng petenis Taiwan Yang Cheng Chen sebagai pasangannya serta Kareem Abdul Hakim yang berpartner dengan Andrez Nech dari Hungaria. Baca juga: Men's World Tennis Championship: Rafalentino/Ethan Gagal Juara Video Manchester City Bersiap Hadapi Porto di Laga Perdana Liga Champions Video Manchester City Bersiap Hadapi Porto di Laga Perdana Liga Champions (mrp/rin) ... Tautan telah disalin men's world tennis championship 2026 amman mineral men's world tennis championship 2026"
"Debut di Rok Cup Indonesia 2026, Barra Ghaisan Torehkan Catatan Positif",https://sport.detik.com/sport-lain/d-8653014/debut-di-rok-cup-indonesia-2026-barra-ghaisan-torehkan-catatan-positif,"Jakarta - Barra Ghaisan Zeinatma menunjukkan perkembangan positif pada musim debutnya di ESHARK Rok Cup Indonesia 2026. Turun di kelas Mini Rok, Pembalap muda Indonesia ini mampu mengoleksi sejumlah podium setelah menjalani proses adaptasi sepanjang musim. Pebalap berusia 13 tahun yang memperkuat Avenue Rising Star Racing Team itu baru tampil mulai Round 2 karena harus beradaptasi dengangokartbaru. Pada Seri 2, Barra finis di posisi ke-12, sebelum meningkat ke peringkat ke-10 pada Seri 3. Performa Barra semakin menonjol pada Seri 4. Ia meraih posisi kelima kategori Mini Newbie dan peringkat ketiga Mini Rok Rising Star. SCROLL TO CONTINUE WITH CONTENT Memasuki Seri 5, Barra kembali naik podium dengan menjadi juara pertama kategori Mini Newbie dan runner-up Mini Rok B. Performa tersebut berlanjut pada Seri 6 yang berlangsung 5-6 September 2026. Ia meraih posisi kedua Mini Newbie, posisi kelima Mini Rok, dan posisi keempat Mini Rok Rising Star. ""Musim pertama ini menjadi proses belajar yang sangat penting bagi Barra. Setiap seri memberikan pengalaman dan tantangan baru,"" kata ayah Barra, Jeffri Ardiatma, kepada awak media. ADVERTISEMENT Jeffri juga mengingatkan Barra untuk tetap memperhatikan pendidikan. Saat ini, Barra tercatat sebagai siswa kelas 7 SMP Labschool Cirendeu. ""Yang penting juga untuk Barra agar fokus dengan sekolahnya. Kami selalu berharap yang terbaik untuk Barra,"" lanjutnya. Setelah menyelesaikan musim pertamanya di kelas Mini Rok, Barra diproyeksikan naik ke kelas Junior Rok pada ESHARK Rok Cup Indonesia 2027. Ia juga dijadwalkan mengikuti sejumlah seri Rok Cup Asia di Macau, Malaysia, dan Thailand. Video: Momen Puluhan Remaja Terjaring Razia Balap Liar di Kota Pasuruan Video: Momen Puluhan Remaja Terjaring Razia Balap Liar di Kota Pasuruan (ran/yna) ... Tautan telah disalin gokart barra ghaisan zeinatma balapan"
MotoGP San Marino: Antusiasme Bezzecchi Balapan di 'Rumah Sendiri',https://sport.detik.com/moto-gp/d-8652587/motogp-san-marino-antusiasme-bezzecchi-balapan-di-rumah-sendiri,"Jakarta - Marco Bezzecchi tak sabar menghadapi MotoGP San Marino 2026. Bagi pebalap Aprilia itu, balapan di Sirkuit Misano punya arti khusus karena lokasinya sangat dekat dengan kampung halamannya, Rimini. MotoGP San Marino akan berlangsung di Misano pada 11-13 September. Bezzecchi menyebut seri ini selalu terasa berbeda dibandingkan balapan lainnya. ""Grand Prix kandang selalu memiliki sesuatu yang ajaib dan spesial,"" kata Bezzecchi seperti dilansir Motosan . SCROLL TO CONTINUE WITH CONTENT Misano memang seperti rumah kedua bagi Bezzecchi. Sirkuit tersebut hanya berjarak beberapa kilometer dari Rimini, tempat kelahirannya. Saking dekatnya, Bezzecchi bahkan masih akan tinggal di rumah hingga Kamis sebelum pindah ke motorhome untuk menjalani rangkaian akhir pekan balapan. ADVERTISEMENT ""Misano benar-benar wilayah rumah saya. Saya di rumah sampai Kamis. Jadi, ya, ini luar biasa; selalu menjadi perasaan yang luar biasa, selalu memiliki rasa yang spesial,"" ujarnya. Baca juga: Jadwal MotoGP San Marino 2026: Misi Marc Marquez Kejar Jorge Martin Bezzecchi Datang dengan Modal Bagus Antusiasme Bezzecchi semakin besar setelah dua seri terakhir memberinya hasil positif. Ia berhasil mengumpulkan poin penting untuk tetap berada dalam persaingan gelar MotoGP 2026. ""Beberapa waktu terakhir memang cukup sulit, tetapi dua balapan terakhir berjalan dengan baik. Kami berhasil mendapatkan kembali beberapa poin,"" katanya. Setelah MotoGP Aragon, Bezzecchi berada di posisi ketiga klasemen. Ia tertinggal 24 poin dari Jorge Martin yang memimpin, sementara Marc Marquez berada di posisi kedua dengan selisih 19 poin dari Martin. Karena itu, balapan di Misano bukan sekadar home race bagi Bezzecchi. Pebalap Italia tersebut juga punya kesempatan untuk memangkas jarak dalam perebutan gelar di depan pendukungnya sendiri. ""Anda harus percaya pada diri sendiri, Anda harus berjuang. Kimi melakukannya, dan saya tentu akan berusaha memberikan yang terbaik,"" ujar Bezzecchi. Baca juga: Marc Marquez Makin Dekat, Jorge Martin Akan Lawan! (krs/yna) ... Tautan telah disalin san marino motogp marco bezzecchi sirkuit misano balapan antusiasme pebalap italia klasemen motogp home race gelar juara"
Dokter Perkirakan Kondisi Lengan Marc Marquez: Sekitar 50 Persen,https://sport.detik.com/moto-gp/d-8652425/dokter-perkirakan-kondisi-lengan-marc-marquez-sekitar-50-persen,"Jakarta - Marc Marquez masih harus beradaptasi dengan kondisi lengan kanan yang jauh dari normal. Dokter yang pernah mengoperasinya, Samuel Antuna, mengungkap kekuatan lengan tersebut kini hanya sekitar 50 persen. Antu?Ÿ?ña menjelaskan kondisi itu merupakan dampak dari berbagai cedera dan operasi yang dijalani Marc. Kecelakaan di MotoGP Indonesia tahun lalu menjadi titik balik karena kembali memperburuk kondisi lengan kanannya. ""Sebelum kecelakaan di Indonesia, dia baik-baik saja. Dia bisa balapan, tidak merasakan sakit dan tidak mengeluhkan apa pun. Kecelakaan itu mengubah semuanya,"" kata Antuna kepada El Periodico yang dilansir Motosan . SCROLL TO CONTINUE WITH CONTENT Baca juga: Crutchlow Pilih Ai Ogura Jadi Favorit Setelah Marc Marquez, Ini Alasannya Masalah Marc kemudian semakin rumit karena saraf radial di lengannya sempat tertekan serpihan tulang. Kondisi itu membuatnya kehilangan kendali atas lengan saat berada dalam posisi tertentu di atas motor dan berkontribusi terhadap sejumlah kecelakaan. ADVERTISEMENT Setelah menjalani operasi untuk mengatasi masalah tersebut, kondisinya membaik. Namun, kekuatan lengan kanannya tetap jauh di bawah lengan kiri. ""Dia memiliki latissimus dorsi yang kuat, tetapi secara mekanis terganggu. Hal yang sama berlaku pada teres major. Namun, masalah utamanya adalah dia kehilangan kekuatan pada bisep,"" ujar Antuna. Baca juga: Jadwal MotoGP San Marino 2026: Misi Marc Marquez Kejar Jorge Martin ""Lengan itu sangat terbatas dalam hal kekuatan, terutama pada bisep. Saya memperkirakan kekuatannya sekitar 50 persen dari kapasitasnya,"" lanjutnya. Antuna menegaskan Marc tidak kehilangan otot. Namun, sejumlah otot seperti trisep, latissimus dorsi, teres major, dan pektoralis mayor terdampak berbagai operasi sehingga mengalami perubahan dan sedikit atrofi. Kondisi tersebut membuat lengan kanan Marc tidak memiliki kekuatan yang sama dengan lengan kirinya. Meski begitu, pebalap Ducati itu mampu beradaptasi dengan keterbatasan fisiknya dan tetap kompetitif di MotoGP. (krs/yna) ... Tautan telah disalin marc marquez kondisi lengan kekuatan otot cedera olahraga motogp operasi lengan saraf radial adaptasi fisik kesehatan atlet bisep lemah"
"Mamma Mia, Antonelli",https://sport.detik.com/f1/d-8651642/mamma-mia-antonelli,"Monza - Pebalap Mercedes GP Kimi Antonelli tampil luar biasa untuk memenangi F1 GP Italia 2026 . Tak cuma comeback, Antonelli bikin rekor baru. Pada balapan di Sirkuit Monza, Minggu (6/92/206) malam WIB, Antonelli mendapat penalti sehingga harus start dari grid alias posisi ke-19. Tapi, Antonelli cuma butuh dua lap untuk bisa mendekati posisi 10 besar dan kemudian mengambil alih balapan saat memasuki lap ke-18. Posisi itu dipertahankan Antonelli sampai akhir. SCROLL TO CONTINUE WITH CONTENT Kemenangan yang bikin Antonelli kukuh di puncak klasemen pebalap F1 dengan 267 poin, unggul 56 angka dari rekan setim George Russell di posisi kedua dan 76 angka dari Hamilton di posisi ketiga. Ini merupakan kemenangan ketujuh Antonelli musim ini, paling banyak sepanjang sejarah keikutsertaan pebalap Italia di F1. ADVERTISEMENT Baca juga: Hasil F1 GP Italia 2026: Kimi Antonelli Menang, Mercedes 1-2 Hebatnya Antonelli juga menyudahi puasa panjang pebalap Italia di Monza, setelah terakhir Ludovico Scarfiotti bersama Ferrari tahun 1966. Antonelli juga jadi pebalap termuda yang menang di Monza dalam usia 20 tahun 12 hari, sekaligus orang Italia pertama yang naik podium di balapan itu sejak 2005. ""Luar biasa! Saya senang sekali. Saya tidak pernah membayangkan bisa ada di sini hari ini, tapi kami mewujudkannya. Bak mimpi jadi nyata. Hari luar biasa. Saya tidak bisa melakukan ini tanpa bantuan tim, keluarga, dan semua yang mendukung saya,"" ujar Antonelli seperti dilansir Reuters. ""Masih ada beberapa balapan lagi, kami tidak boleh jemawa. Namun, kami akan menikmati dulu kemenangan hari ini,"" sambungnya. Baca juga: Hasil F1 GP Belanda 2026: Lando Norris Juara Video Manchester City Bersiap Hadapi Porto di Laga Perdana Liga Champions Video Manchester City Bersiap Hadapi Porto di Laga Perdana Liga Champions (mrp/nds) ... Tautan telah disalin kimi antonelli mercedes gp f1 gp italia 2026 f1 gp italia f1 2026 formula 1 2026"
Men's World Tennis Championship: Karan Singh Juara Seri IV,https://sport.detik.com/raket/d-8651603/mens-world-tennis-championship-karan-singh-juara-seri-iv,"Nusa Dua - Selesai sudah Seri IV M-15 Men's World Tennis Championship 2026 . Petenis India Karan Singh berjaya di nomor tunggal putra. Pada pertandingan final di Lapangan A, Bali Beach Country, Nusa Dua, Minggu (6/9/2026), Karan menghadapi perlawanan Isaac Becroft yang merupakan juara seri kedua Agustus lalu. Menyajikan dua karakter permainan yang berbeda, pertarungan keduanya seru dan menarik. Karan dengan gayanya yang tenang melawan kelincahan Isaac asal Selandia Baru. Karan akhirnya bisa menang 7-5 di set pertama. SCROLL TO CONTINUE WITH CONTENT Memasuki set kedua, intensitas pertandingan tetap berlangsung dengan tempo tinggi karena Isaac berupaya membalas kekalahan di set pertama. Karan merespons dengan baik dan terjadi susul-menyusul angka sampai laga harus dituntaskan dengan babak tiebreak karena sama kuat 6-6 Dengan kesabaran serta kelincahan dalam menutup area lapangan dari serangan lawan, Karan memenangi babak ini dengan skor 7-6 tiebreak 3. ADVERTISEMENT Baca juga: Men's World Tennis Championship: Rafalentino/Ethan Gagal Juara Karan senang bukan main bisa meraih gelar Seri IV. Apalagi gelar itu didapat setelah melewati duel 2 jam 5 menit kontra Isaac yang dinilai sebagai lawan yang tangguh. ""Merupakan sebuah kebanggaan dapat menjadi yang terbaik di ajang M-15 Bali. Apalagi lawan (Isaac Becroft) juga bermain sangat luar biasa. Gelar ini semakin menambah motivasi tampil di seri kelima,"" ujar Karan dalam rilis kepada detikSport. Karan berhak atas hadiah uang USD 2.160 serta tambahan 15 poin ATP, sementara Isaac mendapat USD 1.272 serta trofi. Penyerahan hadiah dilakukan Heru Gunawan selaku Area Business Team Leader BNI Kanwil Denpasar, yang didampingi Ketua Pelti periode 2018-2022 Rildo Ananda Anwar. TITF World Tennis Tour M-15 Amman Mineral Men's World Tennis Championship 2026 langsung lanjut ke Seri V, Senin (7/9). Ada 32 petenis di babak kualifikasi yang memperebutkan delapan slot ke babak utama. Baca juga: Men's World Tennis Championship: Ganda Indonesia Tembus Final Video Manchester City Bersiap Hadapi Porto di Laga Perdana Liga Champions Video Manchester City Bersiap Hadapi Porto di Laga Perdana Liga Champions (mrp/nds) ... Tautan telah disalin men's world tennis championship 2026 amman mineral men's world tennis championship 2026 karan singh"
"Jete Run Festival 2026 Selesai, Masuk Rekor MURI",https://sport.detik.com/sportstyle/d-8651462/jete-run-festival-2026-selesai-masuk-rekor-muri,"Surabaya - Jete Run Festival 2026 baru saja selesai digelar akhir pekan ini. Event lari itu juga masuk buku rekor MURI . Ajang lari itu digelar di kawasan Balai Kota Surabaya, Minggu, (6/9/2026). Lebih dari 5.000 pelari ambil bagian dalam dua kategori, yakni 5K dan 10K. Start dibuka langsung oleh Wali Kota Surabaya Eri Cahyadi. Jete Run tahun ini juga tampil dengan format yang lebih luas dan berbeda dari sebelumnya. Bukan hanya mengajak masyarakat berlari, penyelenggara mengemasnya menjadi festival olahraga dan gaya hidup dengan berbagai aktivitas pendukung. SCROLL TO CONTINUE WITH CONTENT Pemilihan Balai Kota Surabaya sebagai pusat Jete Run 2026 memberikan pengalaman berbeda bagi para peserta. Start dan finis berada di jantung kota, sementara rutenya membawa pelari melintasi sejumlah ruas jalan utama Surabaya yang penuh dengan lanskap ikonik Kota Pahlawan. Untuk kategori 5K, peserta memulai perjalanan dari Balai Kota Surabaya sebelum menuju Jalan Pemuda. Rute kemudian berlanjut melewati Jalan Panglima Sudirman, Jalan Basuki Rahmat, Jalan Gubernur Suryo, hingga Jalan Wuni sebelum kembali menuju garis finis di Balai Kota. ADVERTISEMENT Sedangkan untuk kategori 10K membawa pelari menjelajah area pusat kota dengan cakupan lebih luas. Selepas start dari Balai Kota, peserta bergerak menuju Jalan Pemuda, Jalan Panglima Sudirman, dan Jalan Basuki Rahmat. Para pelari kemudian diajak menikmati lanskap lainnya melalui Jalan Embong Malang, kawasan Blauran, Jalan Bubutan, Jalan Pahlawan, hingga Jalan Yos Sudarso sebelum kembali menyelesaikan lomba di kawasan Balai Kota Surabaya. Rute tersebut membuat peserta tidak sekadar menyelesaikan jarak. Mereka sekaligus melintasi sejumlah koridor pusat kota yang menjadi bagian dari wajah Surabaya. Di sepanjang jalur, penyelenggara turut menyediakan titik water station dan layanan medis untuk mendukung kebutuhan peserta selama kegiatan berlangsung. ""Jete Run tahun ini kita mengambil venue yang berbeda dari sebelum-sebelumnya di Citraland. Balai Kota jadi pilihan karena kita ingin menghadirkan nuansa lari dengan konsep lanskap kota modern khas Surabaya yang penuh nilai sejarah. Jadi, sepanjang rute, pelari akan melintasi jalanan dan tempat bersejarah di kota ini,"" ungkap Jhonny Thio Doran selaku CEO dan Founder Jete dalam rilis kepada detikSport. Baca juga: Jete Run 2026 Bidik 10 Ribu Pelari Banyaknya kegiatan yang menyertai penyelenggaraan Jete Run Festival 2026 kemudian menghasilkan catatan tersendiri. MURI memberikan penghargaan kepada Jete untuk kategori ajang lari dengan ragam kegiatan pendukung terbanyak. Jete Run Festival 2026 menghadirkan 21 kegiatan pendukung dalam berbagai kategori, mulai dari olahraga, wellness, kreativitas, hingga kegiatan yang mempertemukan berbagai komunitas. Rekor tersebut menjadi salah satu penanda perkembangan Jete Run dari sebuah kegiatan olahraga menuju festival dengan cakupan yang lebih luas. ""Terima kasih kepada seluruh masyarakat di Indonesia yang telah mendukung dan mempercayakan JETE sebagai pilihan Anda dalam beraktivitas sehari-hari. Mulai dari bekerja, berolahraga, dan menikmati hiburan di era digital. Pencapaian luar biasa ini mustahil tercapai tanpa adanya dukungan dari keluarga, tim, konsumen setia JETE dan masyarakat. Sekali lagi, terima kasih untuk semuanya,"" papar Jhonny. ""Piagam MURI yang didapat memang menjadi pencapaian terbaik di tahun ini. Namun, kita janganlah berada di atas angin dan melupakan kualitas. Ini adalah sebagai pengingat bagi brand untuk terus berinovasi di tengah teknologi yang terus berkembang dan memberikan yang terbaik. Terutama menjadikan Jete sebagai solusi kebutuhan produk aksesoris gadget, smarthome, dan wearable. Begitu juga dengan event olahraga dalam mendukung gaya hidup sehat,"" tutupnya. Baca juga: Jete Run Goes To Bali 2025 Sukses, Diikuti Ribuan Pelari Video Pameran 80 Lukisan Tokoh di Muskitnas hingga Raih Rekor MURI Video Pameran 80 Lukisan Tokoh di Muskitnas hingga Raih Rekor MURI (mrp/bay) ... Tautan telah disalin jete run festival 2026 jete jete run lari muri rekor muri"
Menkomdigi Imbau Warga Waspadai Dampak Erupsi Anak Krakatau,https://sport.detik.com/advertorial-news-block/d-8651455/menkomdigi-imbau-warga-waspadai-dampak-erupsi-anak-krakatau,"Jakarta - Menteri Komunikasi dan Digital (Menkomdigi) Meutya Hafid mengimbau masyarakat untuk tetap tenang dan meningkatkan kewaspadaan menyusul aktivitas erupsi Gunung Anak Krakatau di Selat Sunda. Ia juga meminta masyarakat memantau informasi dari sumber terpercaya. ""Yang paling penting adalah tetap tenang, tetapi jangan mengurangi kewaspadaan. Masyarakat perlu mengikuti arahan dari otoritas terkait dan memastikan informasi yang diterima berasal dari sumber yang dapat dipercaya,"" kata Meutya dalam keterangan tertulis, Minggu (6/9/2026). Seperti diketahui, Gunung Anak Krakatau (GAK) menunjukkan aktivitas vulkanik yang sangat signifikan sejak Jumat (4/9) malam dan kini statusnya berada pada Level III atau Siaga. Abu vulkanik juga telah terdeteksi menyebar ke sejumlah wilayah, termasuk Banten, DKI Jakarta, dan Jawa Barat. SCROLL TO CONTINUE WITH CONTENT Erupsi GAK pun menyebabkan sejumlah penerbangan dibatalkan dan menimbulkan kekhawatiran masyarakat akibat isu potensi tsunami yang akan ditimbulkan. Dentuman dan getaran yang sempat terjadi di sebagian wilayah Jawa Barat akibat aktivitas GAK juga cukup membuat masyarakat khawatir. Terkait hal ini, Meutya meminta masyarakat mengikuti perkembangan aktivitas Gunung Anak Krakatau dan kondisi sebaran abu vulkanik dari sumber-sumber resmi dan terpercaya, terutama melalui kanal resmi pemerintah, antara lain PVMBG, BMKG, BNPB, pemerintah daerah, serta instansi terkait lainnya. ADVERTISEMENT ""Pastikan keakuratan informasi dari pihak-pihak yang memiliki kewenangan terkait kebencanaan gunung berapi demi menghindari misinformasi atau informasi menyesatkan yang dapat menyebabkan keresahan,"" ungkapnya. Lebih lanjut, Meutya mengingatkan masyarakat untuk tidak menyebarkan informasi yang belum terverifikasi kebenarannya terkait kondisi Gunung Anak Krakatau. ""Dalam situasi seperti ini, informasi yang tidak benar dapat menimbulkan kepanikan. Karena itu, saring sebelum sharing. Pastikan informasi yang kita terima berasal dari sumber resmi dan dapat dipertanggungjawabkan,"" tegas Meutya. Meutya pun mendorong masyarakat agar tetap tenang, namun juga meningkatkan kewaspadaan, khususnya bagi warga yang tinggal di dekat GAK dan yang wilayahnya turut terdampak abu vulkanik. ""Tetap waspada, tetap tenang, dan jangan mudah percaya pada informasi yang belum jelas sumbernya dari mana,"" jelasnya. Sementara bagi masyarakat yang berada di wilayah terdampak abu vulkanik, Meutya mengimbau untuk melakukan sejumlah langkah demi menjaga keselamatan dan kesehatan. Pertama, gunakan masker yang tepat apabila harus beraktivitas di luar rumah, seperti masker N95 atau KN95, untuk membantu menyaring partikel abu vulkanik. Kedua, gunakan kacamata pelindung dan hindari penggunaan lensa kontak atau softlens selama kondisi udara masih dipengaruhi abu vulkanik. Ketiga, kurangi aktivitas di ruang terbuka. Apabila tidak ada keperluan mendesak, masyarakat disarankan untuk tetap berada di dalam ruangan dan membatasi paparan abu vulkanik. Keempat, bagi masyarakat yang harus berkendara, kurangi kecepatan dan tingkatkan kewaspadaan. Abu vulkanik dapat mengurangi jarak pandang dan membuat permukaan jalan menjadi licin. Kelima, cuci tangan dan wajah setelah beraktivitas di luar ruangan serta pastikan sumber air bersih terlindungi dari paparan abu. Selain itu, Meutya mengimbau masyarakat, wisatawan, dan nelayan untuk tidak mendekati kawasan Gunung Anak Krakatau atau melakukan aktivitas dalam radius 3 kilometer dari kawah aktif, sesuai rekomendasi PVMBG. ""Keselamatan adalah yang utama. Tidak perlu panik, namun tetap selalu waspada dan menjaga keselamatan serta kesehatan,"" pungka Meutya. (komdigi/sls) Tautan telah disalin komdigi"
"Hasil F1 GP Italia 2026: Kimi Antonelli Menang, Mercedes 1-2",https://sport.detik.com/f1/d-8651436/hasil-f1-gp-italia-2026-kimi-antonelli-menang-mercedes-1-2,"Monza - Pebalap Mercedes GP Kimi Antonelli berhasil merebut kemenangan di F1 GP Italia 2026 . Semakin lengkap karena rekan setimnya George Russell finis kedua. Pada balapan yang dihelat di Sirkuit Monza, Minggu (6/9/2026) malam WIB, Antonelli sejatinya tidak punya posisi start yang bagus, yakni dari urutan ketujuh. Apalagi dia mendapat penalti sehingga harus turun jauh ke urutan ke-19 alias start dari grid. SCROLL TO CONTINUE WITH CONTENT Pierre Gasly secara mengejutkan melajukan Alpine miliknya ke posisi pole, disusul Russell di posisi kedua, dan driver McLaren Oscar Piastri di posisi ketiga. Duo pebalap tuan rumah, Charles Leclerc dan Lewis Hamilton, di posisi keempat serta kelima. Bendera merah sudah muncul di lap kedua saat Leclerc harus out dari balapan karena menabrak dinding. ADVERTISEMENT Leclerc kehilangan kendali mobilnya tak lama setelah menyalip Piastri untuk naik ke posisi keempat. Russell saat itu masih memimpin balapan disusul Gasly dan Max Verstappen. Antonelli sudah naik tujuh strip ke urutan ke-12 saat insiden terjadi. Setelah itu Antonelli pelan tapi pasti mampu memperbaiki posisinya. Baca juga: Hasil F1 GP Belanda 2026: Lando Norris Juara Masuknya virtual safety car membuat Antonelli bisa mendekati Russell di sepertiga balapan. Salip-menyalip terjadi antara keduanya di lap ke-22, sebelum Antonelli mengunci posisi terdepan. Russell tidak mampu mengejar Antonelli sampai 53 lap berlalu, sehingga rekan setimnya itu muncul sebagai pemenang. Russell harus puas di posisi kedua disusul Verstappen. McLaren menempatkan dua pebalapnya di lima besar, Lando Norris di urutan keempat dan Piastri di urutan kelima. Hamilton menjaga nama baik Ferrari dengan finis keenam. Melengkapi 10 besar adalah Gasly, Arvid Lindblad, Franco Colapinto, dan Yuki Tsunoda. Antonelli makin kukuh di puncak klasemen F1 dengan 267 poin, unggul 56 angka dari Russell di posisi kedua dan 76 angka dari Hamilton di posisi ketiga. Hasil F1 GP Italia 2026 Pos Pebalap Tim Lap 1 Kimi Antonelli Mercedes AMG Petronas F1 Team 53 2 George Russell Mercedes AMG Petronas F1 Team +3.8s 3 Max Verstappen Oracle Red Bull Racing +14.7s 4 Lando Norris McLaren Mastercard F1 Team +19.0s 5 Oscar Piastri McLaren Mastercard F1 Team +19.2s 6 Lewis Hamilton Scuderia Ferrari HP +24.6s 7 Pierre Gasly BWT Alpine F1 Team +27.3s 8 Arvid Lindblad Visa Cash App Racing Bulls F1 Team +45.1s 9 Franco Colapinto BWT Alpine F1 Team +47.3s 10 Yuki Tsunoda Visa Cash App Racing Bulls F1 Team +58.1s 11 Gabriel Bortoleto Audi Revolut F1 Team +65.1s 12 Nico Hulkenberg Audi Revolut F1 Team +66.1s 13 Carlos Sainz Atlassian Williams F1 Team +74.1s 14 Liam Lawson Oracle Red Bull Racing +75.6s 15 Oliver Bearman TGR Haas F1 Team +78.9s 16 Esteban Ocon TGR Haas F1 Team +1 Lap 17 Alex Albon Atlassian Williams F1 Team +1 Lap 18 Sergio Perez Cadillac F1 Team +1 Lap 19 Valtteri Bottas Cadillac F1 Team +2 Laps DNF Lance Stroll Aston Martin Aramco F1 Team DNF DNF Fernando Alonso Aston Martin Aramco F1 Team DNF DNF Charles Leclerc Scuderia Ferrari HP DNF Baca juga: Kualifikasi F1 GP Belanda 2026: Norris Rebut Pole Position Video Manchester City Bersiap Hadapi Porto di Laga Perdana Liga Champions Video Manchester City Bersiap Hadapi Porto di Laga Perdana Liga Champions (mrp/bay) ... Tautan telah disalin george russell kimi antonelli f1 gp italia 2026 f1 gp italia mercedes gp f1 2026 formula 1 2026"
"WEC 2026: Sean Gelael Balapan di Austin Dini Hari, Start P7",https://sport.detik.com/sport-lain/d-8651374/wec-2026-sean-gelael-balapan-di-austin-dini-hari-start-p7,"Austin - Sean Gelael dan Team WRT 32 akan coba meraih podium di Lone Star Le Mans dini hari nanti. Mereka start ketujuh. Keras keras mencapai posisi start itu didapat dari kualifikasi kelas LMGT3 di COTA, Minggu (6/9) dini hari WIB kemarin. Darren Leung sebagai pebalap bronze memulai di qualifying dengan baik untuk menuntaskan di posisi ke-8. Alhasil, Sean sebagai pebalap silver berhak tampil di Hyperpole. Dia tancap gas untuk membukukan waktu 2 menit 05,0888 detik untuk mencapai posisi ketujuh. SCROLL TO CONTINUE WITH CONTENT Ini merupakan pencapaian terbaik dari mobil BMW di seluruh kelas. Menurunkan empat mobil, masing-masing dua di Hypercar dan LMGT3, cuma bisa start di luar 10 besar. Sama halnya dengan mobil 69 di kelas LMGT3 yang start dari posisi ke-16. ADVERTISEMENT Baca juga: WEC 2026: WRT 32 Meraba COTA dari Hasil Free Practice ""Hasil yang bagus, Darren dan Sean bekerja sangat baik. Kami siap untuk lomba besok,"" ujar Augusto Farfus dalam rilis kepada detikSport. ""Austin selalu jadi tempat yang baik bagi saya, semoga besok juga begitu. Bismillah,"" timpal Sean. Race 6 Hours of COTA atau kini disebut Lone Star Le Mans itu disiarkan langsung di kanal youtube KUY Entertainment, Senin (7/9) mulai pukul 01.00 dini hari WIB. Baca juga: WEC 2026: Paruh Kedua Musim Dimulai, Team WRT 32 Lebih Pede Video Sean Gelael soal Olahraga Balap Dianggap Mahal: Semua Itu Relatif! Video Sean Gelael soal Olahraga Balap Dianggap Mahal: Semua Itu Relatif! (mrp/bay) ... Tautan telah disalin 6 hours of austin lone star le mans sean gelael team wrt 32 team wrt fia wec 2026 wec 2026"
KTM Suka Antusiasme Luca Marini,https://sport.detik.com/moto-gp/d-8651046/ktm-suka-antusiasme-luca-marini,"Jakarta - KTM punya sejumlah alasan merekrut Luca Marini ke Tech3 untuk MotoGP 2027. Pebalap Italia itu dinilai bukan cuma membawa pengalaman, tetapi juga bisa membantu KTM mengembangkan motor di era baru. Marini akan meninggalkan Honda HRC setelah tiga musim dan bergabung dengan Tech3 mulai 2027. Kepindahan tersebut sudah resmi diumumkan pada Agustus lalu. Ia akan menjadi salah satu bagian dari proyek baru Tech3 bersama KTM. Direktur motorsport KTM, Pit Beirer, mengungkapkan bahwa ketertarikan Marini terhadap proyek KTM menjadi salah satu faktor penting dalam keputusan tersebut. SCROLL TO CONTINUE WITH CONTENT ""Kami sangat senang dia bergabung dengan kami. Luca menunjukkan ketertarikannya sejak awal, dan menurut saya penting memiliki seseorang yang benar-benar ingin datang ke sini,"" kata Beirer seperti dilansir Crash.net . Baca juga: Luca Marini Gabung ke Tim Satelit KTM di MotoGP 2027 ADVERTISEMENT Bagi KTM, antusiasme itu bukan satu-satunya pertimbangan. Marini juga dianggap punya kemampuan yang dibutuhkan untuk membantu pengembangan motor. ""Ketika berbicara dengan orang-orang di sekitarnya, jelas bahwa dia juga merupakan sosok yang hebat untuk membantu membuat motor menjadi lebih baik,"" ujar Beirer. KTM Ingin Marini Bantu Kembangkan Motor MotoGP akan memasuki era baru pada 2027. Kapasitas mesin akan turun dari 1.000 cc menjadi 850 cc, disertai perubahan besar pada regulasi teknis dan penggunaan ban Pirelli. KTM sendiri sudah mempersiapkan proyek tersebut. Mereka telah menguji mesin yang dirancang untuk era regulasi baru dan memastikan Tech3 tetap menjadi bagian dari proyek KTM mulai 2027. Dalam situasi seperti itu, pengalaman pebalap menjadi sangat penting. Beirer mengatakan KTM memang sengaja mencari kombinasi pebalap berpengalaman dan pebalap muda untuk Tech3. Baca juga: 4 Rider Ini Masih Tunggu Kemenangan Perdana MotoGP ""Kami berkomitmen sejak awal: kami ingin pebalap muda dan kami ingin pebalap berpengalaman. Kami tidak ingin memiliki dua pebalap muda karena ini bukan tim rookie. Ini adalah tim MotoGP yang kuat dan sekelas tim utama."" Karena itu, KTM menilai kombinasi Marini dengan pebalap muda nantinya bisa menjadi formula yang ideal. Keputusan merekrut Marini juga mendapat respons positif dari para pebalap yang akan memperkuat KTM pada 2027. Beirer menyebut para pebalap baru KTM mengetahui kemampuan Marini dalam membantu pengembangan motor. ""Mereka sangat senang karena tahu apa yang bisa dilakukan Luca dan bagaimana dia bisa membantu mengembangkan motor,"" ujarnya. (krs/yna) ... Tautan telah disalin luca marini ktm motogp 2027 tech3 pengembangan motor pebalap italia antusiasme regulasi motogp pengalaman pebalap kombinasi pebalap muda dan berpengalaman"
Jadwal MotoGP San Marino 2026: Misi Marc Marquez Kejar Jorge Martin,https://sport.detik.com/moto-gp/d-8650852/jadwal-motogp-san-marino-2026-misi-marc-marquez-kejar-jorge-martin,"Jakarta - MotoGP 2026 akan berlanjut ke San Marino. Seri ke-14 musim ini akan digelar di Misano World Circuit Marco Simoncelli pada 11-13 September 2026. Jorge Martin untuk sementara masih memimpin klasemen MotoGP 2026. Tapi keunggulannya mulai tergerus setelah Marc Marquez tampil sempurna di Aragon. Marc berhasil memenangi Sprint dan balapan utama di Aragon. Sementara Martin hanya finis kelima di kedua sesi tersebut. SCROLL TO CONTINUE WITH CONTENT Hasil itu membuat Marc memangkas jarak dengan Martin menjadi 19 poin. Martin kini mengoleksi 256 poin, sedangkan Marc mengumpulkan 237 poin. Marco Bezzecchi berada di posisi ketiga dengan 232 poin. Balapan Aragon sendiri dimenangi Marc setelah tampil dominan. Ia meraih 25 poin dari balapan utama, sementara Martin hanya mendapat 11 poin. Data resmi MotoGP mencatat Marc finis pertama, Pedro Acosta kedua, Bezzecchi ketiga, dan Martin kelima. ADVERTISEMENT Dengan sembilan seri tersisa, persaingan perebutan gelar pun semakin terbuka. Marc Marquez kini hanya berjarak kurang dari satu kemenangan penuh dari Jorge Martin. Kini selisih keduanya hanya 19 poin. Bezzecchi juga belum bisa dicoret. Pebalap Aprilia itu hanya terpaut lima poin dari Marc dan 24 poin dari Martin. Artinya, tiga pebalap teratas masih berada dalam persaingan yang sangat ketat menuju paruh akhir musim. Baca juga: Duel 300 Km/Jam Marc Marquez Vs Bezzecchi di Aragon: Motor seperti Nempel Klasemen MotoGP 2026 Berikut klasemen sementara MotoGP 2026 setelah seri Aragon: Pos Pebalap Tim Poin 1 Jorge Martin Aprilia Racing 256 2 Marc Marquez Ducati Lenovo Team 237 3 Marco Bezzecchi Aprilia Racing 232 4 Fabio Di Giannantonio VR46 Ducati 208 5 Ai Ogura Trackhouse Aprilia 203 6 Pedro Acosta KTM 189 7 Raul Fernandez Trackhouse Aprilia 186 8 Francesco Bagnaia Ducati Lenovo Team 143 9 Alex Marquez Gresini Ducati 128 10 Fermin Aldeguer Gresini Ducati 90 MotoGP San Marino Digelar di Misano Seri San Marino berlangsung di Misano World Circuit Marco Simoncelli. Sirkuit tersebut memiliki panjang 4,23 kilometer, dengan 16 tikungan yang terdiri dari 10 tikungan kanan dan enam tikungan kiri. Balapan MotoGP dijadwalkan berlangsung selama 27 lap dengan total jarak 114,1 kilometer. Rangkaian akhir pekan dimulai pada Jumat (11/9), dilanjutkan kualifikasi dan Sprint pada Sabtu (12/9), kemudian balapan utama pada Minggu (13/9). Nah, berikut jadwal lengkapnya dalam Waktu Indonesia Barat (WIB) berdasarkan jadwal resmi MotoGP. MotoGP San Marino merupakan seri ke-14 dari kalender 2026 dan akan berlangsung di Misano pada 11-13 September. Baca juga: Marc Marquez Makin Dekat, Jorge Martin Akan Lawan! Jadwal MotoGP San Marino 2026 Jumat, 11 September 2026 Waktu WIB Kelas Sesi 14.00-14.35 Moto3 Free Practice 1 14.50-15.30 Moto2 Free Practice 1 15.45-16.30 MotoGP Free Practice 1 18.15-18.50 Moto3 Practice 19.05-19.45 Moto2 Practice 20.00-21.00 MotoGP Practice Sabtu, 12 September 2026 Waktu WIB Kelas Sesi 13.40-14.10 Moto3 Free Practice 2 14.25-14.55 Moto2 Free Practice 2 15.10-15.40 MotoGP Free Practice 2 15.50-16.05 MotoGP Qualifying 1 16.15-16.30 MotoGP Qualifying 2 17.45-18.00 Moto3 Qualifying 1 18.10-18.25 Moto3 Qualifying 2 18.40-18.55 Moto2 Qualifying 1 19.05-19.20 Moto2 Qualifying 2 20.00 WIB MotoGP Sprint, 13 lap Minggu, 13 September 2026 Waktu WIB Kelas Sesi 14.40-14.50 MotoGP Warm Up 16.00 WIB Moto3 Race, 20 lap 17.15 WIB Moto2 Race, 22 lap 19.00 WIB MotoGP Grand Prix, 27 lap (krs/ran) ... Tautan telah disalin hasil balapan aragon jadwal motogp san marino balapan motogp persaingan motogp klasemen motogp sirkuit misano motogp 2026 misano world circuit jorge martin marc marquez"
"Crutchlow Pilih Ai Ogura Jadi Favorit Setelah Marc Marquez, Ini Alasannya",https://sport.detik.com/moto-gp/d-8650870/crutchlow-pilih-ai-ogura-jadi-favorit-setelah-marc-marquez-ini-alasannya,"Jakarta - Cal Crutchlow membuat prediksi menarik soal kandidat juara MotoGP 2026. Setelah Marc Marquez, ia menyebut nama Ai Ogura. Crutchlow masih menilai Marc sebagai pebalap terbaik di grid saat ini. Tapi ketika diminta memilih favorit berikutnya, Ogura menjadi pilihannya. ""Kalau Anda bertanya kepada saya siapa pun selain Marc, saya akan memilih Ai Ogura,"" kata Crutchlow seperti dilansir Motosan . SCROLL TO CONTINUE WITH CONTENT Ogura memang sempat tampil luar biasa sebelum mengalami cedera. Pebalap Trackhouse Aprilia itu meraih lima podium dalam enam seri, termasuk kemenangan di MotoGP Belanda. Namun, Ogura kemudian mengalami cedera tangan saat latihan di Jepang sehingga harus absen di Aragon. Dampaknya cukup besar terhadap klasemen. Setelah seri Aragon, dia turun ke posisi kelima dengan 203 poin. ADVERTISEMENT Baca juga: Marc Marquez Diprediksi Jadi Rival Utama Jorge Martin, Ogura Kuda Hitam Crutchlow Suka Cara Ogura Balapan Crutchlow punya alasan teknis di balik pilihannya. Dia melihat karakter Ogura mirip dengan Dani Pedrosa, terutama dari aspek bobot tubuh. Ogura dengan berat sekitar 60 kg merupakan salah satu pebalap paling ringan di grid MotoGP. Menurut Crutchlow, kondisi tersebut membuat Ogura memiliki keunggulan dalam pengelolaan ban. ""Saya menyukainya, cara dia mengendarai motor. Satu-satunya kekurangannya adalah dia membutuhkan waktu lebih lama untuk mulai cepat dalam balapan,"" ujar Crutchlow. ""Dan saya tahu kenapa. Ini sangat mirip dengan Dani Pedrosa, yaitu soal bobot tubuhnya."" Ogura memang cenderung tidak langsung memaksimalkan ban pada awal balapan. Konsekuensinya, dia membutuhkan waktu untuk mendapatkan kecepatan terbaik. Tapi kondisi tersebut justru bisa menjadi keuntungan menjelang akhir balapan. ""[Ai] tidak mengaktifkan ban seperti pebalap lain pada tahap awal. Kemudian di akhir balapan, dia sangat menghemat ban sehingga masih punya banyak cadangan dibandingkan yang lain. Pada balapan yang lebih panas, dia jauh lebih baik karena bisa langsung memacu,"" kata Crutchlow. Selain itu Crutchlow juga memuji Jorge Martin, yang memuncaki klasemen MotoGP 2026 untuk sementara. Crutchlow melihat konsistensi sebagai faktor penting dalam perebutan gelar musim ini dan belakangan ini Martin disebutnya sebagai rider yang relatif konsisten. ""Jorge Martin sepertinya menjadi satu-satunya pebalap yang cukup konsisten saat ini. Dia tidak selalu menang, tetapi dia selalu ada ketika dibutuhkan,"" kata Crutchlow. Baca juga: Francesco Bagnaia di Titik Terendah (krs/yna) ... Tautan telah disalin ai ogura balapan jorge martin pebalap marc marquez cal crutchlow motogp cedera pengelolaan ban prediksi juara"
WEC 2026: WRT 32 Meraba COTA dari Hasil Free Practice,https://sport.detik.com/sport-lain/d-8650342/wec-2026-wrt-32-meraba-cota-dari-hasil-free-practice,"Austin - Team WRT 32 sudah menuntaskan sesi latihan bebas jelang balapan 6 Hours of COTA . Mereka menggunakan itu untuk meraba persaingan di atas lintasan. Circuit of The Americas (COTA) di Austin, AS, bakal menyajikan balapan sengit untuk dua kelas FIA World Endurance Championship (WEC) 2026 , Hypercar dan LMGT3. Hal itu terbaca dari dua sesi latihan sepanjang Jumat (4/9). Pada FP1, Ferrari dominan di kelas Hypercar dengan menyelesaikan sesi di P1 dan P2. Namun Aston Martin gantian menjadi yang tercepat pada FP2. SCROLL TO CONTINUE WITH CONTENT i kelas LMGT3, McLaren finis P1 dan P3 pada sesi awal dengan Mercedes ada di antara keduanya. Aston Martin melengkapi keperkasaan di FP2, karena bukan hanya di kelas Hypercar mereka jadi yang tercepat namun juga di kelas LMGT3. Heart of Racing Team #27 terpatri di P1, diikuti dua mobil Mercedes dan dua mobil McLaren. ADVERTISEMENT Dari hasil tersebut, tim pengguna Aston Martin, McLaren, dan Mercedes tampak siap untuk bersaing menjadi pemenang di Lone Star Le Mans atau 6 Hours of COTA. Mobil-mobil Amerika sendiri tampak belum memperlihatkan taji, ketika Corvette dan Ford belum berhasil menembus lima besar. Mengingt Corvette memimpin klasemen LMGT3, maka hasil di COTA bisa membuat perburuan gelar juara semakin sengit hingga akhir musim. Baca juga: WEC 2026: Paruh Kedua Musim Dimulai, Team WRT 32 Lebih Pede Team WRT sendiri memilih jalur berbeda dalam menatap lomba. WRT 32 bersama Sean, Darren, dan Augusto Farfus berada di P17 dan P16 pada FP1 dan FP2. Hal serupa juga terjadi untuk mobil WRT 69 yang finis di posisi kembar, P15, untuk dua FP. Walau tak terlalu signifikan, top speed juga bisa membantu mengingat COTA punya dua tempat ideal untuk menyusul, Tikungan 1 dan 12. Bila top speed bagus dan kesempatan terbuka, menyusul di dua tempat itu bisa menaikkan moral. Saat FP2, top speed BMW mampu bersaing dengan Aston Martin sebagai pemilik kecepatan maksimal sepanjang Jumat. Aston Martin menyentuh 256,5 km/jam, sementara BMW 255,3 km/jam. Hari Sabtu tergolong pendek untuk latihan, karena berdurasi satu jam. WRT 32 bersama Sean akan mencoba bersaing di Top 10 Qualifying sehingga lolos ke Hyperpole. Race 6 Hours of COTA disiarkan langsung di kanal youtube KUY Entertainment, Senin (7/9) mulai pukul 01.00 WIB. Baca juga: Ketika Sean Gelael Berbagi Pengalaman Balapan Video Sean Gelael soal Olahraga Balap Dianggap Mahal: Semua Itu Relatif! Video Sean Gelael soal Olahraga Balap Dianggap Mahal: Semua Itu Relatif! (mrp/bay) ... Tautan telah disalin sean gelael team wrt 32 team wrt 6 hours of cota fia wec 2026 wec 2026 world endurance championship"
Men's World Tennis Championship: Rafalentino/Ethan Gagal Juara,https://sport.detik.com/raket/d-8650339/mens-world-tennis-championship-rafalentino-ethan-gagal-juara,"Jakarta - Pupus sudah harapan Indonesia berjaya di Men's World Tennis Championship 2026 . Ini setelah Rafalentino Ali Da Costa/Ethan David Zapp kalah di final. Pada pertandingan puncak ganda putra Seri IV ITF World Tennis Tour M-1 di Lapangan A, Bali Beach Country, Nusa Dua, Sabtu (5/9/2026), Rafalentino/Ethan harus mengakui ketangguhan Alexander Chang/Pablo Perez Ramos. Di set pertama, Rafalentino/Ethan mengalami kesulitan mengimbangi permainan Alexander/Pablo. Petenis Amerika Serikat/Spanyol itu langsung menyerang lewat servis voli sebelum menang 6-3. SCROLL TO CONTINUE WITH CONTENT Memasuki set kedua, ganda tuan rumah yang sempat menyingkirkan unggulan pertma Isaac Becroft/Reece Falck bisa bangkit untu memberikan perlawanan hingga game ke-10 untuk membuat skor sama kuat 5-5. Namun, keunggulan pengalaman dari Alexander/Pablo dalam hal mematahkan servis lawan membuat mereka menang 7-5 dalam tempo 1 jam 11 menit untuk keluar sebagai juara. ADVERTISEMENT Meski menang, Pablo memuji permainan dari Rafalentino dan Ethan yang nyaris membuatnya kesulitan diset kedua. ""Kami bersyukur bisa menang karena lawan (Rafalentino dan Ethan) tampil luar biasa sehingga menyulitkan kami,"" ujar Pablo dalam rilis kepada detikSport. Sementara Alexander Kekompakkan dan komunikasi yang baik dengan partnernya membuahkan hasil gelar juara untuk yang kedua kali pada ajang M-15. Pada seri pertama, dia bersama Tanapat Nirundorn jadi juara di sektor yang sama. Baca juga: Men's World Tennis Championship: Ganda Indonesia Tembus Final Rafalentino/Ethan memang gagal juara, tapi pencapaian mereka diapresiasi Ketua Umum PP. Pelti periode 2018-2022 Rildo Ananda Anwar. ""Hadirnya talenta-talenta petenis muda merah putih seperti Rafalentino Ali Da Costa dan Ethan David Zapp di sektor putra serta Janice Tjen merupakan sebuah karunia sekaligus tantangan tersendiri dalam pembinaan tenis di Indonesia, agar prestasi mereka terus meningkat lewat jalur kompetisi, serta berjalannya proses regenerasi dengan baik,"" ujar Rildo. Sebagai runner-up, Rafalentino/Ethan mendapat hadiah 540 dolar AS serta trofi. Sedangkan Alexander/Pablo sebagai juara berhak atas 930 dolar AS serta tambahan 15 poin ATP. Sementara itu pada sektor tunggal putra yang hari ini mempertandingkan babak semifinal, petenis asal India Karan Singh berhasil mempertahankan performa impresifnya dengan memastikan diri melangkah ke partai puncak. Singh mengalahkan wakil Jepang Ryotaro Taguchi dua set langsung 6-3 dan 6-3. Karang akan bertemu Isaac Becroft dari Australia yang mengalahkan Leo Borg dalam waktu 1 jam 59 menit dengan skor 2-6, 6-4 dan 6-2. Baca juga: Men's World Tennis Championship: Nathan Barki ke Perempatfinal Video Manchester City Bersiap Hadapi Porto di Laga Perdana Liga Champions Video Manchester City Bersiap Hadapi Porto di Laga Perdana Liga Champions (mrp/bay) ... Tautan telah disalin men's world tennis championship 2026 amman mineral men's world tennis championship 2026 ethan david zapp rafalentino ali da costa"
Minala Cup Padel Diikuti Lebih dari 300 Peserta,https://sport.detik.com/sportstyle/d-8650215/minala-cup-padel-diikuti-lebih-dari-300-peserta,"Jakarta - Padel semakin semarak dengan hadirnya beragam turnamen. Ada Minala Cup Padel Tournament yang menyuguhkan hal menarik. Ajang ini digelar di PIPC Arteri, Kebayoran Lama, Jakarta Selatan, pada tanggal 5 dan 6 September 2026. Minala Cup Padel Tournament diikuti lebih dari 300 peserta. Tak sekadar menghadirkan persaingan di lapangan, turnamen tersebut juga menawarkan hadiah menarik dengan total uang tunai mencapai Rp 103,5 juta. Selain itu, panitia menyiapkan 400 koper serta doorprize berupa kesempatan menjalankan ibadah umrah ke Arab Saudi. SCROLL TO CONTINUE WITH CONTENT CEO Minala Tour & Travel, Muhammad Castallani, mengatakan pihaknya ingin memadukan olahraga, gaya hidup sehat, serta perjalanan spiritual. Minala Tour and Travel adalah perusahaan yang bergerak di layanan Umrah dan Haji. ""Kami berusaha ikut mendorong perkembangan olahraga padel di Indonesia yang saat ini sedang hype. Kami juga ingin menciptakan gaya hidup sehat di kalangan masyarakat luas, masyarakat Muslim juga tentunya,"" ujar Muhammad Castallani dalam konferensi pers di PIPC Arteri, Sabtu (5/9/2026). ADVERTISEMENT Baca juga: Misi Besar PBPI Menuju Olimpiade 2032 ""Melalui turnamen ini, kami ingin menghadirkan kompetisi yang kompetitif dan menghibur, sehingga para pemain bisa mendapatkan pengalaman bertanding yang seru, sementara penonton juga bisa menikmati atmosfer pertandingan yang positif,"" sambungnya. Ada lima kategori dalam Minala Cup Padel Tournament, yakni Women Lower Bronze, Mixed Lower Bronze, Mixed Bronze, Mens Lower Bronze dan Mens Bronze. Proses kurasi peserta dilakukan sesuai dengan prosedur kompetisi, dengan skema kerja sama dengan Gen 2 Padel, salah satu komunitas padel yang sudah berdiri beberapa tahun. ""Kami akan memberikan total hadiah cash Rp103,5 juta. Kemudian ada hadiah 400 koper. Ini juga menarik karena kami menjadi turnamen padel pertama di Indonesia yang memberikan hadiah 400 koper,"" kata Muhammad Castallani. CEO Shiratha, Aan Yugiastomo, selaku sponsor utama Minala Cup, berharap kolaborasi ini bisa memberikan hal baik untuk masyarakat. Adapun keinginan berkontribusi memajukan padel di Indonesia. ""Saya sangat yakin kolaborasi ini bisa membawa dampak positif untuk kami, para peserta, dan masyarakat luas. Saya berharap turnamen ini berlangsung lancar untuk 2 hari ini. Peserta happy semua, panitia dan rekan-rekan media juga senang dengan jalannya event ini. Dan tentunya semoga bisa membawa dampak besar bagi dunia olahraga padel yang sedang hype di Indonesia,"" Video Tukang Sampah Meruya Curhat Kerja Terganggu gegara Lapangan Padel Ini Video Tukang Sampah Meruya Curhat Kerja Terganggu gegara Lapangan Padel Ini (ran/bay) ... Tautan telah disalin padel turnamen padel"
"WRT 32 di Lone Star Le Mans: Startnya Sudah Bagus, tapi...",https://sport.detik.com/sport-lain/d-8653123/wrt-32-di-lone-star-le-mans-startnya-sudah-bagus-tapi,"Austin - Pupus sudah harapan Sean Gelael dan rekan-rekannya di Team WRT 32 meraih podium Lone Star Le Mans 2026 . Kendala teknis bikin mereka gagal dapat poin. Setelah meraih posisi start ketujuh di kualifikasi kelas LMGT3, Sean dkk.dalam kepercayaan diri tinggi menghadapi balapan di COTA, Senin (7/9) dini hari WIB. Bahkan posisi mereka naik satu strip karena penalti AF Cose 21. Pada balapan yang berlangsung di trek basah, Darren Leung sebagai starting driver langsung melesat ke posisi keenam dari urutan keempat saat start. SCROLL TO CONTINUE WITH CONTENT Leung bahkan sempat naik ke P2, walau persaingan ketat membuat pebalap Inggris ini lalu tertahan di P4. Setelah itu tiba-tiba Leung mundur teratur, dari P4 ke P6, P7, hingga mesti masuk pit karena problem teknis terdeteksi. Ternyata as-roda mobil BMW M4 GT3 yang dikendarainya bermasalah sehingga mesti diganti. ADVERTISEMENT Penggantian membutuhkan waktu cukup lama, 25 menit, sebelum Sean mengambil alih balapan dari Leung. Akan tetapi Sean tidak bisa berbuat banyak karena Team WRT 32 sudah tertinggal 10 lap dari mobil terdepan kelas LMGT3. Baca juga: WEC 2026: Sean Gelael Balapan di Austin Dini Hari, Start P7 Walau begitu, guna menuntaskan perjuangan, Sean, Leung, dan Augusto Farfus tetap berlaga hingga finis di P16. Bukan hasil yang diharapkan memang, tapi mereka sudah memberikan segalanya. ""Bukan hasil yang kami inginkan. Tapi, ya, balapan memang terkadang seperti ini,"" ujar Sean dalam rilis kepada detikSport. Balapan Lone Start Le Mans atau 6 Hours of COTA penuh drama sejak awal. Safety Car (SC) dan Full Course Yellow (FCY) berulangkali mesti diberlakukan untuk menetralisir lomba. Kelas LMGT3 jadi milik tim Heart of Racing Team #27. Sementara itu Ferrari akhirnya pecah telur di kelas Hypercar tahun ini lewat mobil nomor 50. Putaran kelima FIA WEC 2026 digelar di Sirkuit Fuji, Jepang, 27 September. Baca juga: WEC 2026: WRT 32 Meraba COTA dari Hasil Free Practice Video Sean Gelael soal Olahraga Balap Dianggap Mahal: Semua Itu Relatif! Video Sean Gelael soal Olahraga Balap Dianggap Mahal: Semua Itu Relatif! (mrp/rin) ... Tautan telah disalin sean gelael team wrt 32 team wrt lone star le mans fia wec 2026 world endurance championship"
"Setelah 9 Tahun Gelar Basket, Kini LJK 2026 Rambah Padel",https://sport.detik.com/sportstyle/d-8653121/setelah-9-tahun-gelar-basket-kini-ljk-2026-rambah-padel,"Jakarta - Liga Jasa Keuangan (LJK) yang lebih dikenal dengan kompetisi basket kini mulai merambah ke padel . LJK untuk pertama kalinya menggelar padel mulai tahun ini. Sebanyak 20 tim dari 20 institusi keuangan mengikuti rangkaian kompetisi yang dibuka oleh Wakil Ketua Dewan Komisioner Otoritas Jasa Keuangan (OJK) Hernawan Bekti Sasongko di Milo's Padel Kemang, Jakarta, Minggu (6/9/2026). Opening ceremony menghadirkan parade tim, pertandingan eksibisi level eksekutif, serta pertandingan awal fase grup. Kegiatan turut dihadiri Deputi Gubernur Bank Indonesia Solikin M. Juhro dan jajaran pimpinan dari berbagai institusi peserta. SCROLL TO CONTINUE WITH CONTENT Baca juga: Minala Cup Padel Diikuti Lebih dari 300 Peserta Peserta datang dari tiga kelompok utama; Sektor perbankan diwakili 13 institusi, sektor asuransi dan keuangan nonbank, dan kelompok regulator serta lembaga terkait. Setiap institusi menurunkan satu tim yang terdiri atas lima pemain putra dan lima pemain putri, serta didampingi maksimal tiga ofisial, dengan total sebanyak 200 pemain tercatat mengikuti turnamen. ADVERTISEMENT ""Masuknya padel sebagai cabang baru menunjukkan bahwa Liga Jasa Keuangan terus berkembang mengikuti minat insan jasa keuangan. Namun, yang paling penting bukan sekadar cabang olahraganya, melainkan semangat yang dibawa: berani bertanding, menjunjung sportivitas, dan membangun kekompakan,"" kata Ketua Pengurus LJK Insan Hasani. Dalam setiap pertemuan beregu, tim bertanding pada tiga kategori: Men's Doubles, Women's Doubles, dan Mixed Doubles. Kompetisi dimulai dari fase kualifikasi dan grup, kemudian berlanjut ke perempat final, semifinal, perebutan tempat ketiga, dan final. Format berjenjang tersebut membuat setiap hasil pada fase grup menentukan langkah tim menuju babak gugur. Penyelenggaraan juga didukung perangkat pertandingan profesional, pengaturan level pemain, sistem skor, dan publikasi kegiatan. Baca juga: Atlet Dunia Ramaikan Premiere Padel Indonesia ""Kami merancang kompetisi ini dalam format beregu agar setiap tim tampil sebagai satu kesatuan sehingga strategi, kedalaman skuad, dan konsistensi menjadi penentu. Harapannya, turnamen ini berlangsung kompetitif, fair, dan memberikan pengalaman pertandingan yang baik dan dapat dinikmati bagi seluruh peserta,"" ujar Ketua Pelaksana LJK Padel Greatman Rajab. LJK pertama kali diselenggarakan pada 2017 sebagai wadah olahraga bagi regulator, pelaku industri, dan pemangku kepentingan sektor jasa keuangan. Memasuki penyelenggaraan ke delapan pada 2026, penambahan padel memperluas cabang yang dipertandingkan sekaligus merespons minat komunitas terhadap olahraga tersebut. Mengusung tema ""Play Bold, Build Bonds"", LJK Padel 2026 memadukan persaingan yang sehat dengan sportivitas dan kekompakan tim. Penutupan pada 27 September 2026 akan menjadi momentum penyerahan penghargaan sekaligus apresiasi kepada seluruh tim yang mengikuti penyelenggaraan perdana cabang padel. Lebih dari sekadar kompetisi, LJK Padel 2026 diharapkan menjadi medium yang efektif untuk memperkuat konektivitas dan kolaborasi antarinsan industri jasa keuangan. Di saat yang sama, sportivitas yang tumbuh dalam pertandingan-melalui disiplin, integritas, kerja sama tim, dan sikap saling menghormati-mencerminkan nilai-nilai yang juga dibutuhkan dalam membangun ekosistem jasa keuangan yang sehat, solid, dan berkelanjutan. Video Tukang Sampah Meruya Curhat Kerja Terganggu gegara Lapangan Padel Ini Video Tukang Sampah Meruya Curhat Kerja Terganggu gegara Lapangan Padel Ini (mro/bay) ... Tautan telah disalin ljk padel"
Ngedadak Padel: Ketika Padel Jadi Ajang Reuni,https://sport.detik.com/sportstyle/d-8653076/ngedadak-padel-ketika-padel-jadi-ajang-reuni,"Jakarta - Padel kini sudah jadi gaya hidup masyarakat urban di Indonesia. Tidak cuma untuk berolahraga, padel bisa jadi ajang reunian. Hal ini yang dilakukan oleh alumni Fakultas Hukum (FH) Universitas Trisakti angkatan 1999. Pada Minggu (6/9/2026) kemarin, berlokasi HQ Padel & Tennis, Pesanggrahan, Jakarta Selatan, mereka melakukan kegiatan gathering namun dikemas dalam bentuk turnamen padel bertajuk ""Ngedadak Padel"". Para alumni FH Trisakti tersebut juga diperbolehkan membawa pasangan mereka masing-masing untuk bersaing dalam pertandingan nomor campuran. SCROLL TO CONTINUE WITH CONTENT Turnamen padel ini diikuti oleh 16 fixed partners dan mixed partners yang terbagi ke dalam 4 grup. Para peserta pun terlihat tampil antusias dan kompetitif. ""Intinya ini untuk menjaga silaturahmi. Kami angkatan 99 FH Trisakti memang sering membuat kegiatan kumpul-kumpul, dan salah satunya ini adalah padel. Apalagi padel juga sedang digemari, baik laki-laki maupun perempuan,"" ujar salah seorang panitia, Mega Ruhapy, dalam keterangan kepada media ADVERTISEMENT Kegiatan ini memang hanyalah ajang silaturahmi. Namun, panitia tampak begitu serius dalam menyelenggarakan acara. Podium untuk juara pertama, peringkat runner-up, dan ketiga disiapkan. Pemenang juga berhak mendapatkan penghargaan, medali, dan hadiah. Arie Pujianto, salah seorang alumni yang menjadi motor penggerak aktivitas olahraga di kalangan alumni FH Universitas Trisakti, menyebut angkatannya memang tergolong cukup aktif menggelar kegiatan seperti ini. Kegiatan olahraga seperti padel ini diyakini Arie menjadi pilihan yang tepat untuk bersilaturahmi karena baik alumni laki-laki maupun perempuan bisa berpartisipasi. Ngedadak Padel: Ketika Padel jadi ajang reuni. (Foto: dok.Ngedadak Padel) ""Kami dari zaman kuliah, udah lebih dari 25 tahun lalu, memang akur ya. Alhamdulillah masih berhubungan baik. Akhirnya sekarang kami coba main padel, karena para istri juga bisa main,"" kata Arie. ""Mudah-mudahan, dengan adanya turnamen padel perdana kami ini, bisa juga mengangkat kemauan dari angkatan FH Trisakti yang lain. Pastinya seru kalau seluruh FH Trisakti bisa melakukan gathering,"" sambungnya. Arie menyebut alumni angkatan 99 FH Trisakti juga berencana menggelar turnamen padel ke depannya, tetapi diadakan di Asha Beach Club & Resort di Pulau Payung, Kepulauan Seribu. Baca juga: Minala Cup Padel Diikuti Lebih dari 300 Peserta Tak Cuma Padel Arie dan para alumni FH Trisakti rupanya juga tergabung dalam klub sepak bola Inkracht Sakti FC, yang dijadwalkan mengikuti kejuaraan dunia antar advokat atau Mundiavocat 2027 di Bali, 21-25 April 2027. ""Mundiavocat ini juga jadi salah satu fokus kita. Kami dari Inkracht Sakti FC memang basicnya adalah para lawyer lulusan Trisakti. Namun, mungkin kami juga membuka peluang untuk mengajak pemain dari Peradi FC,"" ucap Arie. Arie yang menjabat sebagai kapten tim Inkracht Sakti FC, menambahkan, untuk menghadapi Mundiavocat tahun depan, skuad sudah harus terbentuk pada bulan November 2026 sehingga tim bisa lebih berkonsentrasi melakukan persiapan. Inkracht Sakti FC sendiri telah menunjuk seorang pelatih profesional yang dikenal di kalangan olahraga futsal, yakni Mario Silitonga. Mario memang sudah berkali-kali membawa tim advokat Indonesia berkompetisi di kejuaraan dunia sepak bola antar advokat. Tangan dingin dan pengalaman Mario diharapkan bisa membawa Inkracht Sakti FC mencapai prestasi membanggakan. ""Untuk Mundiavocat, biasanya negara unggulan dari Asia itu adalah Thailand, Iran, dan Jepang. Dulu saya pernah membawa tim sepak bola advokat Indonesia sampai ke peringkat ketiga,"" kata Mario. Agenda terdekat, Inkracht Sakti FC akan menggelar pertandingan pemanasan menghadapi para mantan pemain profesional Malaysia, Sabah FC, di Jakarta, 20 September. Baca juga: Atlet Dunia Ramaikan Premiere Padel Indonesia Video Tukang Sampah Meruya Curhat Kerja Terganggu gegara Lapangan Padel Ini Video Tukang Sampah Meruya Curhat Kerja Terganggu gegara Lapangan Padel Ini (mrp/bay) ... Tautan telah disalin padel alumni fh trisakti ngedadak padel"
Menjaga Gaya Hidup Sehat Lewat Hyrox,https://sport.detik.com/sportstyle/d-8653072/menjaga-gaya-hidup-sehat-lewat-hyrox,"Jakarta - Hyrox tak dipungkiri lagi naik daun di dunia, terutama di Indonesia. Olahraga ini memang punya peran penting dalam menjaga stamina tubuh. Hyrox adalah kompetisi kebugaran global yang mengombinasikan lari jarak jauh dengan latihan fungsional dalam satu rangkaian perlombaan yang intens. Olahraga ini pertama kali diluncurkan di Jerman pada tahun 2017 dan dengan cepat berkembang menjadi fenomena internasional. Tujuan utama dari kompetisi ini adalah untuk menguji daya tahan (endurance) serta kekuatan (strength) peserta secara menyeluruh. SCROLL TO CONTINUE WITH CONTENT Berbeda dengan kompetisi atletik lainnya yang sering kali ditujukan hanya untuk profesional, Hyrox dirancang agar inklusif bagi semua tingkat kebugaran. Peserta pemula hingga atlet elit dapat berkompetisi di bawah standar yang sama dengan waktu penyelesaian yang tercatat secara digital. Hal ini menjadikan Hyrox sebagai salah satu jenis kompetisi fitness race yang paling populer di dunia saat ini. ADVERTISEMENT Itulah mengapa banyak pusat kebugaran di kota-kota besar di Indonesia memasukkan Hyrox sebagai salah satu ""jualan"" karena tingginya peminat. Apalagi saat ini sudah sering dilihat kompetisi hyrox dipertandingkan. Tidak cuma dipertandingkan secara resmi, Hyrox juga kerap dijadikan sebagai gimmick dalam sebuah seremoni, salah satunya seperti di Hari Kemerdekaan ke-81 RI bulan lalu. Synergy Worldwide Indonesia, perusahaan yang bergerak di bidang nutrisi dan wellness Synergy, berkolaborasi dengan South Barn menghadirkan sebuah kompetisi fitness yang memadukan semangat olahraga, kompetisi, dan tradisi perayaan 17 Agustus melalui acara ""17 Agustusan Throwdown"" Baca juga: Soal Olahraga Hyrox yang Lagi Naik Daun di Indonesia Mengusung konsep kompetisi bergaya HYROX, 17 Agustusan Throwdown menghadirkan tantangan fisik yang menguji kekuatan, daya tahan, kecepatan, dan ketangguhan peserta. Namun, berbeda dari kompetisi fitness pada umumnya, acara ini juga membawa suasana khas perayaan kemerdekaan Indonesia melalui berbagai lomba 17 Agustusan, seperti lomba makan kerupuk, dan mengigit sendok dengan kelereng. ""Kami ingin menghadirkan sesuatu yang berbeda dalam menyambut Hari Kemerdekaan. Fitness dan olahraga memiliki nilai yang sangat dekat dengan semangat perjuangan, konsistensi, disiplin, keberanian untuk menghadapi tantangan, dan tidak mudah menyerah. Melalui 17 Agustusan Throwdown, kami ingin menggabungkan nilai-nilai tersebut dengan keceriaan dan kebersamaan yang menjadi ciri khas perayaan 17 Agustus di Indonesia, Produk-produk Synergy Indonesia juga hadir untuk mendukung performa para pecinta Olahraga & Fitness"" ujar Dina Yuliyanti selaku Senior Marketing Manager Synergy Worldwide Indonesia dalam keterangan kepada detikSport. Kolaborasi bersama South Barn juga menjadi bagian dari upaya menghadirkan pengalaman olahraga yang lebih inklusif dan menyenangkan bagi komunitas. Para peserta tidak hanya ditantang untuk menunjukkan kemampuan fisik mereka dalam arena kompetisi, tetapi juga diajak untuk menikmati suasana perayaan kemerdekaan bersama komunitas dan rekan-rekan sesama pecinta olahraga. Konsep ""work hard, play hard"" menjadi salah satu semangat utama acara ini. Yang menggabungkan antara tantangan fisik dalam kompetisi dan permainan-permainan khas 17 Agustus yang menghadirkan suasana santai, penuh tawa, dan kompetisi yang bersahabat. Kehadiran 17 Agustusan Throwdown sekaligus mencerminkan semakin berkembangnya budaya fitness dan olahraga fungsional di Indonesia. Kompetisi seperti Hyrox menggabungkan berbagai elemen latihan, mulai dari kekuatan, kardio, hingga functional movements, sehingga menuntut peserta untuk memiliki kemampuan fisik yang menyeluruh. Melalui kegiatan ini, Synergy Worldwide Indonesia dan South Barn berharap semangat kemerdekaan tidak hanya dirayakan melalui seremonial, tetapi juga diwujudkan melalui gaya hidup aktif, sehat, sportif, dan penuh kebersamaan. Baca juga: Wellnest Festival Vol. 2 Kembali Hadir! Ikut Mat Pilates Cuma 100 Ribuan Video Viral Pria Umur 81 Taklukkan Hyrox Jakarta, Latihannya Nggak Main-main Video Viral Pria Umur 81 Taklukkan Hyrox Jakarta, Latihannya Nggak Main-main (mrp/bay) ... Tautan telah disalin hyrox"
Men's World Tennis Championship: 3 Wakil RI Gagal ke Babak Utama Seri V,https://sport.detik.com/raket/d-8653071/mens-world-tennis-championship-3-wakil-ri-gagal-ke-babak-utama-seri-v,"Nusa Dua - Men's World Tennis Championship 2026 sudah memasuki seri V. Sayang, tiga petenis tuan rumah gagal melaju ke babak utama. Pada putaran final kualifikasi Seri V M-15 Men's World Tennis Championship 2026, Senin (7/9/2026), Indonesia menurunkan tiga wakilnya, yakni Ethan Jake Frans, Ethan David Zapp, dan Kareem Abdul Hakim. Tapi ketiganya malah gagal menuntaskan misinya lolos ke babak utama turnamen yang berhadiah total 20 ribu dolar AS. Ada total 32 petenis dari 14 negara yang tampil di babak kualifikasi. SCROLL TO CONTINUE WITH CONTENT Bertanding di lapangan A, Bali Beach Country Club, Nusa Dua, Ethan baru saja merayakan ulang tahun ke-17 itu harus tumbang dari unggulan keempat Shanker Heisnam. Ethan yang akhir pekan lalu jadi runner-up Seri IV bersama Rafalentino Da Costa kalah dengan skor 2-6 dan 3-6 dalam waktu 1,5 jam. ADVERTISEMENT Baca juga: Men's World Tennis Championship: Karan Singh Juara Seri IV Ethan Jake, 14 tahun, yang merupakan putra eks petenis Indonesia Wyne Prakusya kalah dari unggulan ketujuh asal Amerika Serikat Stefan Menichell, dengan skor 6-7 tiebreak 3 dan 3-6 dalam waktu 2 jam 4 menit. ""Saya tetap puas dengan performa saya di final kualifikasi ini. Apalagi saya kalah dari petenis asing seperti Stefan yang unggul teknik dan pengalaman serta peringkat ATP yang lebih tinggi,"" ujar Ethan Jake dalam rilis kepada detikSport. Wakil RI ketiga yang gagal adalah Kareem Abdul Hakim. Dia takluk dari unggulan kelima dari Selandia Baru, Matthew Shearer, 2-6 dan 5-7. Dengan hasil itu, Indonesia cuma punya empat wakil di babak utama, yakni unggulan kedua M Rifqi Fitriadi, serta Anthony Susanto, Nathan Bark, dan Rafalentino Ali Da Costa yang masuk ke babak utama dengan fasilitas wild card. Sementara itu di sektor ganda putra, Indonesia akan diperkuat oleh Rafalentino Ali Dacosta/Ethan David Zapp, Ethan Jake Frans/M. Ragil Putra, Anthony Susanto yang menggandeng petenis Taiwan Yang Cheng Chen sebagai pasangannya serta Kareem Abdul Hakim yang berpartner dengan Andrez Nech dari Hungaria. Baca juga: Men's World Tennis Championship: Rafalentino/Ethan Gagal Juara Video Manchester City Bersiap Hadapi Porto di Laga Perdana Liga Champions Video Manchester City Bersiap Hadapi Porto di Laga Perdana Liga Champions (mrp/rin) ... Tautan telah disalin men's world tennis championship 2026 amman mineral men's world tennis championship 2026"
"Debut di Rok Cup Indonesia 2026, Barra Ghaisan Torehkan Catatan Positif",https://sport.detik.com/sport-lain/d-8653014/debut-di-rok-cup-indonesia-2026-barra-ghaisan-torehkan-catatan-positif,"Jakarta - Barra Ghaisan Zeinatma menunjukkan perkembangan positif pada musim debutnya di ESHARK Rok Cup Indonesia 2026. Turun di kelas Mini Rok, Pembalap muda Indonesia ini mampu mengoleksi sejumlah podium setelah menjalani proses adaptasi sepanjang musim. Pebalap berusia 13 tahun yang memperkuat Avenue Rising Star Racing Team itu baru tampil mulai Round 2 karena harus beradaptasi dengangokartbaru. Pada Seri 2, Barra finis di posisi ke-12, sebelum meningkat ke peringkat ke-10 pada Seri 3. Performa Barra semakin menonjol pada Seri 4. Ia meraih posisi kelima kategori Mini Newbie dan peringkat ketiga Mini Rok Rising Star. SCROLL TO CONTINUE WITH CONTENT Memasuki Seri 5, Barra kembali naik podium dengan menjadi juara pertama kategori Mini Newbie dan runner-up Mini Rok B. Performa tersebut berlanjut pada Seri 6 yang berlangsung 5-6 September 2026. Ia meraih posisi kedua Mini Newbie, posisi kelima Mini Rok, dan posisi keempat Mini Rok Rising Star. ""Musim pertama ini menjadi proses belajar yang sangat penting bagi Barra. Setiap seri memberikan pengalaman dan tantangan baru,"" kata ayah Barra, Jeffri Ardiatma, kepada awak media. ADVERTISEMENT Jeffri juga mengingatkan Barra untuk tetap memperhatikan pendidikan. Saat ini, Barra tercatat sebagai siswa kelas 7 SMP Labschool Cirendeu. ""Yang penting juga untuk Barra agar fokus dengan sekolahnya. Kami selalu berharap yang terbaik untuk Barra,"" lanjutnya. Setelah menyelesaikan musim pertamanya di kelas Mini Rok, Barra diproyeksikan naik ke kelas Junior Rok pada ESHARK Rok Cup Indonesia 2027. Ia juga dijadwalkan mengikuti sejumlah seri Rok Cup Asia di Macau, Malaysia, dan Thailand. Video: Momen Puluhan Remaja Terjaring Razia Balap Liar di Kota Pasuruan Video: Momen Puluhan Remaja Terjaring Razia Balap Liar di Kota Pasuruan (ran/yna) ... Tautan telah disalin gokart barra ghaisan zeinatma balapan"
MotoGP San Marino: Antusiasme Bezzecchi Balapan di 'Rumah Sendiri',https://sport.detik.com/moto-gp/d-8652587/motogp-san-marino-antusiasme-bezzecchi-balapan-di-rumah-sendiri,"Jakarta - Marco Bezzecchi tak sabar menghadapi MotoGP San Marino 2026. Bagi pebalap Aprilia itu, balapan di Sirkuit Misano punya arti khusus karena lokasinya sangat dekat dengan kampung halamannya, Rimini. MotoGP San Marino akan berlangsung di Misano pada 11-13 September. Bezzecchi menyebut seri ini selalu terasa berbeda dibandingkan balapan lainnya. ""Grand Prix kandang selalu memiliki sesuatu yang ajaib dan spesial,"" kata Bezzecchi seperti dilansir Motosan . SCROLL TO CONTINUE WITH CONTENT Misano memang seperti rumah kedua bagi Bezzecchi. Sirkuit tersebut hanya berjarak beberapa kilometer dari Rimini, tempat kelahirannya. Saking dekatnya, Bezzecchi bahkan masih akan tinggal di rumah hingga Kamis sebelum pindah ke motorhome untuk menjalani rangkaian akhir pekan balapan. ADVERTISEMENT ""Misano benar-benar wilayah rumah saya. Saya di rumah sampai Kamis. Jadi, ya, ini luar biasa; selalu menjadi perasaan yang luar biasa, selalu memiliki rasa yang spesial,"" ujarnya. Baca juga: Jadwal MotoGP San Marino 2026: Misi Marc Marquez Kejar Jorge Martin Bezzecchi Datang dengan Modal Bagus Antusiasme Bezzecchi semakin besar setelah dua seri terakhir memberinya hasil positif. Ia berhasil mengumpulkan poin penting untuk tetap berada dalam persaingan gelar MotoGP 2026. ""Beberapa waktu terakhir memang cukup sulit, tetapi dua balapan terakhir berjalan dengan baik. Kami berhasil mendapatkan kembali beberapa poin,"" katanya. Setelah MotoGP Aragon, Bezzecchi berada di posisi ketiga klasemen. Ia tertinggal 24 poin dari Jorge Martin yang memimpin, sementara Marc Marquez berada di posisi kedua dengan selisih 19 poin dari Martin. Karena itu, balapan di Misano bukan sekadar home race bagi Bezzecchi. Pebalap Italia tersebut juga punya kesempatan untuk memangkas jarak dalam perebutan gelar di depan pendukungnya sendiri. ""Anda harus percaya pada diri sendiri, Anda harus berjuang. Kimi melakukannya, dan saya tentu akan berusaha memberikan yang terbaik,"" ujar Bezzecchi. Baca juga: Marc Marquez Makin Dekat, Jorge Martin Akan Lawan! (krs/yna) ... Tautan telah disalin san marino motogp marco bezzecchi sirkuit misano balapan antusiasme pebalap italia klasemen motogp home race gelar juara"
Dokter Perkirakan Kondisi Lengan Marc Marquez: Sekitar 50 Persen,https://sport.detik.com/moto-gp/d-8652425/dokter-perkirakan-kondisi-lengan-marc-marquez-sekitar-50-persen,"Jakarta - Marc Marquez masih harus beradaptasi dengan kondisi lengan kanan yang jauh dari normal. Dokter yang pernah mengoperasinya, Samuel Antuna, mengungkap kekuatan lengan tersebut kini hanya sekitar 50 persen. Antu?Ÿ?ña menjelaskan kondisi itu merupakan dampak dari berbagai cedera dan operasi yang dijalani Marc. Kecelakaan di MotoGP Indonesia tahun lalu menjadi titik balik karena kembali memperburuk kondisi lengan kanannya. ""Sebelum kecelakaan di Indonesia, dia baik-baik saja. Dia bisa balapan, tidak merasakan sakit dan tidak mengeluhkan apa pun. Kecelakaan itu mengubah semuanya,"" kata Antuna kepada El Periodico yang dilansir Motosan . SCROLL TO CONTINUE WITH CONTENT Baca juga: Crutchlow Pilih Ai Ogura Jadi Favorit Setelah Marc Marquez, Ini Alasannya Masalah Marc kemudian semakin rumit karena saraf radial di lengannya sempat tertekan serpihan tulang. Kondisi itu membuatnya kehilangan kendali atas lengan saat berada dalam posisi tertentu di atas motor dan berkontribusi terhadap sejumlah kecelakaan. ADVERTISEMENT Setelah menjalani operasi untuk mengatasi masalah tersebut, kondisinya membaik. Namun, kekuatan lengan kanannya tetap jauh di bawah lengan kiri. ""Dia memiliki latissimus dorsi yang kuat, tetapi secara mekanis terganggu. Hal yang sama berlaku pada teres major. Namun, masalah utamanya adalah dia kehilangan kekuatan pada bisep,"" ujar Antuna. Baca juga: Jadwal MotoGP San Marino 2026: Misi Marc Marquez Kejar Jorge Martin ""Lengan itu sangat terbatas dalam hal kekuatan, terutama pada bisep. Saya memperkirakan kekuatannya sekitar 50 persen dari kapasitasnya,"" lanjutnya. Antuna menegaskan Marc tidak kehilangan otot. Namun, sejumlah otot seperti trisep, latissimus dorsi, teres major, dan pektoralis mayor terdampak berbagai operasi sehingga mengalami perubahan dan sedikit atrofi. Kondisi tersebut membuat lengan kanan Marc tidak memiliki kekuatan yang sama dengan lengan kirinya. Meski begitu, pebalap Ducati itu mampu beradaptasi dengan keterbatasan fisiknya dan tetap kompetitif di MotoGP. (krs/yna) ... Tautan telah disalin marc marquez kondisi lengan kekuatan otot cedera olahraga motogp operasi lengan saraf radial adaptasi fisik kesehatan atlet bisep lemah"
"Mamma Mia, Antonelli",https://sport.detik.com/f1/d-8651642/mamma-mia-antonelli,"Monza - Pebalap Mercedes GP Kimi Antonelli tampil luar biasa untuk memenangi F1 GP Italia 2026 . Tak cuma comeback, Antonelli bikin rekor baru. Pada balapan di Sirkuit Monza, Minggu (6/92/206) malam WIB, Antonelli mendapat penalti sehingga harus start dari grid alias posisi ke-19. Tapi, Antonelli cuma butuh dua lap untuk bisa mendekati posisi 10 besar dan kemudian mengambil alih balapan saat memasuki lap ke-18. Posisi itu dipertahankan Antonelli sampai akhir. SCROLL TO CONTINUE WITH CONTENT Kemenangan yang bikin Antonelli kukuh di puncak klasemen pebalap F1 dengan 267 poin, unggul 56 angka dari rekan setim George Russell di posisi kedua dan 76 angka dari Hamilton di posisi ketiga. Ini merupakan kemenangan ketujuh Antonelli musim ini, paling banyak sepanjang sejarah keikutsertaan pebalap Italia di F1. ADVERTISEMENT Baca juga: Hasil F1 GP Italia 2026: Kimi Antonelli Menang, Mercedes 1-2 Hebatnya Antonelli juga menyudahi puasa panjang pebalap Italia di Monza, setelah terakhir Ludovico Scarfiotti bersama Ferrari tahun 1966. Antonelli juga jadi pebalap termuda yang menang di Monza dalam usia 20 tahun 12 hari, sekaligus orang Italia pertama yang naik podium di balapan itu sejak 2005. ""Luar biasa! Saya senang sekali. Saya tidak pernah membayangkan bisa ada di sini hari ini, tapi kami mewujudkannya. Bak mimpi jadi nyata. Hari luar biasa. Saya tidak bisa melakukan ini tanpa bantuan tim, keluarga, dan semua yang mendukung saya,"" ujar Antonelli seperti dilansir Reuters. ""Masih ada beberapa balapan lagi, kami tidak boleh jemawa. Namun, kami akan menikmati dulu kemenangan hari ini,"" sambungnya. Baca juga: Hasil F1 GP Belanda 2026: Lando Norris Juara Video Manchester City Bersiap Hadapi Porto di Laga Perdana Liga Champions Video Manchester City Bersiap Hadapi Porto di Laga Perdana Liga Champions (mrp/nds) ... Tautan telah disalin kimi antonelli mercedes gp f1 gp italia 2026 f1 gp italia f1 2026 formula 1 2026"
Men's World Tennis Championship: Karan Singh Juara Seri IV,https://sport.detik.com/raket/d-8651603/mens-world-tennis-championship-karan-singh-juara-seri-iv,"Nusa Dua - Selesai sudah Seri IV M-15 Men's World Tennis Championship 2026 . Petenis India Karan Singh berjaya di nomor tunggal putra. Pada pertandingan final di Lapangan A, Bali Beach Country, Nusa Dua, Minggu (6/9/2026), Karan menghadapi perlawanan Isaac Becroft yang merupakan juara seri kedua Agustus lalu. Menyajikan dua karakter permainan yang berbeda, pertarungan keduanya seru dan menarik. Karan dengan gayanya yang tenang melawan kelincahan Isaac asal Selandia Baru. Karan akhirnya bisa menang 7-5 di set pertama. SCROLL TO CONTINUE WITH CONTENT Memasuki set kedua, intensitas pertandingan tetap berlangsung dengan tempo tinggi karena Isaac berupaya membalas kekalahan di set pertama. Karan merespons dengan baik dan terjadi susul-menyusul angka sampai laga harus dituntaskan dengan babak tiebreak karena sama kuat 6-6 Dengan kesabaran serta kelincahan dalam menutup area lapangan dari serangan lawan, Karan memenangi babak ini dengan skor 7-6 tiebreak 3. ADVERTISEMENT Baca juga: Men's World Tennis Championship: Rafalentino/Ethan Gagal Juara Karan senang bukan main bisa meraih gelar Seri IV. Apalagi gelar itu didapat setelah melewati duel 2 jam 5 menit kontra Isaac yang dinilai sebagai lawan yang tangguh. ""Merupakan sebuah kebanggaan dapat menjadi yang terbaik di ajang M-15 Bali. Apalagi lawan (Isaac Becroft) juga bermain sangat luar biasa. Gelar ini semakin menambah motivasi tampil di seri kelima,"" ujar Karan dalam rilis kepada detikSport. Karan berhak atas hadiah uang USD 2.160 serta tambahan 15 poin ATP, sementara Isaac mendapat USD 1.272 serta trofi. Penyerahan hadiah dilakukan Heru Gunawan selaku Area Business Team Leader BNI Kanwil Denpasar, yang didampingi Ketua Pelti periode 2018-2022 Rildo Ananda Anwar. TITF World Tennis Tour M-15 Amman Mineral Men's World Tennis Championship 2026 langsung lanjut ke Seri V, Senin (7/9). Ada 32 petenis di babak kualifikasi yang memperebutkan delapan slot ke babak utama. Baca juga: Men's World Tennis Championship: Ganda Indonesia Tembus Final Video Manchester City Bersiap Hadapi Porto di Laga Perdana Liga Champions Video Manchester City Bersiap Hadapi Porto di Laga Perdana Liga Champions (mrp/nds) ... Tautan telah disalin men's world tennis championship 2026 amman mineral men's world tennis championship 2026 karan singh"
"Jete Run Festival 2026 Selesai, Masuk Rekor MURI",https://sport.detik.com/sportstyle/d-8651462/jete-run-festival-2026-selesai-masuk-rekor-muri,"Surabaya - Jete Run Festival 2026 baru saja selesai digelar akhir pekan ini. Event lari itu juga masuk buku rekor MURI . Ajang lari itu digelar di kawasan Balai Kota Surabaya, Minggu, (6/9/2026). Lebih dari 5.000 pelari ambil bagian dalam dua kategori, yakni 5K dan 10K. Start dibuka langsung oleh Wali Kota Surabaya Eri Cahyadi. Jete Run tahun ini juga tampil dengan format yang lebih luas dan berbeda dari sebelumnya. Bukan hanya mengajak masyarakat berlari, penyelenggara mengemasnya menjadi festival olahraga dan gaya hidup dengan berbagai aktivitas pendukung. SCROLL TO CONTINUE WITH CONTENT Pemilihan Balai Kota Surabaya sebagai pusat Jete Run 2026 memberikan pengalaman berbeda bagi para peserta. Start dan finis berada di jantung kota, sementara rutenya membawa pelari melintasi sejumlah ruas jalan utama Surabaya yang penuh dengan lanskap ikonik Kota Pahlawan. Untuk kategori 5K, peserta memulai perjalanan dari Balai Kota Surabaya sebelum menuju Jalan Pemuda. Rute kemudian berlanjut melewati Jalan Panglima Sudirman, Jalan Basuki Rahmat, Jalan Gubernur Suryo, hingga Jalan Wuni sebelum kembali menuju garis finis di Balai Kota. ADVERTISEMENT Sedangkan untuk kategori 10K membawa pelari menjelajah area pusat kota dengan cakupan lebih luas. Selepas start dari Balai Kota, peserta bergerak menuju Jalan Pemuda, Jalan Panglima Sudirman, dan Jalan Basuki Rahmat. Para pelari kemudian diajak menikmati lanskap lainnya melalui Jalan Embong Malang, kawasan Blauran, Jalan Bubutan, Jalan Pahlawan, hingga Jalan Yos Sudarso sebelum kembali menyelesaikan lomba di kawasan Balai Kota Surabaya. Rute tersebut membuat peserta tidak sekadar menyelesaikan jarak. Mereka sekaligus melintasi sejumlah koridor pusat kota yang menjadi bagian dari wajah Surabaya. Di sepanjang jalur, penyelenggara turut menyediakan titik water station dan layanan medis untuk mendukung kebutuhan peserta selama kegiatan berlangsung. ""Jete Run tahun ini kita mengambil venue yang berbeda dari sebelum-sebelumnya di Citraland. Balai Kota jadi pilihan karena kita ingin menghadirkan nuansa lari dengan konsep lanskap kota modern khas Surabaya yang penuh nilai sejarah. Jadi, sepanjang rute, pelari akan melintasi jalanan dan tempat bersejarah di kota ini,"" ungkap Jhonny Thio Doran selaku CEO dan Founder Jete dalam rilis kepada detikSport. Baca juga: Jete Run 2026 Bidik 10 Ribu Pelari Banyaknya kegiatan yang menyertai penyelenggaraan Jete Run Festival 2026 kemudian menghasilkan catatan tersendiri. MURI memberikan penghargaan kepada Jete untuk kategori ajang lari dengan ragam kegiatan pendukung terbanyak. Jete Run Festival 2026 menghadirkan 21 kegiatan pendukung dalam berbagai kategori, mulai dari olahraga, wellness, kreativitas, hingga kegiatan yang mempertemukan berbagai komunitas. Rekor tersebut menjadi salah satu penanda perkembangan Jete Run dari sebuah kegiatan olahraga menuju festival dengan cakupan yang lebih luas. ""Terima kasih kepada seluruh masyarakat di Indonesia yang telah mendukung dan mempercayakan JETE sebagai pilihan Anda dalam beraktivitas sehari-hari. Mulai dari bekerja, berolahraga, dan menikmati hiburan di era digital. Pencapaian luar biasa ini mustahil tercapai tanpa adanya dukungan dari keluarga, tim, konsumen setia JETE dan masyarakat. Sekali lagi, terima kasih untuk semuanya,"" papar Jhonny. ""Piagam MURI yang didapat memang menjadi pencapaian terbaik di tahun ini. Namun, kita janganlah berada di atas angin dan melupakan kualitas. Ini adalah sebagai pengingat bagi brand untuk terus berinovasi di tengah teknologi yang terus berkembang dan memberikan yang terbaik. Terutama menjadikan Jete sebagai solusi kebutuhan produk aksesoris gadget, smarthome, dan wearable. Begitu juga dengan event olahraga dalam mendukung gaya hidup sehat,"" tutupnya. Baca juga: Jete Run Goes To Bali 2025 Sukses, Diikuti Ribuan Pelari Video Pameran 80 Lukisan Tokoh di Muskitnas hingga Raih Rekor MURI Video Pameran 80 Lukisan Tokoh di Muskitnas hingga Raih Rekor MURI (mrp/bay) ... Tautan telah disalin jete run festival 2026 jete jete run lari muri rekor muri"
Menkomdigi Imbau Warga Waspadai Dampak Erupsi Anak Krakatau,https://sport.detik.com/advertorial-news-block/d-8651455/menkomdigi-imbau-warga-waspadai-dampak-erupsi-anak-krakatau,"Jakarta - Menteri Komunikasi dan Digital (Menkomdigi) Meutya Hafid mengimbau masyarakat untuk tetap tenang dan meningkatkan kewaspadaan menyusul aktivitas erupsi Gunung Anak Krakatau di Selat Sunda. Ia juga meminta masyarakat memantau informasi dari sumber terpercaya. ""Yang paling penting adalah tetap tenang, tetapi jangan mengurangi kewaspadaan. Masyarakat perlu mengikuti arahan dari otoritas terkait dan memastikan informasi yang diterima berasal dari sumber yang dapat dipercaya,"" kata Meutya dalam keterangan tertulis, Minggu (6/9/2026). Seperti diketahui, Gunung Anak Krakatau (GAK) menunjukkan aktivitas vulkanik yang sangat signifikan sejak Jumat (4/9) malam dan kini statusnya berada pada Level III atau Siaga. Abu vulkanik juga telah terdeteksi menyebar ke sejumlah wilayah, termasuk Banten, DKI Jakarta, dan Jawa Barat. SCROLL TO CONTINUE WITH CONTENT Erupsi GAK pun menyebabkan sejumlah penerbangan dibatalkan dan menimbulkan kekhawatiran masyarakat akibat isu potensi tsunami yang akan ditimbulkan. Dentuman dan getaran yang sempat terjadi di sebagian wilayah Jawa Barat akibat aktivitas GAK juga cukup membuat masyarakat khawatir. Terkait hal ini, Meutya meminta masyarakat mengikuti perkembangan aktivitas Gunung Anak Krakatau dan kondisi sebaran abu vulkanik dari sumber-sumber resmi dan terpercaya, terutama melalui kanal resmi pemerintah, antara lain PVMBG, BMKG, BNPB, pemerintah daerah, serta instansi terkait lainnya. ADVERTISEMENT ""Pastikan keakuratan informasi dari pihak-pihak yang memiliki kewenangan terkait kebencanaan gunung berapi demi menghindari misinformasi atau informasi menyesatkan yang dapat menyebabkan keresahan,"" ungkapnya. Lebih lanjut, Meutya mengingatkan masyarakat untuk tidak menyebarkan informasi yang belum terverifikasi kebenarannya terkait kondisi Gunung Anak Krakatau. ""Dalam situasi seperti ini, informasi yang tidak benar dapat menimbulkan kepanikan. Karena itu, saring sebelum sharing. Pastikan informasi yang kita terima berasal dari sumber resmi dan dapat dipertanggungjawabkan,"" tegas Meutya. Meutya pun mendorong masyarakat agar tetap tenang, namun juga meningkatkan kewaspadaan, khususnya bagi warga yang tinggal di dekat GAK dan yang wilayahnya turut terdampak abu vulkanik. ""Tetap waspada, tetap tenang, dan jangan mudah percaya pada informasi yang belum jelas sumbernya dari mana,"" jelasnya. Sementara bagi masyarakat yang berada di wilayah terdampak abu vulkanik, Meutya mengimbau untuk melakukan sejumlah langkah demi menjaga keselamatan dan kesehatan. Pertama, gunakan masker yang tepat apabila harus beraktivitas di luar rumah, seperti masker N95 atau KN95, untuk membantu menyaring partikel abu vulkanik. Kedua, gunakan kacamata pelindung dan hindari penggunaan lensa kontak atau softlens selama kondisi udara masih dipengaruhi abu vulkanik. Ketiga, kurangi aktivitas di ruang terbuka. Apabila tidak ada keperluan mendesak, masyarakat disarankan untuk tetap berada di dalam ruangan dan membatasi paparan abu vulkanik. Keempat, bagi masyarakat yang harus berkendara, kurangi kecepatan dan tingkatkan kewaspadaan. Abu vulkanik dapat mengurangi jarak pandang dan membuat permukaan jalan menjadi licin. Kelima, cuci tangan dan wajah setelah beraktivitas di luar ruangan serta pastikan sumber air bersih terlindungi dari paparan abu. Selain itu, Meutya mengimbau masyarakat, wisatawan, dan nelayan untuk tidak mendekati kawasan Gunung Anak Krakatau atau melakukan aktivitas dalam radius 3 kilometer dari kawah aktif, sesuai rekomendasi PVMBG. ""Keselamatan adalah yang utama. Tidak perlu panik, namun tetap selalu waspada dan menjaga keselamatan serta kesehatan,"" pungka Meutya. (komdigi/sls) Tautan telah disalin komdigi"
"Hasil F1 GP Italia 2026: Kimi Antonelli Menang, Mercedes 1-2",https://sport.detik.com/f1/d-8651436/hasil-f1-gp-italia-2026-kimi-antonelli-menang-mercedes-1-2,"Monza - Pebalap Mercedes GP Kimi Antonelli berhasil merebut kemenangan di F1 GP Italia 2026 . Semakin lengkap karena rekan setimnya George Russell finis kedua. Pada balapan yang dihelat di Sirkuit Monza, Minggu (6/9/2026) malam WIB, Antonelli sejatinya tidak punya posisi start yang bagus, yakni dari urutan ketujuh. Apalagi dia mendapat penalti sehingga harus turun jauh ke urutan ke-19 alias start dari grid. SCROLL TO CONTINUE WITH CONTENT Pierre Gasly secara mengejutkan melajukan Alpine miliknya ke posisi pole, disusul Russell di posisi kedua, dan driver McLaren Oscar Piastri di posisi ketiga. Duo pebalap tuan rumah, Charles Leclerc dan Lewis Hamilton, di posisi keempat serta kelima. Bendera merah sudah muncul di lap kedua saat Leclerc harus out dari balapan karena menabrak dinding. ADVERTISEMENT Leclerc kehilangan kendali mobilnya tak lama setelah menyalip Piastri untuk naik ke posisi keempat. Russell saat itu masih memimpin balapan disusul Gasly dan Max Verstappen. Antonelli sudah naik tujuh strip ke urutan ke-12 saat insiden terjadi. Setelah itu Antonelli pelan tapi pasti mampu memperbaiki posisinya. Baca juga: Hasil F1 GP Belanda 2026: Lando Norris Juara Masuknya virtual safety car membuat Antonelli bisa mendekati Russell di sepertiga balapan. Salip-menyalip terjadi antara keduanya di lap ke-22, sebelum Antonelli mengunci posisi terdepan. Russell tidak mampu mengejar Antonelli sampai 53 lap berlalu, sehingga rekan setimnya itu muncul sebagai pemenang. Russell harus puas di posisi kedua disusul Verstappen. McLaren menempatkan dua pebalapnya di lima besar, Lando Norris di urutan keempat dan Piastri di urutan kelima. Hamilton menjaga nama baik Ferrari dengan finis keenam. Melengkapi 10 besar adalah Gasly, Arvid Lindblad, Franco Colapinto, dan Yuki Tsunoda. Antonelli makin kukuh di puncak klasemen F1 dengan 267 poin, unggul 56 angka dari Russell di posisi kedua dan 76 angka dari Hamilton di posisi ketiga. Hasil F1 GP Italia 2026 Pos Pebalap Tim Lap 1 Kimi Antonelli Mercedes AMG Petronas F1 Team 53 2 George Russell Mercedes AMG Petronas F1 Team +3.8s 3 Max Verstappen Oracle Red Bull Racing +14.7s 4 Lando Norris McLaren Mastercard F1 Team +19.0s 5 Oscar Piastri McLaren Mastercard F1 Team +19.2s 6 Lewis Hamilton Scuderia Ferrari HP +24.6s 7 Pierre Gasly BWT Alpine F1 Team +27.3s 8 Arvid Lindblad Visa Cash App Racing Bulls F1 Team +45.1s 9 Franco Colapinto BWT Alpine F1 Team +47.3s 10 Yuki Tsunoda Visa Cash App Racing Bulls F1 Team +58.1s 11 Gabriel Bortoleto Audi Revolut F1 Team +65.1s 12 Nico Hulkenberg Audi Revolut F1 Team +66.1s 13 Carlos Sainz Atlassian Williams F1 Team +74.1s 14 Liam Lawson Oracle Red Bull Racing +75.6s 15 Oliver Bearman TGR Haas F1 Team +78.9s 16 Esteban Ocon TGR Haas F1 Team +1 Lap 17 Alex Albon Atlassian Williams F1 Team +1 Lap 18 Sergio Perez Cadillac F1 Team +1 Lap 19 Valtteri Bottas Cadillac F1 Team +2 Laps DNF Lance Stroll Aston Martin Aramco F1 Team DNF DNF Fernando Alonso Aston Martin Aramco F1 Team DNF DNF Charles Leclerc Scuderia Ferrari HP DNF Baca juga: Kualifikasi F1 GP Belanda 2026: Norris Rebut Pole Position Video Manchester City Bersiap Hadapi Porto di Laga Perdana Liga Champions Video Manchester City Bersiap Hadapi Porto di Laga Perdana Liga Champions (mrp/bay) ... Tautan telah disalin george russell kimi antonelli f1 gp italia 2026 f1 gp italia mercedes gp f1 2026 formula 1 2026"
"WEC 2026: Sean Gelael Balapan di Austin Dini Hari, Start P7",https://sport.detik.com/sport-lain/d-8651374/wec-2026-sean-gelael-balapan-di-austin-dini-hari-start-p7,"Austin - Sean Gelael dan Team WRT 32 akan coba meraih podium di Lone Star Le Mans dini hari nanti. Mereka start ketujuh. Keras keras mencapai posisi start itu didapat dari kualifikasi kelas LMGT3 di COTA, Minggu (6/9) dini hari WIB kemarin. Darren Leung sebagai pebalap bronze memulai di qualifying dengan baik untuk menuntaskan di posisi ke-8. Alhasil, Sean sebagai pebalap silver berhak tampil di Hyperpole. Dia tancap gas untuk membukukan waktu 2 menit 05,0888 detik untuk mencapai posisi ketujuh. SCROLL TO CONTINUE WITH CONTENT Ini merupakan pencapaian terbaik dari mobil BMW di seluruh kelas. Menurunkan empat mobil, masing-masing dua di Hypercar dan LMGT3, cuma bisa start di luar 10 besar. Sama halnya dengan mobil 69 di kelas LMGT3 yang start dari posisi ke-16. ADVERTISEMENT Baca juga: WEC 2026: WRT 32 Meraba COTA dari Hasil Free Practice ""Hasil yang bagus, Darren dan Sean bekerja sangat baik. Kami siap untuk lomba besok,"" ujar Augusto Farfus dalam rilis kepada detikSport. ""Austin selalu jadi tempat yang baik bagi saya, semoga besok juga begitu. Bismillah,"" timpal Sean. Race 6 Hours of COTA atau kini disebut Lone Star Le Mans itu disiarkan langsung di kanal youtube KUY Entertainment, Senin (7/9) mulai pukul 01.00 dini hari WIB. Baca juga: WEC 2026: Paruh Kedua Musim Dimulai, Team WRT 32 Lebih Pede Video Sean Gelael soal Olahraga Balap Dianggap Mahal: Semua Itu Relatif! Video Sean Gelael soal Olahraga Balap Dianggap Mahal: Semua Itu Relatif! (mrp/bay) ... Tautan telah disalin 6 hours of austin lone star le mans sean gelael team wrt 32 team wrt fia wec 2026 wec 2026"
KTM Suka Antusiasme Luca Marini,https://sport.detik.com/moto-gp/d-8651046/ktm-suka-antusiasme-luca-marini,"Jakarta - KTM punya sejumlah alasan merekrut Luca Marini ke Tech3 untuk MotoGP 2027. Pebalap Italia itu dinilai bukan cuma membawa pengalaman, tetapi juga bisa membantu KTM mengembangkan motor di era baru. Marini akan meninggalkan Honda HRC setelah tiga musim dan bergabung dengan Tech3 mulai 2027. Kepindahan tersebut sudah resmi diumumkan pada Agustus lalu. Ia akan menjadi salah satu bagian dari proyek baru Tech3 bersama KTM. Direktur motorsport KTM, Pit Beirer, mengungkapkan bahwa ketertarikan Marini terhadap proyek KTM menjadi salah satu faktor penting dalam keputusan tersebut. SCROLL TO CONTINUE WITH CONTENT ""Kami sangat senang dia bergabung dengan kami. Luca menunjukkan ketertarikannya sejak awal, dan menurut saya penting memiliki seseorang yang benar-benar ingin datang ke sini,"" kata Beirer seperti dilansir Crash.net . Baca juga: Luca Marini Gabung ke Tim Satelit KTM di MotoGP 2027 ADVERTISEMENT Bagi KTM, antusiasme itu bukan satu-satunya pertimbangan. Marini juga dianggap punya kemampuan yang dibutuhkan untuk membantu pengembangan motor. ""Ketika berbicara dengan orang-orang di sekitarnya, jelas bahwa dia juga merupakan sosok yang hebat untuk membantu membuat motor menjadi lebih baik,"" ujar Beirer. KTM Ingin Marini Bantu Kembangkan Motor MotoGP akan memasuki era baru pada 2027. Kapasitas mesin akan turun dari 1.000 cc menjadi 850 cc, disertai perubahan besar pada regulasi teknis dan penggunaan ban Pirelli. KTM sendiri sudah mempersiapkan proyek tersebut. Mereka telah menguji mesin yang dirancang untuk era regulasi baru dan memastikan Tech3 tetap menjadi bagian dari proyek KTM mulai 2027. Dalam situasi seperti itu, pengalaman pebalap menjadi sangat penting. Beirer mengatakan KTM memang sengaja mencari kombinasi pebalap berpengalaman dan pebalap muda untuk Tech3. Baca juga: 4 Rider Ini Masih Tunggu Kemenangan Perdana MotoGP ""Kami berkomitmen sejak awal: kami ingin pebalap muda dan kami ingin pebalap berpengalaman. Kami tidak ingin memiliki dua pebalap muda karena ini bukan tim rookie. Ini adalah tim MotoGP yang kuat dan sekelas tim utama."" Karena itu, KTM menilai kombinasi Marini dengan pebalap muda nantinya bisa menjadi formula yang ideal. Keputusan merekrut Marini juga mendapat respons positif dari para pebalap yang akan memperkuat KTM pada 2027. Beirer menyebut para pebalap baru KTM mengetahui kemampuan Marini dalam membantu pengembangan motor. ""Mereka sangat senang karena tahu apa yang bisa dilakukan Luca dan bagaimana dia bisa membantu mengembangkan motor,"" ujarnya. (krs/yna) ... Tautan telah disalin luca marini ktm motogp 2027 tech3 pengembangan motor pebalap italia antusiasme regulasi motogp pengalaman pebalap kombinasi pebalap muda dan berpengalaman"
Jadwal MotoGP San Marino 2026: Misi Marc Marquez Kejar Jorge Martin,https://sport.detik.com/moto-gp/d-8650852/jadwal-motogp-san-marino-2026-misi-marc-marquez-kejar-jorge-martin,"Jakarta - MotoGP 2026 akan berlanjut ke San Marino. Seri ke-14 musim ini akan digelar di Misano World Circuit Marco Simoncelli pada 11-13 September 2026. Jorge Martin untuk sementara masih memimpin klasemen MotoGP 2026. Tapi keunggulannya mulai tergerus setelah Marc Marquez tampil sempurna di Aragon. Marc berhasil memenangi Sprint dan balapan utama di Aragon. Sementara Martin hanya finis kelima di kedua sesi tersebut. SCROLL TO CONTINUE WITH CONTENT Hasil itu membuat Marc memangkas jarak dengan Martin menjadi 19 poin. Martin kini mengoleksi 256 poin, sedangkan Marc mengumpulkan 237 poin. Marco Bezzecchi berada di posisi ketiga dengan 232 poin. Balapan Aragon sendiri dimenangi Marc setelah tampil dominan. Ia meraih 25 poin dari balapan utama, sementara Martin hanya mendapat 11 poin. Data resmi MotoGP mencatat Marc finis pertama, Pedro Acosta kedua, Bezzecchi ketiga, dan Martin kelima. ADVERTISEMENT Dengan sembilan seri tersisa, persaingan perebutan gelar pun semakin terbuka. Marc Marquez kini hanya berjarak kurang dari satu kemenangan penuh dari Jorge Martin. Kini selisih keduanya hanya 19 poin. Bezzecchi juga belum bisa dicoret. Pebalap Aprilia itu hanya terpaut lima poin dari Marc dan 24 poin dari Martin. Artinya, tiga pebalap teratas masih berada dalam persaingan yang sangat ketat menuju paruh akhir musim. Baca juga: Duel 300 Km/Jam Marc Marquez Vs Bezzecchi di Aragon: Motor seperti Nempel Klasemen MotoGP 2026 Berikut klasemen sementara MotoGP 2026 setelah seri Aragon: Pos Pebalap Tim Poin 1 Jorge Martin Aprilia Racing 256 2 Marc Marquez Ducati Lenovo Team 237 3 Marco Bezzecchi Aprilia Racing 232 4 Fabio Di Giannantonio VR46 Ducati 208 5 Ai Ogura Trackhouse Aprilia 203 6 Pedro Acosta KTM 189 7 Raul Fernandez Trackhouse Aprilia 186 8 Francesco Bagnaia Ducati Lenovo Team 143 9 Alex Marquez Gresini Ducati 128 10 Fermin Aldeguer Gresini Ducati 90 MotoGP San Marino Digelar di Misano Seri San Marino berlangsung di Misano World Circuit Marco Simoncelli. Sirkuit tersebut memiliki panjang 4,23 kilometer, dengan 16 tikungan yang terdiri dari 10 tikungan kanan dan enam tikungan kiri. Balapan MotoGP dijadwalkan berlangsung selama 27 lap dengan total jarak 114,1 kilometer. Rangkaian akhir pekan dimulai pada Jumat (11/9), dilanjutkan kualifikasi dan Sprint pada Sabtu (12/9), kemudian balapan utama pada Minggu (13/9). Nah, berikut jadwal lengkapnya dalam Waktu Indonesia Barat (WIB) berdasarkan jadwal resmi MotoGP. MotoGP San Marino merupakan seri ke-14 dari kalender 2026 dan akan berlangsung di Misano pada 11-13 September. Baca juga: Marc Marquez Makin Dekat, Jorge Martin Akan Lawan! Jadwal MotoGP San Marino 2026 Jumat, 11 September 2026 Waktu WIB Kelas Sesi 14.00-14.35 Moto3 Free Practice 1 14.50-15.30 Moto2 Free Practice 1 15.45-16.30 MotoGP Free Practice 1 18.15-18.50 Moto3 Practice 19.05-19.45 Moto2 Practice 20.00-21.00 MotoGP Practice Sabtu, 12 September 2026 Waktu WIB Kelas Sesi 13.40-14.10 Moto3 Free Practice 2 14.25-14.55 Moto2 Free Practice 2 15.10-15.40 MotoGP Free Practice 2 15.50-16.05 MotoGP Qualifying 1 16.15-16.30 MotoGP Qualifying 2 17.45-18.00 Moto3 Qualifying 1 18.10-18.25 Moto3 Qualifying 2 18.40-18.55 Moto2 Qualifying 1 19.05-19.20 Moto2 Qualifying 2 20.00 WIB MotoGP Sprint, 13 lap Minggu, 13 September 2026 Waktu WIB Kelas Sesi 14.40-14.50 MotoGP Warm Up 16.00 WIB Moto3 Race, 20 lap 17.15 WIB Moto2 Race, 22 lap 19.00 WIB MotoGP Grand Prix, 27 lap (krs/ran) ... Tautan telah disalin hasil balapan aragon jadwal motogp san marino balapan motogp persaingan motogp klasemen motogp sirkuit misano motogp 2026 misano world circuit jorge martin marc marquez"
"Crutchlow Pilih Ai Ogura Jadi Favorit Setelah Marc Marquez, Ini Alasannya",https://sport.detik.com/moto-gp/d-8650870/crutchlow-pilih-ai-ogura-jadi-favorit-setelah-marc-marquez-ini-alasannya,"Jakarta - Cal Crutchlow membuat prediksi menarik soal kandidat juara MotoGP 2026. Setelah Marc Marquez, ia menyebut nama Ai Ogura. Crutchlow masih menilai Marc sebagai pebalap terbaik di grid saat ini. Tapi ketika diminta memilih favorit berikutnya, Ogura menjadi pilihannya. ""Kalau Anda bertanya kepada saya siapa pun selain Marc, saya akan memilih Ai Ogura,"" kata Crutchlow seperti dilansir Motosan . SCROLL TO CONTINUE WITH CONTENT Ogura memang sempat tampil luar biasa sebelum mengalami cedera. Pebalap Trackhouse Aprilia itu meraih lima podium dalam enam seri, termasuk kemenangan di MotoGP Belanda. Namun, Ogura kemudian mengalami cedera tangan saat latihan di Jepang sehingga harus absen di Aragon. Dampaknya cukup besar terhadap klasemen. Setelah seri Aragon, dia turun ke posisi kelima dengan 203 poin. ADVERTISEMENT Baca juga: Marc Marquez Diprediksi Jadi Rival Utama Jorge Martin, Ogura Kuda Hitam Crutchlow Suka Cara Ogura Balapan Crutchlow punya alasan teknis di balik pilihannya. Dia melihat karakter Ogura mirip dengan Dani Pedrosa, terutama dari aspek bobot tubuh. Ogura dengan berat sekitar 60 kg merupakan salah satu pebalap paling ringan di grid MotoGP. Menurut Crutchlow, kondisi tersebut membuat Ogura memiliki keunggulan dalam pengelolaan ban. ""Saya menyukainya, cara dia mengendarai motor. Satu-satunya kekurangannya adalah dia membutuhkan waktu lebih lama untuk mulai cepat dalam balapan,"" ujar Crutchlow. ""Dan saya tahu kenapa. Ini sangat mirip dengan Dani Pedrosa, yaitu soal bobot tubuhnya."" Ogura memang cenderung tidak langsung memaksimalkan ban pada awal balapan. Konsekuensinya, dia membutuhkan waktu untuk mendapatkan kecepatan terbaik. Tapi kondisi tersebut justru bisa menjadi keuntungan menjelang akhir balapan. ""[Ai] tidak mengaktifkan ban seperti pebalap lain pada tahap awal. Kemudian di akhir balapan, dia sangat menghemat ban sehingga masih punya banyak cadangan dibandingkan yang lain. Pada balapan yang lebih panas, dia jauh lebih baik karena bisa langsung memacu,"" kata Crutchlow. Selain itu Crutchlow juga memuji Jorge Martin, yang memuncaki klasemen MotoGP 2026 untuk sementara. Crutchlow melihat konsistensi sebagai faktor penting dalam perebutan gelar musim ini dan belakangan ini Martin disebutnya sebagai rider yang relatif konsisten. ""Jorge Martin sepertinya menjadi satu-satunya pebalap yang cukup konsisten saat ini. Dia tidak selalu menang, tetapi dia selalu ada ketika dibutuhkan,"" kata Crutchlow. Baca juga: Francesco Bagnaia di Titik Terendah (krs/yna) ... Tautan telah disalin ai ogura balapan jorge martin pebalap marc marquez cal crutchlow motogp cedera pengelolaan ban prediksi juara"
WEC 2026: WRT 32 Meraba COTA dari Hasil Free Practice,https://sport.detik.com/sport-lain/d-8650342/wec-2026-wrt-32-meraba-cota-dari-hasil-free-practice,"Austin - Team WRT 32 sudah menuntaskan sesi latihan bebas jelang balapan 6 Hours of COTA . Mereka menggunakan itu untuk meraba persaingan di atas lintasan. Circuit of The Americas (COTA) di Austin, AS, bakal menyajikan balapan sengit untuk dua kelas FIA World Endurance Championship (WEC) 2026 , Hypercar dan LMGT3. Hal itu terbaca dari dua sesi latihan sepanjang Jumat (4/9). Pada FP1, Ferrari dominan di kelas Hypercar dengan menyelesaikan sesi di P1 dan P2. Namun Aston Martin gantian menjadi yang tercepat pada FP2. SCROLL TO CONTINUE WITH CONTENT i kelas LMGT3, McLaren finis P1 dan P3 pada sesi awal dengan Mercedes ada di antara keduanya. Aston Martin melengkapi keperkasaan di FP2, karena bukan hanya di kelas Hypercar mereka jadi yang tercepat namun juga di kelas LMGT3. Heart of Racing Team #27 terpatri di P1, diikuti dua mobil Mercedes dan dua mobil McLaren. ADVERTISEMENT Dari hasil tersebut, tim pengguna Aston Martin, McLaren, dan Mercedes tampak siap untuk bersaing menjadi pemenang di Lone Star Le Mans atau 6 Hours of COTA. Mobil-mobil Amerika sendiri tampak belum memperlihatkan taji, ketika Corvette dan Ford belum berhasil menembus lima besar. Mengingt Corvette memimpin klasemen LMGT3, maka hasil di COTA bisa membuat perburuan gelar juara semakin sengit hingga akhir musim. Baca juga: WEC 2026: Paruh Kedua Musim Dimulai, Team WRT 32 Lebih Pede Team WRT sendiri memilih jalur berbeda dalam menatap lomba. WRT 32 bersama Sean, Darren, dan Augusto Farfus berada di P17 dan P16 pada FP1 dan FP2. Hal serupa juga terjadi untuk mobil WRT 69 yang finis di posisi kembar, P15, untuk dua FP. Walau tak terlalu signifikan, top speed juga bisa membantu mengingat COTA punya dua tempat ideal untuk menyusul, Tikungan 1 dan 12. Bila top speed bagus dan kesempatan terbuka, menyusul di dua tempat itu bisa menaikkan moral. Saat FP2, top speed BMW mampu bersaing dengan Aston Martin sebagai pemilik kecepatan maksimal sepanjang Jumat. Aston Martin menyentuh 256,5 km/jam, sementara BMW 255,3 km/jam. Hari Sabtu tergolong pendek untuk latihan, karena berdurasi satu jam. WRT 32 bersama Sean akan mencoba bersaing di Top 10 Qualifying sehingga lolos ke Hyperpole. Race 6 Hours of COTA disiarkan langsung di kanal youtube KUY Entertainment, Senin (7/9) mulai pukul 01.00 WIB. Baca juga: Ketika Sean Gelael Berbagi Pengalaman Balapan Video Sean Gelael soal Olahraga Balap Dianggap Mahal: Semua Itu Relatif! Video Sean Gelael soal Olahraga Balap Dianggap Mahal: Semua Itu Relatif! (mrp/bay) ... Tautan telah disalin sean gelael team wrt 32 team wrt 6 hours of cota fia wec 2026 wec 2026 world endurance championship"
Men's World Tennis Championship: Rafalentino/Ethan Gagal Juara,https://sport.detik.com/raket/d-8650339/mens-world-tennis-championship-rafalentino-ethan-gagal-juara,"Jakarta - Pupus sudah harapan Indonesia berjaya di Men's World Tennis Championship 2026 . Ini setelah Rafalentino Ali Da Costa/Ethan David Zapp kalah di final. Pada pertandingan puncak ganda putra Seri IV ITF World Tennis Tour M-1 di Lapangan A, Bali Beach Country, Nusa Dua, Sabtu (5/9/2026), Rafalentino/Ethan harus mengakui ketangguhan Alexander Chang/Pablo Perez Ramos. Di set pertama, Rafalentino/Ethan mengalami kesulitan mengimbangi permainan Alexander/Pablo. Petenis Amerika Serikat/Spanyol itu langsung menyerang lewat servis voli sebelum menang 6-3. SCROLL TO CONTINUE WITH CONTENT Memasuki set kedua, ganda tuan rumah yang sempat menyingkirkan unggulan pertma Isaac Becroft/Reece Falck bisa bangkit untu memberikan perlawanan hingga game ke-10 untuk membuat skor sama kuat 5-5. Namun, keunggulan pengalaman dari Alexander/Pablo dalam hal mematahkan servis lawan membuat mereka menang 7-5 dalam tempo 1 jam 11 menit untuk keluar sebagai juara. ADVERTISEMENT Meski menang, Pablo memuji permainan dari Rafalentino dan Ethan yang nyaris membuatnya kesulitan diset kedua. ""Kami bersyukur bisa menang karena lawan (Rafalentino dan Ethan) tampil luar biasa sehingga menyulitkan kami,"" ujar Pablo dalam rilis kepada detikSport. Sementara Alexander Kekompakkan dan komunikasi yang baik dengan partnernya membuahkan hasil gelar juara untuk yang kedua kali pada ajang M-15. Pada seri pertama, dia bersama Tanapat Nirundorn jadi juara di sektor yang sama. Baca juga: Men's World Tennis Championship: Ganda Indonesia Tembus Final Rafalentino/Ethan memang gagal juara, tapi pencapaian mereka diapresiasi Ketua Umum PP. Pelti periode 2018-2022 Rildo Ananda Anwar. ""Hadirnya talenta-talenta petenis muda merah putih seperti Rafalentino Ali Da Costa dan Ethan David Zapp di sektor putra serta Janice Tjen merupakan sebuah karunia sekaligus tantangan tersendiri dalam pembinaan tenis di Indonesia, agar prestasi mereka terus meningkat lewat jalur kompetisi, serta berjalannya proses regenerasi dengan baik,"" ujar Rildo. Sebagai runner-up, Rafalentino/Ethan mendapat hadiah 540 dolar AS serta trofi. Sedangkan Alexander/Pablo sebagai juara berhak atas 930 dolar AS serta tambahan 15 poin ATP. Sementara itu pada sektor tunggal putra yang hari ini mempertandingkan babak semifinal, petenis asal India Karan Singh berhasil mempertahankan performa impresifnya dengan memastikan diri melangkah ke partai puncak. Singh mengalahkan wakil Jepang Ryotaro Taguchi dua set langsung 6-3 dan 6-3. Karang akan bertemu Isaac Becroft dari Australia yang mengalahkan Leo Borg dalam waktu 1 jam 59 menit dengan skor 2-6, 6-4 dan 6-2. Baca juga: Men's World Tennis Championship: Nathan Barki ke Perempatfinal Video Manchester City Bersiap Hadapi Porto di Laga Perdana Liga Champions Video Manchester City Bersiap Hadapi Porto di Laga Perdana Liga Champions (mrp/bay) ... Tautan telah disalin men's world tennis championship 2026 amman mineral men's world tennis championship 2026 ethan david zapp rafalentino ali da costa"
Minala Cup Padel Diikuti Lebih dari 300 Peserta,https://sport.detik.com/sportstyle/d-8650215/minala-cup-padel-diikuti-lebih-dari-300-peserta,"Jakarta - Padel semakin semarak dengan hadirnya beragam turnamen. Ada Minala Cup Padel Tournament yang menyuguhkan hal menarik. Ajang ini digelar di PIPC Arteri, Kebayoran Lama, Jakarta Selatan, pada tanggal 5 dan 6 September 2026. Minala Cup Padel Tournament diikuti lebih dari 300 peserta. Tak sekadar menghadirkan persaingan di lapangan, turnamen tersebut juga menawarkan hadiah menarik dengan total uang tunai mencapai Rp 103,5 juta. Selain itu, panitia menyiapkan 400 koper serta doorprize berupa kesempatan menjalankan ibadah umrah ke Arab Saudi. SCROLL TO CONTINUE WITH CONTENT CEO Minala Tour & Travel, Muhammad Castallani, mengatakan pihaknya ingin memadukan olahraga, gaya hidup sehat, serta perjalanan spiritual. Minala Tour and Travel adalah perusahaan yang bergerak di layanan Umrah dan Haji. ""Kami berusaha ikut mendorong perkembangan olahraga padel di Indonesia yang saat ini sedang hype. Kami juga ingin menciptakan gaya hidup sehat di kalangan masyarakat luas, masyarakat Muslim juga tentunya,"" ujar Muhammad Castallani dalam konferensi pers di PIPC Arteri, Sabtu (5/9/2026). ADVERTISEMENT Baca juga: Misi Besar PBPI Menuju Olimpiade 2032 ""Melalui turnamen ini, kami ingin menghadirkan kompetisi yang kompetitif dan menghibur, sehingga para pemain bisa mendapatkan pengalaman bertanding yang seru, sementara penonton juga bisa menikmati atmosfer pertandingan yang positif,"" sambungnya. Ada lima kategori dalam Minala Cup Padel Tournament, yakni Women Lower Bronze, Mixed Lower Bronze, Mixed Bronze, Mens Lower Bronze dan Mens Bronze. Proses kurasi peserta dilakukan sesuai dengan prosedur kompetisi, dengan skema kerja sama dengan Gen 2 Padel, salah satu komunitas padel yang sudah berdiri beberapa tahun. ""Kami akan memberikan total hadiah cash Rp103,5 juta. Kemudian ada hadiah 400 koper. Ini juga menarik karena kami menjadi turnamen padel pertama di Indonesia yang memberikan hadiah 400 koper,"" kata Muhammad Castallani. CEO Shiratha, Aan Yugiastomo, selaku sponsor utama Minala Cup, berharap kolaborasi ini bisa memberikan hal baik untuk masyarakat. Adapun keinginan berkontribusi memajukan padel di Indonesia. ""Saya sangat yakin kolaborasi ini bisa membawa dampak positif untuk kami, para peserta, dan masyarakat luas. Saya berharap turnamen ini berlangsung lancar untuk 2 hari ini. Peserta happy semua, panitia dan rekan-rekan media juga senang dengan jalannya event ini. Dan tentunya semoga bisa membawa dampak besar bagi dunia olahraga padel yang sedang hype di Indonesia,"" Video Tukang Sampah Meruya Curhat Kerja Terganggu gegara Lapangan Padel Ini Video Tukang Sampah Meruya Curhat Kerja Terganggu gegara Lapangan Padel Ini (ran/bay) ... Tautan telah disalin padel turnamen padel"
"WRT 32 di Lone Star Le Mans: Startnya Sudah Bagus, tapi...",https://sport.detik.com/sport-lain/d-8653123/wrt-32-di-lone-star-le-mans-startnya-sudah-bagus-tapi,"Austin - Pupus sudah harapan Sean Gelael dan rekan-rekannya di Team WRT 32 meraih podium Lone Star Le Mans 2026 . Kendala teknis bikin mereka gagal dapat poin. Setelah meraih posisi start ketujuh di kualifikasi kelas LMGT3, Sean dkk.dalam kepercayaan diri tinggi menghadapi balapan di COTA, Senin (7/9) dini hari WIB. Bahkan posisi mereka naik satu strip karena penalti AF Cose 21. Pada balapan yang berlangsung di trek basah, Darren Leung sebagai starting driver langsung melesat ke posisi keenam dari urutan keempat saat start. SCROLL TO CONTINUE WITH CONTENT Leung bahkan sempat naik ke P2, walau persaingan ketat membuat pebalap Inggris ini lalu tertahan di P4. Setelah itu tiba-tiba Leung mundur teratur, dari P4 ke P6, P7, hingga mesti masuk pit karena problem teknis terdeteksi. Ternyata as-roda mobil BMW M4 GT3 yang dikendarainya bermasalah sehingga mesti diganti. ADVERTISEMENT Penggantian membutuhkan waktu cukup lama, 25 menit, sebelum Sean mengambil alih balapan dari Leung. Akan tetapi Sean tidak bisa berbuat banyak karena Team WRT 32 sudah tertinggal 10 lap dari mobil terdepan kelas LMGT3. Baca juga: WEC 2026: Sean Gelael Balapan di Austin Dini Hari, Start P7 Walau begitu, guna menuntaskan perjuangan, Sean, Leung, dan Augusto Farfus tetap berlaga hingga finis di P16. Bukan hasil yang diharapkan memang, tapi mereka sudah memberikan segalanya. ""Bukan hasil yang kami inginkan. Tapi, ya, balapan memang terkadang seperti ini,"" ujar Sean dalam rilis kepada detikSport. Balapan Lone Start Le Mans atau 6 Hours of COTA penuh drama sejak awal. Safety Car (SC) dan Full Course Yellow (FCY) berulangkali mesti diberlakukan untuk menetralisir lomba. Kelas LMGT3 jadi milik tim Heart of Racing Team #27. Sementara itu Ferrari akhirnya pecah telur di kelas Hypercar tahun ini lewat mobil nomor 50. Putaran kelima FIA WEC 2026 digelar di Sirkuit Fuji, Jepang, 27 September. Baca juga: WEC 2026: WRT 32 Meraba COTA dari Hasil Free Practice Video Sean Gelael soal Olahraga Balap Dianggap Mahal: Semua Itu Relatif! Video Sean Gelael soal Olahraga Balap Dianggap Mahal: Semua Itu Relatif! (mrp/rin) ... Tautan telah disalin sean gelael team wrt 32 team wrt lone star le mans fia wec 2026 world endurance championship"
"Setelah 9 Tahun Gelar Basket, Kini LJK 2026 Rambah Padel",https://sport.detik.com/sportstyle/d-8653121/setelah-9-tahun-gelar-basket-kini-ljk-2026-rambah-padel,"Jakarta - Liga Jasa Keuangan (LJK) yang lebih dikenal dengan kompetisi basket kini mulai merambah ke padel . LJK untuk pertama kalinya menggelar padel mulai tahun ini. Sebanyak 20 tim dari 20 institusi keuangan mengikuti rangkaian kompetisi yang dibuka oleh Wakil Ketua Dewan Komisioner Otoritas Jasa Keuangan (OJK) Hernawan Bekti Sasongko di Milo's Padel Kemang, Jakarta, Minggu (6/9/2026). Opening ceremony menghadirkan parade tim, pertandingan eksibisi level eksekutif, serta pertandingan awal fase grup. Kegiatan turut dihadiri Deputi Gubernur Bank Indonesia Solikin M. Juhro dan jajaran pimpinan dari berbagai institusi peserta. SCROLL TO CONTINUE WITH CONTENT Baca juga: Minala Cup Padel Diikuti Lebih dari 300 Peserta Peserta datang dari tiga kelompok utama; Sektor perbankan diwakili 13 institusi, sektor asuransi dan keuangan nonbank, dan kelompok regulator serta lembaga terkait. Setiap institusi menurunkan satu tim yang terdiri atas lima pemain putra dan lima pemain putri, serta didampingi maksimal tiga ofisial, dengan total sebanyak 200 pemain tercatat mengikuti turnamen. ADVERTISEMENT ""Masuknya padel sebagai cabang baru menunjukkan bahwa Liga Jasa Keuangan terus berkembang mengikuti minat insan jasa keuangan. Namun, yang paling penting bukan sekadar cabang olahraganya, melainkan semangat yang dibawa: berani bertanding, menjunjung sportivitas, dan membangun kekompakan,"" kata Ketua Pengurus LJK Insan Hasani. Dalam setiap pertemuan beregu, tim bertanding pada tiga kategori: Men's Doubles, Women's Doubles, dan Mixed Doubles. Kompetisi dimulai dari fase kualifikasi dan grup, kemudian berlanjut ke perempat final, semifinal, perebutan tempat ketiga, dan final. Format berjenjang tersebut membuat setiap hasil pada fase grup menentukan langkah tim menuju babak gugur. Penyelenggaraan juga didukung perangkat pertandingan profesional, pengaturan level pemain, sistem skor, dan publikasi kegiatan. Baca juga: Atlet Dunia Ramaikan Premiere Padel Indonesia ""Kami merancang kompetisi ini dalam format beregu agar setiap tim tampil sebagai satu kesatuan sehingga strategi, kedalaman skuad, dan konsistensi menjadi penentu. Harapannya, turnamen ini berlangsung kompetitif, fair, dan memberikan pengalaman pertandingan yang baik dan dapat dinikmati bagi seluruh peserta,"" ujar Ketua Pelaksana LJK Padel Greatman Rajab. LJK pertama kali diselenggarakan pada 2017 sebagai wadah olahraga bagi regulator, pelaku industri, dan pemangku kepentingan sektor jasa keuangan. Memasuki penyelenggaraan ke delapan pada 2026, penambahan padel memperluas cabang yang dipertandingkan sekaligus merespons minat komunitas terhadap olahraga tersebut. Mengusung tema ""Play Bold, Build Bonds"", LJK Padel 2026 memadukan persaingan yang sehat dengan sportivitas dan kekompakan tim. Penutupan pada 27 September 2026 akan menjadi momentum penyerahan penghargaan sekaligus apresiasi kepada seluruh tim yang mengikuti penyelenggaraan perdana cabang padel. Lebih dari sekadar kompetisi, LJK Padel 2026 diharapkan menjadi medium yang efektif untuk memperkuat konektivitas dan kolaborasi antarinsan industri jasa keuangan. Di saat yang sama, sportivitas yang tumbuh dalam pertandingan-melalui disiplin, integritas, kerja sama tim, dan sikap saling menghormati-mencerminkan nilai-nilai yang juga dibutuhkan dalam membangun ekosistem jasa keuangan yang sehat, solid, dan berkelanjutan. Video Tukang Sampah Meruya Curhat Kerja Terganggu gegara Lapangan Padel Ini Video Tukang Sampah Meruya Curhat Kerja Terganggu gegara Lapangan Padel Ini (mro/bay) ... Tautan telah disalin ljk padel"
Ngedadak Padel: Ketika Padel Jadi Ajang Reuni,https://sport.detik.com/sportstyle/d-8653076/ngedadak-padel-ketika-padel-jadi-ajang-reuni,"Jakarta - Padel kini sudah jadi gaya hidup masyarakat urban di Indonesia. Tidak cuma untuk berolahraga, padel bisa jadi ajang reunian. Hal ini yang dilakukan oleh alumni Fakultas Hukum (FH) Universitas Trisakti angkatan 1999. Pada Minggu (6/9/2026) kemarin, berlokasi HQ Padel & Tennis, Pesanggrahan, Jakarta Selatan, mereka melakukan kegiatan gathering namun dikemas dalam bentuk turnamen padel bertajuk ""Ngedadak Padel"". Para alumni FH Trisakti tersebut juga diperbolehkan membawa pasangan mereka masing-masing untuk bersaing dalam pertandingan nomor campuran. SCROLL TO CONTINUE WITH CONTENT Turnamen padel ini diikuti oleh 16 fixed partners dan mixed partners yang terbagi ke dalam 4 grup. Para peserta pun terlihat tampil antusias dan kompetitif. ""Intinya ini untuk menjaga silaturahmi. Kami angkatan 99 FH Trisakti memang sering membuat kegiatan kumpul-kumpul, dan salah satunya ini adalah padel. Apalagi padel juga sedang digemari, baik laki-laki maupun perempuan,"" ujar salah seorang panitia, Mega Ruhapy, dalam keterangan kepada media ADVERTISEMENT Kegiatan ini memang hanyalah ajang silaturahmi. Namun, panitia tampak begitu serius dalam menyelenggarakan acara. Podium untuk juara pertama, peringkat runner-up, dan ketiga disiapkan. Pemenang juga berhak mendapatkan penghargaan, medali, dan hadiah. Arie Pujianto, salah seorang alumni yang menjadi motor penggerak aktivitas olahraga di kalangan alumni FH Universitas Trisakti, menyebut angkatannya memang tergolong cukup aktif menggelar kegiatan seperti ini. Kegiatan olahraga seperti padel ini diyakini Arie menjadi pilihan yang tepat untuk bersilaturahmi karena baik alumni laki-laki maupun perempuan bisa berpartisipasi. Ngedadak Padel: Ketika Padel jadi ajang reuni. (Foto: dok.Ngedadak Padel) ""Kami dari zaman kuliah, udah lebih dari 25 tahun lalu, memang akur ya. Alhamdulillah masih berhubungan baik. Akhirnya sekarang kami coba main padel, karena para istri juga bisa main,"" kata Arie. ""Mudah-mudahan, dengan adanya turnamen padel perdana kami ini, bisa juga mengangkat kemauan dari angkatan FH Trisakti yang lain. Pastinya seru kalau seluruh FH Trisakti bisa melakukan gathering,"" sambungnya. Arie menyebut alumni angkatan 99 FH Trisakti juga berencana menggelar turnamen padel ke depannya, tetapi diadakan di Asha Beach Club & Resort di Pulau Payung, Kepulauan Seribu. Baca juga: Minala Cup Padel Diikuti Lebih dari 300 Peserta Tak Cuma Padel Arie dan para alumni FH Trisakti rupanya juga tergabung dalam klub sepak bola Inkracht Sakti FC, yang dijadwalkan mengikuti kejuaraan dunia antar advokat atau Mundiavocat 2027 di Bali, 21-25 April 2027. ""Mundiavocat ini juga jadi salah satu fokus kita. Kami dari Inkracht Sakti FC memang basicnya adalah para lawyer lulusan Trisakti. Namun, mungkin kami juga membuka peluang untuk mengajak pemain dari Peradi FC,"" ucap Arie. Arie yang menjabat sebagai kapten tim Inkracht Sakti FC, menambahkan, untuk menghadapi Mundiavocat tahun depan, skuad sudah harus terbentuk pada bulan November 2026 sehingga tim bisa lebih berkonsentrasi melakukan persiapan. Inkracht Sakti FC sendiri telah menunjuk seorang pelatih profesional yang dikenal di kalangan olahraga futsal, yakni Mario Silitonga. Mario memang sudah berkali-kali membawa tim advokat Indonesia berkompetisi di kejuaraan dunia sepak bola antar advokat. Tangan dingin dan pengalaman Mario diharapkan bisa membawa Inkracht Sakti FC mencapai prestasi membanggakan. ""Untuk Mundiavocat, biasanya negara unggulan dari Asia itu adalah Thailand, Iran, dan Jepang. Dulu saya pernah membawa tim sepak bola advokat Indonesia sampai ke peringkat ketiga,"" kata Mario. Agenda terdekat, Inkracht Sakti FC akan menggelar pertandingan pemanasan menghadapi para mantan pemain profesional Malaysia, Sabah FC, di Jakarta, 20 September. Baca juga: Atlet Dunia Ramaikan Premiere Padel Indonesia Video Tukang Sampah Meruya Curhat Kerja Terganggu gegara Lapangan Padel Ini Video Tukang Sampah Meruya Curhat Kerja Terganggu gegara Lapangan Padel Ini (mrp/bay) ... Tautan telah disalin padel alumni fh trisakti ngedadak padel"
Menjaga Gaya Hidup Sehat Lewat Hyrox,https://sport.detik.com/sportstyle/d-8653072/menjaga-gaya-hidup-sehat-lewat-hyrox,"Jakarta - Hyrox tak dipungkiri lagi naik daun di dunia, terutama di Indonesia. Olahraga ini memang punya peran penting dalam menjaga stamina tubuh. Hyrox adalah kompetisi kebugaran global yang mengombinasikan lari jarak jauh dengan latihan fungsional dalam satu rangkaian perlombaan yang intens. Olahraga ini pertama kali diluncurkan di Jerman pada tahun 2017 dan dengan cepat berkembang menjadi fenomena internasional. Tujuan utama dari kompetisi ini adalah untuk menguji daya tahan (endurance) serta kekuatan (strength) peserta secara menyeluruh. SCROLL TO CONTINUE WITH CONTENT Berbeda dengan kompetisi atletik lainnya yang sering kali ditujukan hanya untuk profesional, Hyrox dirancang agar inklusif bagi semua tingkat kebugaran. Peserta pemula hingga atlet elit dapat berkompetisi di bawah standar yang sama dengan waktu penyelesaian yang tercatat secara digital. Hal ini menjadikan Hyrox sebagai salah satu jenis kompetisi fitness race yang paling populer di dunia saat ini. ADVERTISEMENT Itulah mengapa banyak pusat kebugaran di kota-kota besar di Indonesia memasukkan Hyrox sebagai salah satu ""jualan"" karena tingginya peminat. Apalagi saat ini sudah sering dilihat kompetisi hyrox dipertandingkan. Tidak cuma dipertandingkan secara resmi, Hyrox juga kerap dijadikan sebagai gimmick dalam sebuah seremoni, salah satunya seperti di Hari Kemerdekaan ke-81 RI bulan lalu. Synergy Worldwide Indonesia, perusahaan yang bergerak di bidang nutrisi dan wellness Synergy, berkolaborasi dengan South Barn menghadirkan sebuah kompetisi fitness yang memadukan semangat olahraga, kompetisi, dan tradisi perayaan 17 Agustus melalui acara ""17 Agustusan Throwdown"" Baca juga: Soal Olahraga Hyrox yang Lagi Naik Daun di Indonesia Mengusung konsep kompetisi bergaya HYROX, 17 Agustusan Throwdown menghadirkan tantangan fisik yang menguji kekuatan, daya tahan, kecepatan, dan ketangguhan peserta. Namun, berbeda dari kompetisi fitness pada umumnya, acara ini juga membawa suasana khas perayaan kemerdekaan Indonesia melalui berbagai lomba 17 Agustusan, seperti lomba makan kerupuk, dan mengigit sendok dengan kelereng. ""Kami ingin menghadirkan sesuatu yang berbeda dalam menyambut Hari Kemerdekaan. Fitness dan olahraga memiliki nilai yang sangat dekat dengan semangat perjuangan, konsistensi, disiplin, keberanian untuk menghadapi tantangan, dan tidak mudah menyerah. Melalui 17 Agustusan Throwdown, kami ingin menggabungkan nilai-nilai tersebut dengan keceriaan dan kebersamaan yang menjadi ciri khas perayaan 17 Agustus di Indonesia, Produk-produk Synergy Indonesia juga hadir untuk mendukung performa para pecinta Olahraga & Fitness"" ujar Dina Yuliyanti selaku Senior Marketing Manager Synergy Worldwide Indonesia dalam keterangan kepada detikSport. Kolaborasi bersama South Barn juga menjadi bagian dari upaya menghadirkan pengalaman olahraga yang lebih inklusif dan menyenangkan bagi komunitas. Para peserta tidak hanya ditantang untuk menunjukkan kemampuan fisik mereka dalam arena kompetisi, tetapi juga diajak untuk menikmati suasana perayaan kemerdekaan bersama komunitas dan rekan-rekan sesama pecinta olahraga. Konsep ""work hard, play hard"" menjadi salah satu semangat utama acara ini. Yang menggabungkan antara tantangan fisik dalam kompetisi dan permainan-permainan khas 17 Agustus yang menghadirkan suasana santai, penuh tawa, dan kompetisi yang bersahabat. Kehadiran 17 Agustusan Throwdown sekaligus mencerminkan semakin berkembangnya budaya fitness dan olahraga fungsional di Indonesia. Kompetisi seperti Hyrox menggabungkan berbagai elemen latihan, mulai dari kekuatan, kardio, hingga functional movements, sehingga menuntut peserta untuk memiliki kemampuan fisik yang menyeluruh. Melalui kegiatan ini, Synergy Worldwide Indonesia dan South Barn berharap semangat kemerdekaan tidak hanya dirayakan melalui seremonial, tetapi juga diwujudkan melalui gaya hidup aktif, sehat, sportif, dan penuh kebersamaan. Baca juga: Wellnest Festival Vol. 2 Kembali Hadir! Ikut Mat Pilates Cuma 100 Ribuan Video Viral Pria Umur 81 Taklukkan Hyrox Jakarta, Latihannya Nggak Main-main Video Viral Pria Umur 81 Taklukkan Hyrox Jakarta, Latihannya Nggak Main-main (mrp/bay) ... Tautan telah disalin hyrox"
Men's World Tennis Championship: 3 Wakil RI Gagal ke Babak Utama Seri V,https://sport.detik.com/raket/d-8653071/mens-world-tennis-championship-3-wakil-ri-gagal-ke-babak-utama-seri-v,"Nusa Dua - Men's World Tennis Championship 2026 sudah memasuki seri V. Sayang, tiga petenis tuan rumah gagal melaju ke babak utama. Pada putaran final kualifikasi Seri V M-15 Men's World Tennis Championship 2026, Senin (7/9/2026), Indonesia menurunkan tiga wakilnya, yakni Ethan Jake Frans, Ethan David Zapp, dan Kareem Abdul Hakim. Tapi ketiganya malah gagal menuntaskan misinya lolos ke babak utama turnamen yang berhadiah total 20 ribu dolar AS. Ada total 32 petenis dari 14 negara yang tampil di babak kualifikasi. SCROLL TO CONTINUE WITH CONTENT Bertanding di lapangan A, Bali Beach Country Club, Nusa Dua, Ethan baru saja merayakan ulang tahun ke-17 itu harus tumbang dari unggulan keempat Shanker Heisnam. Ethan yang akhir pekan lalu jadi runner-up Seri IV bersama Rafalentino Da Costa kalah dengan skor 2-6 dan 3-6 dalam waktu 1,5 jam. ADVERTISEMENT Baca juga: Men's World Tennis Championship: Karan Singh Juara Seri IV Ethan Jake, 14 tahun, yang merupakan putra eks petenis Indonesia Wyne Prakusya kalah dari unggulan ketujuh asal Amerika Serikat Stefan Menichell, dengan skor 6-7 tiebreak 3 dan 3-6 dalam waktu 2 jam 4 menit. ""Saya tetap puas dengan performa saya di final kualifikasi ini. Apalagi saya kalah dari petenis asing seperti Stefan yang unggul teknik dan pengalaman serta peringkat ATP yang lebih tinggi,"" ujar Ethan Jake dalam rilis kepada detikSport. Wakil RI ketiga yang gagal adalah Kareem Abdul Hakim. Dia takluk dari unggulan kelima dari Selandia Baru, Matthew Shearer, 2-6 dan 5-7. Dengan hasil itu, Indonesia cuma punya empat wakil di babak utama, yakni unggulan kedua M Rifqi Fitriadi, serta Anthony Susanto, Nathan Bark, dan Rafalentino Ali Da Costa yang masuk ke babak utama dengan fasilitas wild card. Sementara itu di sektor ganda putra, Indonesia akan diperkuat oleh Rafalentino Ali Dacosta/Ethan David Zapp, Ethan Jake Frans/M. Ragil Putra, Anthony Susanto yang menggandeng petenis Taiwan Yang Cheng Chen sebagai pasangannya serta Kareem Abdul Hakim yang berpartner dengan Andrez Nech dari Hungaria. Baca juga: Men's World Tennis Championship: Rafalentino/Ethan Gagal Juara Video Manchester City Bersiap Hadapi Porto di Laga Perdana Liga Champions Video Manchester City Bersiap Hadapi Porto di Laga Perdana Liga Champions (mrp/rin) ... Tautan telah disalin men's world tennis championship 2026 amman mineral men's world tennis championship 2026"
"Debut di Rok Cup Indonesia 2026, Barra Ghaisan Torehkan Catatan Positif",https://sport.detik.com/sport-lain/d-8653014/debut-di-rok-cup-indonesia-2026-barra-ghaisan-torehkan-catatan-positif,"Jakarta - Barra Ghaisan Zeinatma menunjukkan perkembangan positif pada musim debutnya di ESHARK Rok Cup Indonesia 2026. Turun di kelas Mini Rok, Pembalap muda Indonesia ini mampu mengoleksi sejumlah podium setelah menjalani proses adaptasi sepanjang musim. Pebalap berusia 13 tahun yang memperkuat Avenue Rising Star Racing Team itu baru tampil mulai Round 2 karena harus beradaptasi dengangokartbaru. Pada Seri 2, Barra finis di posisi ke-12, sebelum meningkat ke peringkat ke-10 pada Seri 3. Performa Barra semakin menonjol pada Seri 4. Ia meraih posisi kelima kategori Mini Newbie dan peringkat ketiga Mini Rok Rising Star. SCROLL TO CONTINUE WITH CONTENT Memasuki Seri 5, Barra kembali naik podium dengan menjadi juara pertama kategori Mini Newbie dan runner-up Mini Rok B. Performa tersebut berlanjut pada Seri 6 yang berlangsung 5-6 September 2026. Ia meraih posisi kedua Mini Newbie, posisi kelima Mini Rok, dan posisi keempat Mini Rok Rising Star. ""Musim pertama ini menjadi proses belajar yang sangat penting bagi Barra. Setiap seri memberikan pengalaman dan tantangan baru,"" kata ayah Barra, Jeffri Ardiatma, kepada awak media. ADVERTISEMENT Jeffri juga mengingatkan Barra untuk tetap memperhatikan pendidikan. Saat ini, Barra tercatat sebagai siswa kelas 7 SMP Labschool Cirendeu. ""Yang penting juga untuk Barra agar fokus dengan sekolahnya. Kami selalu berharap yang terbaik untuk Barra,"" lanjutnya. Setelah menyelesaikan musim pertamanya di kelas Mini Rok, Barra diproyeksikan naik ke kelas Junior Rok pada ESHARK Rok Cup Indonesia 2027. Ia juga dijadwalkan mengikuti sejumlah seri Rok Cup Asia di Macau, Malaysia, dan Thailand. Video: Momen Puluhan Remaja Terjaring Razia Balap Liar di Kota Pasuruan Video: Momen Puluhan Remaja Terjaring Razia Balap Liar di Kota Pasuruan (ran/yna) ... Tautan telah disalin gokart barra ghaisan zeinatma balapan"
MotoGP San Marino: Antusiasme Bezzecchi Balapan di 'Rumah Sendiri',https://sport.detik.com/moto-gp/d-8652587/motogp-san-marino-antusiasme-bezzecchi-balapan-di-rumah-sendiri,"Jakarta - Marco Bezzecchi tak sabar menghadapi MotoGP San Marino 2026. Bagi pebalap Aprilia itu, balapan di Sirkuit Misano punya arti khusus karena lokasinya sangat dekat dengan kampung halamannya, Rimini. MotoGP San Marino akan berlangsung di Misano pada 11-13 September. Bezzecchi menyebut seri ini selalu terasa berbeda dibandingkan balapan lainnya. ""Grand Prix kandang selalu memiliki sesuatu yang ajaib dan spesial,"" kata Bezzecchi seperti dilansir Motosan . SCROLL TO CONTINUE WITH CONTENT Misano memang seperti rumah kedua bagi Bezzecchi. Sirkuit tersebut hanya berjarak beberapa kilometer dari Rimini, tempat kelahirannya. Saking dekatnya, Bezzecchi bahkan masih akan tinggal di rumah hingga Kamis sebelum pindah ke motorhome untuk menjalani rangkaian akhir pekan balapan. ADVERTISEMENT ""Misano benar-benar wilayah rumah saya. Saya di rumah sampai Kamis. Jadi, ya, ini luar biasa; selalu menjadi perasaan yang luar biasa, selalu memiliki rasa yang spesial,"" ujarnya. Baca juga: Jadwal MotoGP San Marino 2026: Misi Marc Marquez Kejar Jorge Martin Bezzecchi Datang dengan Modal Bagus Antusiasme Bezzecchi semakin besar setelah dua seri terakhir memberinya hasil positif. Ia berhasil mengumpulkan poin penting untuk tetap berada dalam persaingan gelar MotoGP 2026. ""Beberapa waktu terakhir memang cukup sulit, tetapi dua balapan terakhir berjalan dengan baik. Kami berhasil mendapatkan kembali beberapa poin,"" katanya. Setelah MotoGP Aragon, Bezzecchi berada di posisi ketiga klasemen. Ia tertinggal 24 poin dari Jorge Martin yang memimpin, sementara Marc Marquez berada di posisi kedua dengan selisih 19 poin dari Martin. Karena itu, balapan di Misano bukan sekadar home race bagi Bezzecchi. Pebalap Italia tersebut juga punya kesempatan untuk memangkas jarak dalam perebutan gelar di depan pendukungnya sendiri. ""Anda harus percaya pada diri sendiri, Anda harus berjuang. Kimi melakukannya, dan saya tentu akan berusaha memberikan yang terbaik,"" ujar Bezzecchi. Baca juga: Marc Marquez Makin Dekat, Jorge Martin Akan Lawan! (krs/yna) ... Tautan telah disalin san marino motogp marco bezzecchi sirkuit misano balapan antusiasme pebalap italia klasemen motogp home race gelar juara"
Dokter Perkirakan Kondisi Lengan Marc Marquez: Sekitar 50 Persen,https://sport.detik.com/moto-gp/d-8652425/dokter-perkirakan-kondisi-lengan-marc-marquez-sekitar-50-persen,"Jakarta - Marc Marquez masih harus beradaptasi dengan kondisi lengan kanan yang jauh dari normal. Dokter yang pernah mengoperasinya, Samuel Antuna, mengungkap kekuatan lengan tersebut kini hanya sekitar 50 persen. Antu?Ÿ?ña menjelaskan kondisi itu merupakan dampak dari berbagai cedera dan operasi yang dijalani Marc. Kecelakaan di MotoGP Indonesia tahun lalu menjadi titik balik karena kembali memperburuk kondisi lengan kanannya. ""Sebelum kecelakaan di Indonesia, dia baik-baik saja. Dia bisa balapan, tidak merasakan sakit dan tidak mengeluhkan apa pun. Kecelakaan itu mengubah semuanya,"" kata Antuna kepada El Periodico yang dilansir Motosan . SCROLL TO CONTINUE WITH CONTENT Baca juga: Crutchlow Pilih Ai Ogura Jadi Favorit Setelah Marc Marquez, Ini Alasannya Masalah Marc kemudian semakin rumit karena saraf radial di lengannya sempat tertekan serpihan tulang. Kondisi itu membuatnya kehilangan kendali atas lengan saat berada dalam posisi tertentu di atas motor dan berkontribusi terhadap sejumlah kecelakaan. ADVERTISEMENT Setelah menjalani operasi untuk mengatasi masalah tersebut, kondisinya membaik. Namun, kekuatan lengan kanannya tetap jauh di bawah lengan kiri. ""Dia memiliki latissimus dorsi yang kuat, tetapi secara mekanis terganggu. Hal yang sama berlaku pada teres major. Namun, masalah utamanya adalah dia kehilangan kekuatan pada bisep,"" ujar Antuna. Baca juga: Jadwal MotoGP San Marino 2026: Misi Marc Marquez Kejar Jorge Martin ""Lengan itu sangat terbatas dalam hal kekuatan, terutama pada bisep. Saya memperkirakan kekuatannya sekitar 50 persen dari kapasitasnya,"" lanjutnya. Antuna menegaskan Marc tidak kehilangan otot. Namun, sejumlah otot seperti trisep, latissimus dorsi, teres major, dan pektoralis mayor terdampak berbagai operasi sehingga mengalami perubahan dan sedikit atrofi. Kondisi tersebut membuat lengan kanan Marc tidak memiliki kekuatan yang sama dengan lengan kirinya. Meski begitu, pebalap Ducati itu mampu beradaptasi dengan keterbatasan fisiknya dan tetap kompetitif di MotoGP. (krs/yna) ... Tautan telah disalin marc marquez kondisi lengan kekuatan otot cedera olahraga motogp operasi lengan saraf radial adaptasi fisik kesehatan atlet bisep lemah"
"Mamma Mia, Antonelli",https://sport.detik.com/f1/d-8651642/mamma-mia-antonelli,"Monza - Pebalap Mercedes GP Kimi Antonelli tampil luar biasa untuk memenangi F1 GP Italia 2026 . Tak cuma comeback, Antonelli bikin rekor baru. Pada balapan di Sirkuit Monza, Minggu (6/92/206) malam WIB, Antonelli mendapat penalti sehingga harus start dari grid alias posisi ke-19. Tapi, Antonelli cuma butuh dua lap untuk bisa mendekati posisi 10 besar dan kemudian mengambil alih balapan saat memasuki lap ke-18. Posisi itu dipertahankan Antonelli sampai akhir. SCROLL TO CONTINUE WITH CONTENT Kemenangan yang bikin Antonelli kukuh di puncak klasemen pebalap F1 dengan 267 poin, unggul 56 angka dari rekan setim George Russell di posisi kedua dan 76 angka dari Hamilton di posisi ketiga. Ini merupakan kemenangan ketujuh Antonelli musim ini, paling banyak sepanjang sejarah keikutsertaan pebalap Italia di F1. ADVERTISEMENT Baca juga: Hasil F1 GP Italia 2026: Kimi Antonelli Menang, Mercedes 1-2 Hebatnya Antonelli juga menyudahi puasa panjang pebalap Italia di Monza, setelah terakhir Ludovico Scarfiotti bersama Ferrari tahun 1966. Antonelli juga jadi pebalap termuda yang menang di Monza dalam usia 20 tahun 12 hari, sekaligus orang Italia pertama yang naik podium di balapan itu sejak 2005. ""Luar biasa! Saya senang sekali. Saya tidak pernah membayangkan bisa ada di sini hari ini, tapi kami mewujudkannya. Bak mimpi jadi nyata. Hari luar biasa. Saya tidak bisa melakukan ini tanpa bantuan tim, keluarga, dan semua yang mendukung saya,"" ujar Antonelli seperti dilansir Reuters. ""Masih ada beberapa balapan lagi, kami tidak boleh jemawa. Namun, kami akan menikmati dulu kemenangan hari ini,"" sambungnya. Baca juga: Hasil F1 GP Belanda 2026: Lando Norris Juara Video Manchester City Bersiap Hadapi Porto di Laga Perdana Liga Champions Video Manchester City Bersiap Hadapi Porto di Laga Perdana Liga Champions (mrp/nds) ... Tautan telah disalin kimi antonelli mercedes gp f1 gp italia 2026 f1 gp italia f1 2026 formula 1 2026"
Men's World Tennis Championship: Karan Singh Juara Seri IV,https://sport.detik.com/raket/d-8651603/mens-world-tennis-championship-karan-singh-juara-seri-iv,"Nusa Dua - Selesai sudah Seri IV M-15 Men's World Tennis Championship 2026 . Petenis India Karan Singh berjaya di nomor tunggal putra. Pada pertandingan final di Lapangan A, Bali Beach Country, Nusa Dua, Minggu (6/9/2026), Karan menghadapi perlawanan Isaac Becroft yang merupakan juara seri kedua Agustus lalu. Menyajikan dua karakter permainan yang berbeda, pertarungan keduanya seru dan menarik. Karan dengan gayanya yang tenang melawan kelincahan Isaac asal Selandia Baru. Karan akhirnya bisa menang 7-5 di set pertama. SCROLL TO CONTINUE WITH CONTENT Memasuki set kedua, intensitas pertandingan tetap berlangsung dengan tempo tinggi karena Isaac berupaya membalas kekalahan di set pertama. Karan merespons dengan baik dan terjadi susul-menyusul angka sampai laga harus dituntaskan dengan babak tiebreak karena sama kuat 6-6 Dengan kesabaran serta kelincahan dalam menutup area lapangan dari serangan lawan, Karan memenangi babak ini dengan skor 7-6 tiebreak 3. ADVERTISEMENT Baca juga: Men's World Tennis Championship: Rafalentino/Ethan Gagal Juara Karan senang bukan main bisa meraih gelar Seri IV. Apalagi gelar itu didapat setelah melewati duel 2 jam 5 menit kontra Isaac yang dinilai sebagai lawan yang tangguh. ""Merupakan sebuah kebanggaan dapat menjadi yang terbaik di ajang M-15 Bali. Apalagi lawan (Isaac Becroft) juga bermain sangat luar biasa. Gelar ini semakin menambah motivasi tampil di seri kelima,"" ujar Karan dalam rilis kepada detikSport. Karan berhak atas hadiah uang USD 2.160 serta tambahan 15 poin ATP, sementara Isaac mendapat USD 1.272 serta trofi. Penyerahan hadiah dilakukan Heru Gunawan selaku Area Business Team Leader BNI Kanwil Denpasar, yang didampingi Ketua Pelti periode 2018-2022 Rildo Ananda Anwar. TITF World Tennis Tour M-15 Amman Mineral Men's World Tennis Championship 2026 langsung lanjut ke Seri V, Senin (7/9). Ada 32 petenis di babak kualifikasi yang memperebutkan delapan slot ke babak utama. Baca juga: Men's World Tennis Championship: Ganda Indonesia Tembus Final Video Manchester City Bersiap Hadapi Porto di Laga Perdana Liga Champions Video Manchester City Bersiap Hadapi Porto di Laga Perdana Liga Champions (mrp/nds) ... Tautan telah disalin men's world tennis championship 2026 amman mineral men's world tennis championship 2026 karan singh"
"Jete Run Festival 2026 Selesai, Masuk Rekor MURI",https://sport.detik.com/sportstyle/d-8651462/jete-run-festival-2026-selesai-masuk-rekor-muri,"Surabaya - Jete Run Festival 2026 baru saja selesai digelar akhir pekan ini. Event lari itu juga masuk buku rekor MURI . Ajang lari itu digelar di kawasan Balai Kota Surabaya, Minggu, (6/9/2026). Lebih dari 5.000 pelari ambil bagian dalam dua kategori, yakni 5K dan 10K. Start dibuka langsung oleh Wali Kota Surabaya Eri Cahyadi. Jete Run tahun ini juga tampil dengan format yang lebih luas dan berbeda dari sebelumnya. Bukan hanya mengajak masyarakat berlari, penyelenggara mengemasnya menjadi festival olahraga dan gaya hidup dengan berbagai aktivitas pendukung. SCROLL TO CONTINUE WITH CONTENT Pemilihan Balai Kota Surabaya sebagai pusat Jete Run 2026 memberikan pengalaman berbeda bagi para peserta. Start dan finis berada di jantung kota, sementara rutenya membawa pelari melintasi sejumlah ruas jalan utama Surabaya yang penuh dengan lanskap ikonik Kota Pahlawan. Untuk kategori 5K, peserta memulai perjalanan dari Balai Kota Surabaya sebelum menuju Jalan Pemuda. Rute kemudian berlanjut melewati Jalan Panglima Sudirman, Jalan Basuki Rahmat, Jalan Gubernur Suryo, hingga Jalan Wuni sebelum kembali menuju garis finis di Balai Kota. ADVERTISEMENT Sedangkan untuk kategori 10K membawa pelari menjelajah area pusat kota dengan cakupan lebih luas. Selepas start dari Balai Kota, peserta bergerak menuju Jalan Pemuda, Jalan Panglima Sudirman, dan Jalan Basuki Rahmat. Para pelari kemudian diajak menikmati lanskap lainnya melalui Jalan Embong Malang, kawasan Blauran, Jalan Bubutan, Jalan Pahlawan, hingga Jalan Yos Sudarso sebelum kembali menyelesaikan lomba di kawasan Balai Kota Surabaya. Rute tersebut membuat peserta tidak sekadar menyelesaikan jarak. Mereka sekaligus melintasi sejumlah koridor pusat kota yang menjadi bagian dari wajah Surabaya. Di sepanjang jalur, penyelenggara turut menyediakan titik water station dan layanan medis untuk mendukung kebutuhan peserta selama kegiatan berlangsung. ""Jete Run tahun ini kita mengambil venue yang berbeda dari sebelum-sebelumnya di Citraland. Balai Kota jadi pilihan karena kita ingin menghadirkan nuansa lari dengan konsep lanskap kota modern khas Surabaya yang penuh nilai sejarah. Jadi, sepanjang rute, pelari akan melintasi jalanan dan tempat bersejarah di kota ini,"" ungkap Jhonny Thio Doran selaku CEO dan Founder Jete dalam rilis kepada detikSport. Baca juga: Jete Run 2026 Bidik 10 Ribu Pelari Banyaknya kegiatan yang menyertai penyelenggaraan Jete Run Festival 2026 kemudian menghasilkan catatan tersendiri. MURI memberikan penghargaan kepada Jete untuk kategori ajang lari dengan ragam kegiatan pendukung terbanyak. Jete Run Festival 2026 menghadirkan 21 kegiatan pendukung dalam berbagai kategori, mulai dari olahraga, wellness, kreativitas, hingga kegiatan yang mempertemukan berbagai komunitas. Rekor tersebut menjadi salah satu penanda perkembangan Jete Run dari sebuah kegiatan olahraga menuju festival dengan cakupan yang lebih luas. ""Terima kasih kepada seluruh masyarakat di Indonesia yang telah mendukung dan mempercayakan JETE sebagai pilihan Anda dalam beraktivitas sehari-hari. Mulai dari bekerja, berolahraga, dan menikmati hiburan di era digital. Pencapaian luar biasa ini mustahil tercapai tanpa adanya dukungan dari keluarga, tim, konsumen setia JETE dan masyarakat. Sekali lagi, terima kasih untuk semuanya,"" papar Jhonny. ""Piagam MURI yang didapat memang menjadi pencapaian terbaik di tahun ini. Namun, kita janganlah berada di atas angin dan melupakan kualitas. Ini adalah sebagai pengingat bagi brand untuk terus berinovasi di tengah teknologi yang terus berkembang dan memberikan yang terbaik. Terutama menjadikan Jete sebagai solusi kebutuhan produk aksesoris gadget, smarthome, dan wearable. Begitu juga dengan event olahraga dalam mendukung gaya hidup sehat,"" tutupnya. Baca juga: Jete Run Goes To Bali 2025 Sukses, Diikuti Ribuan Pelari Video Pameran 80 Lukisan Tokoh di Muskitnas hingga Raih Rekor MURI Video Pameran 80 Lukisan Tokoh di Muskitnas hingga Raih Rekor MURI (mrp/bay) ... Tautan telah disalin jete run festival 2026 jete jete run lari muri rekor muri"
Menkomdigi Imbau Warga Waspadai Dampak Erupsi Anak Krakatau,https://sport.detik.com/advertorial-news-block/d-8651455/menkomdigi-imbau-warga-waspadai-dampak-erupsi-anak-krakatau,"Jakarta - Menteri Komunikasi dan Digital (Menkomdigi) Meutya Hafid mengimbau masyarakat untuk tetap tenang dan meningkatkan kewaspadaan menyusul aktivitas erupsi Gunung Anak Krakatau di Selat Sunda. Ia juga meminta masyarakat memantau informasi dari sumber terpercaya. ""Yang paling penting adalah tetap tenang, tetapi jangan mengurangi kewaspadaan. Masyarakat perlu mengikuti arahan dari otoritas terkait dan memastikan informasi yang diterima berasal dari sumber yang dapat dipercaya,"" kata Meutya dalam keterangan tertulis, Minggu (6/9/2026). Seperti diketahui, Gunung Anak Krakatau (GAK) menunjukkan aktivitas vulkanik yang sangat signifikan sejak Jumat (4/9) malam dan kini statusnya berada pada Level III atau Siaga. Abu vulkanik juga telah terdeteksi menyebar ke sejumlah wilayah, termasuk Banten, DKI Jakarta, dan Jawa Barat. SCROLL TO CONTINUE WITH CONTENT Erupsi GAK pun menyebabkan sejumlah penerbangan dibatalkan dan menimbulkan kekhawatiran masyarakat akibat isu potensi tsunami yang akan ditimbulkan. Dentuman dan getaran yang sempat terjadi di sebagian wilayah Jawa Barat akibat aktivitas GAK juga cukup membuat masyarakat khawatir. Terkait hal ini, Meutya meminta masyarakat mengikuti perkembangan aktivitas Gunung Anak Krakatau dan kondisi sebaran abu vulkanik dari sumber-sumber resmi dan terpercaya, terutama melalui kanal resmi pemerintah, antara lain PVMBG, BMKG, BNPB, pemerintah daerah, serta instansi terkait lainnya. ADVERTISEMENT ""Pastikan keakuratan informasi dari pihak-pihak yang memiliki kewenangan terkait kebencanaan gunung berapi demi menghindari misinformasi atau informasi menyesatkan yang dapat menyebabkan keresahan,"" ungkapnya. Lebih lanjut, Meutya mengingatkan masyarakat untuk tidak menyebarkan informasi yang belum terverifikasi kebenarannya terkait kondisi Gunung Anak Krakatau. ""Dalam situasi seperti ini, informasi yang tidak benar dapat menimbulkan kepanikan. Karena itu, saring sebelum sharing. Pastikan informasi yang kita terima berasal dari sumber resmi dan dapat dipertanggungjawabkan,"" tegas Meutya. Meutya pun mendorong masyarakat agar tetap tenang, namun juga meningkatkan kewaspadaan, khususnya bagi warga yang tinggal di dekat GAK dan yang wilayahnya turut terdampak abu vulkanik. ""Tetap waspada, tetap tenang, dan jangan mudah percaya pada informasi yang belum jelas sumbernya dari mana,"" jelasnya. Sementara bagi masyarakat yang berada di wilayah terdampak abu vulkanik, Meutya mengimbau untuk melakukan sejumlah langkah demi menjaga keselamatan dan kesehatan. Pertama, gunakan masker yang tepat apabila harus beraktivitas di luar rumah, seperti masker N95 atau KN95, untuk membantu menyaring partikel abu vulkanik. Kedua, gunakan kacamata pelindung dan hindari penggunaan lensa kontak atau softlens selama kondisi udara masih dipengaruhi abu vulkanik. Ketiga, kurangi aktivitas di ruang terbuka. Apabila tidak ada keperluan mendesak, masyarakat disarankan untuk tetap berada di dalam ruangan dan membatasi paparan abu vulkanik. Keempat, bagi masyarakat yang harus berkendara, kurangi kecepatan dan tingkatkan kewaspadaan. Abu vulkanik dapat mengurangi jarak pandang dan membuat permukaan jalan menjadi licin. Kelima, cuci tangan dan wajah setelah beraktivitas di luar ruangan serta pastikan sumber air bersih terlindungi dari paparan abu. Selain itu, Meutya mengimbau masyarakat, wisatawan, dan nelayan untuk tidak mendekati kawasan Gunung Anak Krakatau atau melakukan aktivitas dalam radius 3 kilometer dari kawah aktif, sesuai rekomendasi PVMBG. ""Keselamatan adalah yang utama. Tidak perlu panik, namun tetap selalu waspada dan menjaga keselamatan serta kesehatan,"" pungka Meutya. (komdigi/sls) Tautan telah disalin komdigi"
"Hasil F1 GP Italia 2026: Kimi Antonelli Menang, Mercedes 1-2",https://sport.detik.com/f1/d-8651436/hasil-f1-gp-italia-2026-kimi-antonelli-menang-mercedes-1-2,"Monza - Pebalap Mercedes GP Kimi Antonelli berhasil merebut kemenangan di F1 GP Italia 2026 . Semakin lengkap karena rekan setimnya George Russell finis kedua. Pada balapan yang dihelat di Sirkuit Monza, Minggu (6/9/2026) malam WIB, Antonelli sejatinya tidak punya posisi start yang bagus, yakni dari urutan ketujuh. Apalagi dia mendapat penalti sehingga harus turun jauh ke urutan ke-19 alias start dari grid. SCROLL TO CONTINUE WITH CONTENT Pierre Gasly secara mengejutkan melajukan Alpine miliknya ke posisi pole, disusul Russell di posisi kedua, dan driver McLaren Oscar Piastri di posisi ketiga. Duo pebalap tuan rumah, Charles Leclerc dan Lewis Hamilton, di posisi keempat serta kelima. Bendera merah sudah muncul di lap kedua saat Leclerc harus out dari balapan karena menabrak dinding. ADVERTISEMENT Leclerc kehilangan kendali mobilnya tak lama setelah menyalip Piastri untuk naik ke posisi keempat. Russell saat itu masih memimpin balapan disusul Gasly dan Max Verstappen. Antonelli sudah naik tujuh strip ke urutan ke-12 saat insiden terjadi. Setelah itu Antonelli pelan tapi pasti mampu memperbaiki posisinya. Baca juga: Hasil F1 GP Belanda 2026: Lando Norris Juara Masuknya virtual safety car membuat Antonelli bisa mendekati Russell di sepertiga balapan. Salip-menyalip terjadi antara keduanya di lap ke-22, sebelum Antonelli mengunci posisi terdepan. Russell tidak mampu mengejar Antonelli sampai 53 lap berlalu, sehingga rekan setimnya itu muncul sebagai pemenang. Russell harus puas di posisi kedua disusul Verstappen. McLaren menempatkan dua pebalapnya di lima besar, Lando Norris di urutan keempat dan Piastri di urutan kelima. Hamilton menjaga nama baik Ferrari dengan finis keenam. Melengkapi 10 besar adalah Gasly, Arvid Lindblad, Franco Colapinto, dan Yuki Tsunoda. Antonelli makin kukuh di puncak klasemen F1 dengan 267 poin, unggul 56 angka dari Russell di posisi kedua dan 76 angka dari Hamilton di posisi ketiga. Hasil F1 GP Italia 2026 Pos Pebalap Tim Lap 1 Kimi Antonelli Mercedes AMG Petronas F1 Team 53 2 George Russell Mercedes AMG Petronas F1 Team +3.8s 3 Max Verstappen Oracle Red Bull Racing +14.7s 4 Lando Norris McLaren Mastercard F1 Team +19.0s 5 Oscar Piastri McLaren Mastercard F1 Team +19.2s 6 Lewis Hamilton Scuderia Ferrari HP +24.6s 7 Pierre Gasly BWT Alpine F1 Team +27.3s 8 Arvid Lindblad Visa Cash App Racing Bulls F1 Team +45.1s 9 Franco Colapinto BWT Alpine F1 Team +47.3s 10 Yuki Tsunoda Visa Cash App Racing Bulls F1 Team +58.1s 11 Gabriel Bortoleto Audi Revolut F1 Team +65.1s 12 Nico Hulkenberg Audi Revolut F1 Team +66.1s 13 Carlos Sainz Atlassian Williams F1 Team +74.1s 14 Liam Lawson Oracle Red Bull Racing +75.6s 15 Oliver Bearman TGR Haas F1 Team +78.9s 16 Esteban Ocon TGR Haas F1 Team +1 Lap 17 Alex Albon Atlassian Williams F1 Team +1 Lap 18 Sergio Perez Cadillac F1 Team +1 Lap 19 Valtteri Bottas Cadillac F1 Team +2 Laps DNF Lance Stroll Aston Martin Aramco F1 Team DNF DNF Fernando Alonso Aston Martin Aramco F1 Team DNF DNF Charles Leclerc Scuderia Ferrari HP DNF Baca juga: Kualifikasi F1 GP Belanda 2026: Norris Rebut Pole Position Video Manchester City Bersiap Hadapi Porto di Laga Perdana Liga Champions Video Manchester City Bersiap Hadapi Porto di Laga Perdana Liga Champions (mrp/bay) ... Tautan telah disalin george russell kimi antonelli f1 gp italia 2026 f1 gp italia mercedes gp f1 2026 formula 1 2026"
"WEC 2026: Sean Gelael Balapan di Austin Dini Hari, Start P7",https://sport.detik.com/sport-lain/d-8651374/wec-2026-sean-gelael-balapan-di-austin-dini-hari-start-p7,"Austin - Sean Gelael dan Team WRT 32 akan coba meraih podium di Lone Star Le Mans dini hari nanti. Mereka start ketujuh. Keras keras mencapai posisi start itu didapat dari kualifikasi kelas LMGT3 di COTA, Minggu (6/9) dini hari WIB kemarin. Darren Leung sebagai pebalap bronze memulai di qualifying dengan baik untuk menuntaskan di posisi ke-8. Alhasil, Sean sebagai pebalap silver berhak tampil di Hyperpole. Dia tancap gas untuk membukukan waktu 2 menit 05,0888 detik untuk mencapai posisi ketujuh. SCROLL TO CONTINUE WITH CONTENT Ini merupakan pencapaian terbaik dari mobil BMW di seluruh kelas. Menurunkan empat mobil, masing-masing dua di Hypercar dan LMGT3, cuma bisa start di luar 10 besar. Sama halnya dengan mobil 69 di kelas LMGT3 yang start dari posisi ke-16. ADVERTISEMENT Baca juga: WEC 2026: WRT 32 Meraba COTA dari Hasil Free Practice ""Hasil yang bagus, Darren dan Sean bekerja sangat baik. Kami siap untuk lomba besok,"" ujar Augusto Farfus dalam rilis kepada detikSport. ""Austin selalu jadi tempat yang baik bagi saya, semoga besok juga begitu. Bismillah,"" timpal Sean. Race 6 Hours of COTA atau kini disebut Lone Star Le Mans itu disiarkan langsung di kanal youtube KUY Entertainment, Senin (7/9) mulai pukul 01.00 dini hari WIB. Baca juga: WEC 2026: Paruh Kedua Musim Dimulai, Team WRT 32 Lebih Pede Video Sean Gelael soal Olahraga Balap Dianggap Mahal: Semua Itu Relatif! Video Sean Gelael soal Olahraga Balap Dianggap Mahal: Semua Itu Relatif! (mrp/bay) ... Tautan telah disalin 6 hours of austin lone star le mans sean gelael team wrt 32 team wrt fia wec 2026 wec 2026"
KTM Suka Antusiasme Luca Marini,https://sport.detik.com/moto-gp/d-8651046/ktm-suka-antusiasme-luca-marini,"Jakarta - KTM punya sejumlah alasan merekrut Luca Marini ke Tech3 untuk MotoGP 2027. Pebalap Italia itu dinilai bukan cuma membawa pengalaman, tetapi juga bisa membantu KTM mengembangkan motor di era baru. Marini akan meninggalkan Honda HRC setelah tiga musim dan bergabung dengan Tech3 mulai 2027. Kepindahan tersebut sudah resmi diumumkan pada Agustus lalu. Ia akan menjadi salah satu bagian dari proyek baru Tech3 bersama KTM. Direktur motorsport KTM, Pit Beirer, mengungkapkan bahwa ketertarikan Marini terhadap proyek KTM menjadi salah satu faktor penting dalam keputusan tersebut. SCROLL TO CONTINUE WITH CONTENT ""Kami sangat senang dia bergabung dengan kami. Luca menunjukkan ketertarikannya sejak awal, dan menurut saya penting memiliki seseorang yang benar-benar ingin datang ke sini,"" kata Beirer seperti dilansir Crash.net . Baca juga: Luca Marini Gabung ke Tim Satelit KTM di MotoGP 2027 ADVERTISEMENT Bagi KTM, antusiasme itu bukan satu-satunya pertimbangan. Marini juga dianggap punya kemampuan yang dibutuhkan untuk membantu pengembangan motor. ""Ketika berbicara dengan orang-orang di sekitarnya, jelas bahwa dia juga merupakan sosok yang hebat untuk membantu membuat motor menjadi lebih baik,"" ujar Beirer. KTM Ingin Marini Bantu Kembangkan Motor MotoGP akan memasuki era baru pada 2027. Kapasitas mesin akan turun dari 1.000 cc menjadi 850 cc, disertai perubahan besar pada regulasi teknis dan penggunaan ban Pirelli. KTM sendiri sudah mempersiapkan proyek tersebut. Mereka telah menguji mesin yang dirancang untuk era regulasi baru dan memastikan Tech3 tetap menjadi bagian dari proyek KTM mulai 2027. Dalam situasi seperti itu, pengalaman pebalap menjadi sangat penting. Beirer mengatakan KTM memang sengaja mencari kombinasi pebalap berpengalaman dan pebalap muda untuk Tech3. Baca juga: 4 Rider Ini Masih Tunggu Kemenangan Perdana MotoGP ""Kami berkomitmen sejak awal: kami ingin pebalap muda dan kami ingin pebalap berpengalaman. Kami tidak ingin memiliki dua pebalap muda karena ini bukan tim rookie. Ini adalah tim MotoGP yang kuat dan sekelas tim utama."" Karena itu, KTM menilai kombinasi Marini dengan pebalap muda nantinya bisa menjadi formula yang ideal. Keputusan merekrut Marini juga mendapat respons positif dari para pebalap yang akan memperkuat KTM pada 2027. Beirer menyebut para pebalap baru KTM mengetahui kemampuan Marini dalam membantu pengembangan motor. ""Mereka sangat senang karena tahu apa yang bisa dilakukan Luca dan bagaimana dia bisa membantu mengembangkan motor,"" ujarnya. (krs/yna) ... Tautan telah disalin luca marini ktm motogp 2027 tech3 pengembangan motor pebalap italia antusiasme regulasi motogp pengalaman pebalap kombinasi pebalap muda dan berpengalaman"
Jadwal MotoGP San Marino 2026: Misi Marc Marquez Kejar Jorge Martin,https://sport.detik.com/moto-gp/d-8650852/jadwal-motogp-san-marino-2026-misi-marc-marquez-kejar-jorge-martin,"Jakarta - MotoGP 2026 akan berlanjut ke San Marino. Seri ke-14 musim ini akan digelar di Misano World Circuit Marco Simoncelli pada 11-13 September 2026. Jorge Martin untuk sementara masih memimpin klasemen MotoGP 2026. Tapi keunggulannya mulai tergerus setelah Marc Marquez tampil sempurna di Aragon. Marc berhasil memenangi Sprint dan balapan utama di Aragon. Sementara Martin hanya finis kelima di kedua sesi tersebut. SCROLL TO CONTINUE WITH CONTENT Hasil itu membuat Marc memangkas jarak dengan Martin menjadi 19 poin. Martin kini mengoleksi 256 poin, sedangkan Marc mengumpulkan 237 poin. Marco Bezzecchi berada di posisi ketiga dengan 232 poin. Balapan Aragon sendiri dimenangi Marc setelah tampil dominan. Ia meraih 25 poin dari balapan utama, sementara Martin hanya mendapat 11 poin. Data resmi MotoGP mencatat Marc finis pertama, Pedro Acosta kedua, Bezzecchi ketiga, dan Martin kelima. ADVERTISEMENT Dengan sembilan seri tersisa, persaingan perebutan gelar pun semakin terbuka. Marc Marquez kini hanya berjarak kurang dari satu kemenangan penuh dari Jorge Martin. Kini selisih keduanya hanya 19 poin. Bezzecchi juga belum bisa dicoret. Pebalap Aprilia itu hanya terpaut lima poin dari Marc dan 24 poin dari Martin. Artinya, tiga pebalap teratas masih berada dalam persaingan yang sangat ketat menuju paruh akhir musim. Baca juga: Duel 300 Km/Jam Marc Marquez Vs Bezzecchi di Aragon: Motor seperti Nempel Klasemen MotoGP 2026 Berikut klasemen sementara MotoGP 2026 setelah seri Aragon: Pos Pebalap Tim Poin 1 Jorge Martin Aprilia Racing 256 2 Marc Marquez Ducati Lenovo Team 237 3 Marco Bezzecchi Aprilia Racing 232 4 Fabio Di Giannantonio VR46 Ducati 208 5 Ai Ogura Trackhouse Aprilia 203 6 Pedro Acosta KTM 189 7 Raul Fernandez Trackhouse Aprilia 186 8 Francesco Bagnaia Ducati Lenovo Team 143 9 Alex Marquez Gresini Ducati 128 10 Fermin Aldeguer Gresini Ducati 90 MotoGP San Marino Digelar di Misano Seri San Marino berlangsung di Misano World Circuit Marco Simoncelli. Sirkuit tersebut memiliki panjang 4,23 kilometer, dengan 16 tikungan yang terdiri dari 10 tikungan kanan dan enam tikungan kiri. Balapan MotoGP dijadwalkan berlangsung selama 27 lap dengan total jarak 114,1 kilometer. Rangkaian akhir pekan dimulai pada Jumat (11/9), dilanjutkan kualifikasi dan Sprint pada Sabtu (12/9), kemudian balapan utama pada Minggu (13/9). Nah, berikut jadwal lengkapnya dalam Waktu Indonesia Barat (WIB) berdasarkan jadwal resmi MotoGP. MotoGP San Marino merupakan seri ke-14 dari kalender 2026 dan akan berlangsung di Misano pada 11-13 September. Baca juga: Marc Marquez Makin Dekat, Jorge Martin Akan Lawan! Jadwal MotoGP San Marino 2026 Jumat, 11 September 2026 Waktu WIB Kelas Sesi 14.00-14.35 Moto3 Free Practice 1 14.50-15.30 Moto2 Free Practice 1 15.45-16.30 MotoGP Free Practice 1 18.15-18.50 Moto3 Practice 19.05-19.45 Moto2 Practice 20.00-21.00 MotoGP Practice Sabtu, 12 September 2026 Waktu WIB Kelas Sesi 13.40-14.10 Moto3 Free Practice 2 14.25-14.55 Moto2 Free Practice 2 15.10-15.40 MotoGP Free Practice 2 15.50-16.05 MotoGP Qualifying 1 16.15-16.30 MotoGP Qualifying 2 17.45-18.00 Moto3 Qualifying 1 18.10-18.25 Moto3 Qualifying 2 18.40-18.55 Moto2 Qualifying 1 19.05-19.20 Moto2 Qualifying 2 20.00 WIB MotoGP Sprint, 13 lap Minggu, 13 September 2026 Waktu WIB Kelas Sesi 14.40-14.50 MotoGP Warm Up 16.00 WIB Moto3 Race, 20 lap 17.15 WIB Moto2 Race, 22 lap 19.00 WIB MotoGP Grand Prix, 27 lap (krs/ran) ... Tautan telah disalin hasil balapan aragon jadwal motogp san marino balapan motogp persaingan motogp klasemen motogp sirkuit misano motogp 2026 misano world circuit jorge martin marc marquez"
"Crutchlow Pilih Ai Ogura Jadi Favorit Setelah Marc Marquez, Ini Alasannya",https://sport.detik.com/moto-gp/d-8650870/crutchlow-pilih-ai-ogura-jadi-favorit-setelah-marc-marquez-ini-alasannya,"Jakarta - Cal Crutchlow membuat prediksi menarik soal kandidat juara MotoGP 2026. Setelah Marc Marquez, ia menyebut nama Ai Ogura. Crutchlow masih menilai Marc sebagai pebalap terbaik di grid saat ini. Tapi ketika diminta memilih favorit berikutnya, Ogura menjadi pilihannya. ""Kalau Anda bertanya kepada saya siapa pun selain Marc, saya akan memilih Ai Ogura,"" kata Crutchlow seperti dilansir Motosan . SCROLL TO CONTINUE WITH CONTENT Ogura memang sempat tampil luar biasa sebelum mengalami cedera. Pebalap Trackhouse Aprilia itu meraih lima podium dalam enam seri, termasuk kemenangan di MotoGP Belanda. Namun, Ogura kemudian mengalami cedera tangan saat latihan di Jepang sehingga harus absen di Aragon. Dampaknya cukup besar terhadap klasemen. Setelah seri Aragon, dia turun ke posisi kelima dengan 203 poin. ADVERTISEMENT Baca juga: Marc Marquez Diprediksi Jadi Rival Utama Jorge Martin, Ogura Kuda Hitam Crutchlow Suka Cara Ogura Balapan Crutchlow punya alasan teknis di balik pilihannya. Dia melihat karakter Ogura mirip dengan Dani Pedrosa, terutama dari aspek bobot tubuh. Ogura dengan berat sekitar 60 kg merupakan salah satu pebalap paling ringan di grid MotoGP. Menurut Crutchlow, kondisi tersebut membuat Ogura memiliki keunggulan dalam pengelolaan ban. ""Saya menyukainya, cara dia mengendarai motor. Satu-satunya kekurangannya adalah dia membutuhkan waktu lebih lama untuk mulai cepat dalam balapan,"" ujar Crutchlow. ""Dan saya tahu kenapa. Ini sangat mirip dengan Dani Pedrosa, yaitu soal bobot tubuhnya."" Ogura memang cenderung tidak langsung memaksimalkan ban pada awal balapan. Konsekuensinya, dia membutuhkan waktu untuk mendapatkan kecepatan terbaik. Tapi kondisi tersebut justru bisa menjadi keuntungan menjelang akhir balapan. ""[Ai] tidak mengaktifkan ban seperti pebalap lain pada tahap awal. Kemudian di akhir balapan, dia sangat menghemat ban sehingga masih punya banyak cadangan dibandingkan yang lain. Pada balapan yang lebih panas, dia jauh lebih baik karena bisa langsung memacu,"" kata Crutchlow. Selain itu Crutchlow juga memuji Jorge Martin, yang memuncaki klasemen MotoGP 2026 untuk sementara. Crutchlow melihat konsistensi sebagai faktor penting dalam perebutan gelar musim ini dan belakangan ini Martin disebutnya sebagai rider yang relatif konsisten. ""Jorge Martin sepertinya menjadi satu-satunya pebalap yang cukup konsisten saat ini. Dia tidak selalu menang, tetapi dia selalu ada ketika dibutuhkan,"" kata Crutchlow. Baca juga: Francesco Bagnaia di Titik Terendah (krs/yna) ... Tautan telah disalin ai ogura balapan jorge martin pebalap marc marquez cal crutchlow motogp cedera pengelolaan ban prediksi juara"
WEC 2026: WRT 32 Meraba COTA dari Hasil Free Practice,https://sport.detik.com/sport-lain/d-8650342/wec-2026-wrt-32-meraba-cota-dari-hasil-free-practice,"Austin - Team WRT 32 sudah menuntaskan sesi latihan bebas jelang balapan 6 Hours of COTA . Mereka menggunakan itu untuk meraba persaingan di atas lintasan. Circuit of The Americas (COTA) di Austin, AS, bakal menyajikan balapan sengit untuk dua kelas FIA World Endurance Championship (WEC) 2026 , Hypercar dan LMGT3. Hal itu terbaca dari dua sesi latihan sepanjang Jumat (4/9). Pada FP1, Ferrari dominan di kelas Hypercar dengan menyelesaikan sesi di P1 dan P2. Namun Aston Martin gantian menjadi yang tercepat pada FP2. SCROLL TO CONTINUE WITH CONTENT i kelas LMGT3, McLaren finis P1 dan P3 pada sesi awal dengan Mercedes ada di antara keduanya. Aston Martin melengkapi keperkasaan di FP2, karena bukan hanya di kelas Hypercar mereka jadi yang tercepat namun juga di kelas LMGT3. Heart of Racing Team #27 terpatri di P1, diikuti dua mobil Mercedes dan dua mobil McLaren. ADVERTISEMENT Dari hasil tersebut, tim pengguna Aston Martin, McLaren, dan Mercedes tampak siap untuk bersaing menjadi pemenang di Lone Star Le Mans atau 6 Hours of COTA. Mobil-mobil Amerika sendiri tampak belum memperlihatkan taji, ketika Corvette dan Ford belum berhasil menembus lima besar. Mengingt Corvette memimpin klasemen LMGT3, maka hasil di COTA bisa membuat perburuan gelar juara semakin sengit hingga akhir musim. Baca juga: WEC 2026: Paruh Kedua Musim Dimulai, Team WRT 32 Lebih Pede Team WRT sendiri memilih jalur berbeda dalam menatap lomba. WRT 32 bersama Sean, Darren, dan Augusto Farfus berada di P17 dan P16 pada FP1 dan FP2. Hal serupa juga terjadi untuk mobil WRT 69 yang finis di posisi kembar, P15, untuk dua FP. Walau tak terlalu signifikan, top speed juga bisa membantu mengingat COTA punya dua tempat ideal untuk menyusul, Tikungan 1 dan 12. Bila top speed bagus dan kesempatan terbuka, menyusul di dua tempat itu bisa menaikkan moral. Saat FP2, top speed BMW mampu bersaing dengan Aston Martin sebagai pemilik kecepatan maksimal sepanjang Jumat. Aston Martin menyentuh 256,5 km/jam, sementara BMW 255,3 km/jam. Hari Sabtu tergolong pendek untuk latihan, karena berdurasi satu jam. WRT 32 bersama Sean akan mencoba bersaing di Top 10 Qualifying sehingga lolos ke Hyperpole. Race 6 Hours of COTA disiarkan langsung di kanal youtube KUY Entertainment, Senin (7/9) mulai pukul 01.00 WIB. Baca juga: Ketika Sean Gelael Berbagi Pengalaman Balapan Video Sean Gelael soal Olahraga Balap Dianggap Mahal: Semua Itu Relatif! Video Sean Gelael soal Olahraga Balap Dianggap Mahal: Semua Itu Relatif! (mrp/bay) ... Tautan telah disalin sean gelael team wrt 32 team wrt 6 hours of cota fia wec 2026 wec 2026 world endurance championship"
Men's World Tennis Championship: Rafalentino/Ethan Gagal Juara,https://sport.detik.com/raket/d-8650339/mens-world-tennis-championship-rafalentino-ethan-gagal-juara,"Jakarta - Pupus sudah harapan Indonesia berjaya di Men's World Tennis Championship 2026 . Ini setelah Rafalentino Ali Da Costa/Ethan David Zapp kalah di final. Pada pertandingan puncak ganda putra Seri IV ITF World Tennis Tour M-1 di Lapangan A, Bali Beach Country, Nusa Dua, Sabtu (5/9/2026), Rafalentino/Ethan harus mengakui ketangguhan Alexander Chang/Pablo Perez Ramos. Di set pertama, Rafalentino/Ethan mengalami kesulitan mengimbangi permainan Alexander/Pablo. Petenis Amerika Serikat/Spanyol itu langsung menyerang lewat servis voli sebelum menang 6-3. SCROLL TO CONTINUE WITH CONTENT Memasuki set kedua, ganda tuan rumah yang sempat menyingkirkan unggulan pertma Isaac Becroft/Reece Falck bisa bangkit untu memberikan perlawanan hingga game ke-10 untuk membuat skor sama kuat 5-5. Namun, keunggulan pengalaman dari Alexander/Pablo dalam hal mematahkan servis lawan membuat mereka menang 7-5 dalam tempo 1 jam 11 menit untuk keluar sebagai juara. ADVERTISEMENT Meski menang, Pablo memuji permainan dari Rafalentino dan Ethan yang nyaris membuatnya kesulitan diset kedua. ""Kami bersyukur bisa menang karena lawan (Rafalentino dan Ethan) tampil luar biasa sehingga menyulitkan kami,"" ujar Pablo dalam rilis kepada detikSport. Sementara Alexander Kekompakkan dan komunikasi yang baik dengan partnernya membuahkan hasil gelar juara untuk yang kedua kali pada ajang M-15. Pada seri pertama, dia bersama Tanapat Nirundorn jadi juara di sektor yang sama. Baca juga: Men's World Tennis Championship: Ganda Indonesia Tembus Final Rafalentino/Ethan memang gagal juara, tapi pencapaian mereka diapresiasi Ketua Umum PP. Pelti periode 2018-2022 Rildo Ananda Anwar. ""Hadirnya talenta-talenta petenis muda merah putih seperti Rafalentino Ali Da Costa dan Ethan David Zapp di sektor putra serta Janice Tjen merupakan sebuah karunia sekaligus tantangan tersendiri dalam pembinaan tenis di Indonesia, agar prestasi mereka terus meningkat lewat jalur kompetisi, serta berjalannya proses regenerasi dengan baik,"" ujar Rildo. Sebagai runner-up, Rafalentino/Ethan mendapat hadiah 540 dolar AS serta trofi. Sedangkan Alexander/Pablo sebagai juara berhak atas 930 dolar AS serta tambahan 15 poin ATP. Sementara itu pada sektor tunggal putra yang hari ini mempertandingkan babak semifinal, petenis asal India Karan Singh berhasil mempertahankan performa impresifnya dengan memastikan diri melangkah ke partai puncak. Singh mengalahkan wakil Jepang Ryotaro Taguchi dua set langsung 6-3 dan 6-3. Karang akan bertemu Isaac Becroft dari Australia yang mengalahkan Leo Borg dalam waktu 1 jam 59 menit dengan skor 2-6, 6-4 dan 6-2. Baca juga: Men's World Tennis Championship: Nathan Barki ke Perempatfinal Video Manchester City Bersiap Hadapi Porto di Laga Perdana Liga Champions Video Manchester City Bersiap Hadapi Porto di Laga Perdana Liga Champions (mrp/bay) ... Tautan telah disalin men's world tennis championship 2026 amman mineral men's world tennis championship 2026 ethan david zapp rafalentino ali da costa"
Minala Cup Padel Diikuti Lebih dari 300 Peserta,https://sport.detik.com/sportstyle/d-8650215/minala-cup-padel-diikuti-lebih-dari-300-peserta,"Jakarta - Padel semakin semarak dengan hadirnya beragam turnamen. Ada Minala Cup Padel Tournament yang menyuguhkan hal menarik. Ajang ini digelar di PIPC Arteri, Kebayoran Lama, Jakarta Selatan, pada tanggal 5 dan 6 September 2026. Minala Cup Padel Tournament diikuti lebih dari 300 peserta. Tak sekadar menghadirkan persaingan di lapangan, turnamen tersebut juga menawarkan hadiah menarik dengan total uang tunai mencapai Rp 103,5 juta. Selain itu, panitia menyiapkan 400 koper serta doorprize berupa kesempatan menjalankan ibadah umrah ke Arab Saudi. SCROLL TO CONTINUE WITH CONTENT CEO Minala Tour & Travel, Muhammad Castallani, mengatakan pihaknya ingin memadukan olahraga, gaya hidup sehat, serta perjalanan spiritual. Minala Tour and Travel adalah perusahaan yang bergerak di layanan Umrah dan Haji. ""Kami berusaha ikut mendorong perkembangan olahraga padel di Indonesia yang saat ini sedang hype. Kami juga ingin menciptakan gaya hidup sehat di kalangan masyarakat luas, masyarakat Muslim juga tentunya,"" ujar Muhammad Castallani dalam konferensi pers di PIPC Arteri, Sabtu (5/9/2026). ADVERTISEMENT Baca juga: Misi Besar PBPI Menuju Olimpiade 2032 ""Melalui turnamen ini, kami ingin menghadirkan kompetisi yang kompetitif dan menghibur, sehingga para pemain bisa mendapatkan pengalaman bertanding yang seru, sementara penonton juga bisa menikmati atmosfer pertandingan yang positif,"" sambungnya. Ada lima kategori dalam Minala Cup Padel Tournament, yakni Women Lower Bronze, Mixed Lower Bronze, Mixed Bronze, Mens Lower Bronze dan Mens Bronze. Proses kurasi peserta dilakukan sesuai dengan prosedur kompetisi, dengan skema kerja sama dengan Gen 2 Padel, salah satu komunitas padel yang sudah berdiri beberapa tahun. ""Kami akan memberikan total hadiah cash Rp103,5 juta. Kemudian ada hadiah 400 koper. Ini juga menarik karena kami menjadi turnamen padel pertama di Indonesia yang memberikan hadiah 400 koper,"" kata Muhammad Castallani. CEO Shiratha, Aan Yugiastomo, selaku sponsor utama Minala Cup, berharap kolaborasi ini bisa memberikan hal baik untuk masyarakat. Adapun keinginan berkontribusi memajukan padel di Indonesia. ""Saya sangat yakin kolaborasi ini bisa membawa dampak positif untuk kami, para peserta, dan masyarakat luas. Saya berharap turnamen ini berlangsung lancar untuk 2 hari ini. Peserta happy semua, panitia dan rekan-rekan media juga senang dengan jalannya event ini. Dan tentunya semoga bisa membawa dampak besar bagi dunia olahraga padel yang sedang hype di Indonesia,"" Video Tukang Sampah Meruya Curhat Kerja Terganggu gegara Lapangan Padel Ini Video Tukang Sampah Meruya Curhat Kerja Terganggu gegara Lapangan Padel Ini (ran/bay) ... Tautan telah disalin padel turnamen padel"
"Tak Langsung Ditutup, Begini Cara LPS Selamatkan Bank Bangkrut",https://finance.detik.com/moneter/d-8651146/tak-langsung-ditutup-begini-cara-lps-selamatkan-bank-bangkrut,"Jakarta - Lembaga Penjamin Simpanan (LPS) memiliki dua fungsi utama dalam menjaga stabilitas perbankan nasional. Dua fungsi tersebut adalah untuk menjamin simpanan nasabah dan meresolusi perbankan yang gagal atau bangkrut. Anggota Dewan Komisioner LPS, Doddy Zulverdi, menjelaskan perbankan yang gagal biasanya terjadi karena kondisi ekonomi yang buruk atau salah dalam pengelolaan manajemen. Kemudian sebelum ditangani LPS, biasanya resolusi perbankan lebih dulu dilakukan Otoritas Jasa Keuangan (OJK). ""Setelah OJK mencoba menyehatkan tapi tidak berhasil, baru diserahkan ke LPS untuk ditangani, namanya proses resolusi. Nah disini, makanya di sini kan LPS itu ada fungsi penjaminan, ada fungsi resolusi,"" jelas Doddy dalam acara Lampung Financial Festival, Minggu (6/9/2026). SCROLL TO CONTINUE WITH CONTENT Baca juga: Dulu Dikuasai Asing, SBN Kini Banyak Dipegang Investor Ritel Dalam Negeri Sebelum melakukan resolusi, LPS juga melakukan sejumlah penilaian terhadap bank terkait untuk opsi penyelamatan. Jika dianggap masih layak, LPS dapat mengambil sejumlah langkah resolusi agar operasional bank tetap dapat berjalan. ADVERTISEMENT Salah satunya dengan menempatkan modal sementara melalui kepemilikan saham. Selain itu, LPS juga dapat mencari bank lain yang bersedia mengambil alih aset bank gagal tersebut. Menurut Doddy, penilaian tersebut dilakukan dengan melihat sejumlah aspek, termasuk prospek bisnis dan potensi persoalan hukum yang dimiliki bank terkait. Jika bank dinilai memiliki modal bisnis yang baik dan tidak menghadapi persoalan hukum yang terlalu berat, peluang untuk diselamatkan akan dipertimbangkan. Selain itu, LPS dapat mencari bank lain yang memiliki kemampuan dan bersedia mengambil alih aset bank gagal. Jika tidak ada bank yang bersedia mengambil alih, LPS dapat membentuk bank perantara untuk mengelola aset dan kegiatan usaha bank gagal sembari dilakukan upaya penyehatan. ""Kalau potensinya baik, modal bisnisnya bagus, tidak ada masalah hukum yang terlalu banyak, LPS bisa kemungkinan menempatkan modal sementara, itu satu. Kedua, kalau bisa juga, kita akan cari bank-bank lain, ada nggak yang berkenan mengambil alih aset-asetnya. Nah, kalau tidak, kita juga bisa membentuk semacam bank sementara yang bisa mengelola bank itu sampai kita sehatkan,"" jelasnya. Namun, apabila hasil penilaian menunjukkan bank tersebut tidak memiliki prospek untuk diselamatkan, LPS akan menempuh opsi terakhir berupa likuidasi. Dalam hal ini, LPS akan membereskan aset dan kewajiban bank sesuai ketentuan yang berlaku. ""Kalau ternyata setelah diuji dan dipelajari oleh LPS, banknya tidak punya potensi untuk diselamatkan, dan kalau itu akhirnya kemudian kita likuidasi. Nah, LPS juga memanfaatkan fungsi untuk melikuidasi bank,"" pungkasnya. (acd/acd) ... Tautan telah disalin lembaga penjamin simpanan lps bank bangkrut lampung financial festival 2026 lampung financial festival"
Kapal Eks KRI Ki Hajar Dewantara Bakal Dilelang Rp 370 M,https://finance.detik.com/berita-ekonomi-bisnis/d-8653432/kapal-eks-kri-ki-hajar-dewantara-bakal-dilelang-rp-370-m,"Jakarta - Dewan Perwakilan Rakyat (DPR) menyetujui permohonan pemindahtanganan barang milik negara (BMN) yang diajukan oleh pemerintah melalui mekanisme penjualan secara lelang. Aset negara yang akan dilelang tersebut berupa satu unit kapal eks-KRI Ki Hajar Dewantara dengan nomor lambung 364. Persetujuan ini disampaikan langsung oleh Ketua Komisi I DPR RI, Utut Adianto, dalam rapat paripurna DPR ke-5 masa persidangan I tahun sidang 2026-2027 setelah melalui proses pembahasan bersama pihak pemerintah. ""Komisi I DPR RI menyetujui permohonan persetujuan pemindahtanganan barang milik negara melalui mekanisme penjualan secara lelang berupa satu unit kapal eks-KRI Ki Hajar Dewantara 364 pada Kementerian Pertahanan TNI Angkatan Laut sebagaimana disampaikan surat Bapak Presiden di awal,"" ujar Utut. SCROLL TO CONTINUE WITH CONTENT Baca juga: Dari Rp 2,41 T Jadi Rp 8,51 T, Mengintip Pertumbuhan Pupuk Indonesia Utut membeberkan spesifikasi teknis serta latar belakang dari kapal perang legendaris tersebut. Kapal jenis korvet ini merupakan buatan galangan kapal di Split, Yugoslavia yang kini wilayahnya masuk ke Kroasia di tepi Laut Adriatik. ADVERTISEMENT Kapal perang tersebut dibuat pada tahun 1979 dengan dimensi panjang 96,7 meter dan lebar 11,2 meter. Adapun nilai perolehan untuk kapal tersebut mencapai Rp 370.620.353.400. ""Ini kapalnya, Ki Hajar Dewantara nomor lambung 364, asal pembuatan Yugoslavia. Dari galangan kapal di Split. Nilainya Rp 370 (miliar),"" tambah ia. Adapun proses penjualan aset negara ini didasarkan pada amanat Undang-Undang Nomor 1 Tahun 2004 tentang Perbendaharaan Negara. Regulasi tersebut mewajibkan setiap penjualan barang milik negara yang nilainya melebihi Rp 100 miliar untuk wajib memperoleh persetujuan dari DPR RI. Setelah mendengarkan laporan lengkap dari Komisi I, Wakil Ketua DPR Sufmi Dasco mengetok palu persetujuan setelah para peserta sidang menyatakan setuju atas permohonan tersebut. Lihat juga Video: Canopus-936, Kapal Perang Baru Indonesia dari Jerman [Gambas:Video 20detik] (acd/acd) ... Tautan telah disalin pemindahtanganan bmn dpr ri lelang kapal"
Bank Digital Hadapi Tantangan AI: Kejahatan Siber hingga Deepfake,https://finance.detik.com/moneter/d-8648296/bank-digital-hadapi-tantangan-ai-kejahatan-siber-hingga-deepfake,"Jakarta - PT Bank Aladin Syariah Tbk (BANK) mengungkap tantangan yang dihadapi dalam mengubah layanan perbankannya menjadi lebih berbasis teknologi pintar atau Intelligent Banking. Perubahan ini sejalan dengan semakin luasnya penggunaan kecerdasan buatan (AI) dalam layanan perbankan. Presiden Direktur Bank Aladin Syariah, Koko Rachmadi, mengatakan ada sejumlah tantangan dalam proses transisi Intelligent Banking. Tantangan tersebut mencakup cybercrime (kejahatan siber), fraud (penipuan) & deepfake (pemalsuan digital berbasis Al), privasi data, infrastruktur teknologi, hingga isu literasi dan keberlanjutan model bisnis. Bank Aladin Syariah sendiri telah menerapkan sejumlah inisiatif untuk memitigasi tantangan tersebut, seperti menggabungkan kapabilitas perbankan, Al, dan Fraud Intelligence (Al-powered e-KYC dan Fraud Detection System) untuk melindungi nasabah. SCROLL TO CONTINUE WITH CONTENT Baca juga: AI hingga Ancaman Siber Jadi Tantangan Baru, Bank Siapkan Hal Ini Langkah ini diterapkan mulai dari saat nasabah mendaftar hingga melakukan transaksi sehari-hari. Bank juga mengubah pendekatannya, dari yang sebelumnya berfokus pada produk menjadi membangun layanan yang terhubung dalam satu ekosistem melalui sistem Open Banking. ADVERTISEMENT ""Masa depan perbankan digital membutuhkan solusi yang melampaui batas institusi, di mana kolaborasi erat antara regulator dan industri menjadi kunci utama agar inovasi dan regulasi terus berkembang secara beriringan,"" ungkap Koko dalam keterangan tertulis, Jumat (4/9/2026). Ia menjelaskan, kolaborasi antar pelaku industri penting untuk memperkuat ekosistem sekaligus mendorong lahirnya berbagai inovasi. Sementara itu, regulator perlu memastikan adanya ruang yang aman dan terpercaya. Nasabah juga harus tetap memiliki kendali atas data mereka agar ekosistem perbankan berbasis AI dapat berkembang dengan mengutamakan keamanan dan kebutuhan nasabah. Kolaborasi ini diperlukan untuk menciptakan ekosistem pembayaran digital yang aman dari ancaman cybercrime dan fraud. Selain itu juga untuk menjamin privasi data nasabah dan memperluas jangkauan inklusi keuangan ke seluruh pelosok daerah secara aman. ""Kita optimis terhadap cerahnya masa depan perbankan digital di Indonesia, namun tetap waspada terhadap risikonya, serta terus memperdalam dan menguatkan kolaborasi,"" ujar Koko. (ahi/ara) ... Tautan telah disalin bank digital kecerdasan buatan kejahatan siber deepfake"
Airlangga Sebut Bencana Bikin Ekonomi Kontraksi di Daerah Terdampak,https://finance.detik.com/berita-ekonomi-bisnis/d-8653351/airlangga-sebut-bencana-bikin-ekonomi-kontraksi-di-daerah-terdampak,"Jakarta - Sederet bencana alam melanda Indonesia dalam beberapa waktu terakhir, mulai dari banjir bandang, gempa bumi, hingga erupsi gunung berapi di beberapa daerah. Belum lagi urusan kebakaran hutan dan lahan (karhutla) juga belum selesai sepenuhnya penanganannya. Lantas apakah deretan bencana ini dapat memperlambat pertumbuhan ekonomi di Indonesia? Menteri Koordinator Bidang Perekonomian Airlangga Hartarto mengatakan tentu saja perlambatan ekonomi bisa terjadi di daerah-daerah yang terdampak bencana saja, tidak secara nasional. Sejauh ini pemerintah masih memonitor sebesar apa dampaknya dan apa saja yang bisa langsung diperbaiki untuk mempercepat pemulihan. SCROLL TO CONTINUE WITH CONTENT ""Ya pertama tentu di daerah yang terdampak pasti terjadi kontraksi dan kami masih monitor program-program apa yang terkena dan di berbagai provinsi tersebut,"" ujar Airlangga di Kompleks Istana Kepresidenan, Jakarta Pusat, Selasa (8/9/2026). Baca juga: Purbaya Siap Gelontorkan Dana Bencana, Minta Hitungan Jangan Ngaco! ADVERTISEMENT Airlangga juga mengatakan pemerintah mulai memantau dampak erupsi beberapa gunung berapi terhadap aktivitas masyarakat yang berkurang. ""Sekarang juga kami sedang monitor akibat daripada letusan 5-6 gunung di Indonesia ini terutama untuk aktivitas masyarakat yang sangat berkurang,"" ujar Airlangga. Dari segi logistik, Airlangga juga mengatakan pasti ada dampak ekonomi dan kerugian yang terjadi apalagi ada beberapa bandara besar yang mesti ditutup imbas abu vulkanik gunung berapi. Namun ketika ditanya berapa nominalnya, dia bilang pemerintah masih menghitungnya. ""Logistik sudah pasti di sektor penerbangan sudah terjadi gangguan karena sektor penerbangan kan juga ada kaitannya dengan kargo,"" ujar Airlangga. ""Sudah ada tapi kita monitor karena kita masih monitor berapa lama ini harus ditutup,"" katanya ketika ditanya apakah ada nominal kerugian. Baca juga: Menhub Jamin Maskapai Refund Tiket Pesawat 100% Imbas Abu Vulkanik Di sisi lain, Menteri Keuangan Purbaya Yudhi Sadewa sedikit optimistis dampak bencana, khususnya dampak erupsi Gunung Anak Krakatau tidak akan memperlambat perekonomian.Namun, dia mengakui dampak bencana kemungkinan cukup besar di Sumatera yang terkena banjir bandang dan NTT yang terkena gempa. ""Belum (memicu perlambatan ekonomi). Harusnya sih nggak terlalu signifikan ya kalau hanya beberapa hari. Kalau hanya beberapa hari bencana saja dan debunya kan nggak tebel-tebel amat kan ya? Kita lihat ke depan seperti apa,"" papar Purbaya di tempat yang sama. ""Kalau saya lihat secara kasar sih harusnya dampaknya nggak sebesar di Provinsi Sumatera Utara, Aceh, Sumatera Barat kemarin atau di NTT kemarin ya,"" lanjutnya. Simak juga Video: Rencana Mensos soal Dana Darurat Bantu Warga Terdampak Bencana [Gambas:Video 20detik] (hal/ara) ... Tautan telah disalin erupsi gunung berapi bencana alam ekonomi indonesia kontraksi ekonomi airlangga hartarto"
"Putri Mahkota Swedia Datangi Lombok, Ada Apa?",https://finance.detik.com/berita-ekonomi-bisnis/d-8653345/putri-mahkota-swedia-datangi-lombok-ada-apa,"Jakarta - Putri Mahkota Victoria Ingrid Alice Desiree berkunjung ke Nusa Tenggara Barat (NTB). Pewaris takhta Kerajaan Swedia itu berada di NTB selama empat hari, 5-8 September 2026. Gubernur NTB Lalu Muhammad Iqbal menyampaikan bahwa kedatangan Victoria bukan hanya sebagai calon penerus Raja Carl XVI Gustaf, tetapi juga sebagai Goodwill Ambassador UNDP, badan pembangunan Perserikatan Bangsa-Bangsa. Menurutnya, Lombok dipilih karena memiliki jejak panjang kerja sama dengan UNDP, mulai dari pemulihan pasca gempa, kesehatan, ekonomi biru hingga penguatan ekonomi masyarakat. Putri Victoria melihat secara dekat bagaimana agenda pembangunan berkelanjutan diterjemahkan dalam aksi nyata di lapangan. SCROLL TO CONTINUE WITH CONTENT ""Beliau melihat langsung pengembangan ekonomi biru, perlindungan ekosistem pesisir, serta program asuransi terumbu karang. Hal itu sebagai sinergi pengelolaan pariwisata bahari dan pelestarian lingkungan laut,"" katanya dalam keterangan tertulis, Selasa (8/9/2026). Iqbal menyampaikan, kunjungan tersebut semakin memperpanjang daftar tamu internasional yang datang ke NTB. Sebelumnya, sebanyak 11 duta besar negara sahabat sudah berkunjung ke NTB. Mulai dari duta besar Qatar H.E. Dr. Sultan bin Mubarak Saad Al-Dosari, Oman H.E. Mohamed Ahmed Salim Al-Shanfari, Maroko H.E. Redouane Houssaini, hingga Duta Besar Palestina Palestina H.E. Zuhair Saleh Muhammad Al-Shun. ADVERTISEMENT Bahkan, tahun lalu Gubernur Iqbal menggelar Indonesia Gastrodiplomacy Series (IGS) yang diikuti duta besar dan diplomat perwakilan dari 27 negara. Mereka tak hanya dari Benua Asia, tapi juga Afrika, Amerika, bahkan dari Benua Eropa seperti Finlandia, Inggris, tak ketinggalan pula negara-negara maju seperti Tiongkok dan Korea. Iqbal mengakui, mengenalkan NTB ke dunia bukan semata soal meningkatkan eksposur daerah. Diplomasi internasional harus berdampak pada terbukanya akses terhadap investasi, pasar, teknologi, wisatawan, hingga kesempatan kerja dan peningkatan kapasitas masyarakat NTB. Pertemuan dengan Qatar, misalnya, digunakan untuk menjajaki peluang masuknya investasi dan modal swasta. Sementara hubungan dengan negara-negara lain dapat dikembangkan untuk memperluas pasar produk NTB, kerja sama pendidikan dan vokasi, hingga membuka akses bagi tenaga kerja NTB ke pasar internasional. ""Kita tidak ingin tamu-tamu internasional hanya datang, berfoto, lalu pulang. Kita ingin setiap hubungan yang dibangun membuka pintu ekonomi baru bagi NTB,"" kata Iqbal. Lihat juga Video Heboh Ikan 'Kiamat' Oarfish Terdampar di Pantai Pink Lombok Timur [Gambas:Video 20detik] (hrp/fdl) ... Tautan telah disalin putri mahkota swedia kunjungan ntb nusa tenggara barat goodwill ambassador"
"Investasi Energi Bersih RI Naik-Turun, ESDM Ungkap Apa yang Terjadi",https://finance.detik.com/energi/d-8653341/investasi-energi-bersih-ri-naik-turun-esdm-ungkap-apa-yang-terjadi,"Jakarta - Pemerintah terus menggenjot pengembangan energi baru, terbarukan, dan konservasi energi (EBTKE) sebagai bagian dari upaya mempercepat transisi menuju sistem energi yang lebih bersih. Berbagai pembangunan infrastruktur seperti pembangkit listrik tenaga surya, pengembangan kendaraan listrik, pemanfaatan panas bumi, bioenergi, hingga berbagai program efisiensi energi terus dikebut. Dalam proses tersebut, Direktur Jenderal Energi Baru, Terbarukan dan Konservasi Energi (EBTKE) Kementrian Energi dan Sumber Daya Mineral (ESDM), Eniya Listiani Dewi mengatakan perlunya ada dukungan dari berbagai pihak. Hal ini guna meningkatkan investasi dan implementasi EBTKE yang ada saat ini. SCROLL TO CONTINUE WITH CONTENT ""Hingga saat ini capaian pengembangan energi baru, terbarukan dan konservasi energi grafiknya naik turun. Dari data kita lihat grafiknya memang naik, capaian investasi dan juga implementasi, tetapi memang kadang-kadang terkoreksi, bahkan triwulan pertama kemarin 18.3%, sekarang terkoreksi sedikit,"" ujar Eniya dalam keterangan tertulis, Selasa (8/9/2026). Lebih jauh, Eniya juga mengapresiasi para pihak yang ikut mendorong dan terlibat aktif baik itu individu maupun korporat yang memiliki komitmen dalam pengembangan energi baru terbarukan. Bahkan pihaknya menyambut baik beberapa kampus yang juga terlibat dalam program tersebut. ADVERTISEMENT ""Di mana ada universitas atau perguruan tinggi, kita overlay dengan sebaran EBT, sehingga di titik mana nanti universitas mana harus jadi center of excellence dari PLTS misalnya"" tambah Eniya. Dalam acara Apresiasi EBTKE 2026, pemerintah juga memberikan penghargaan kepada sejumlah perusahaan, perguruan tinggi, dan individu yang dinilai memiliki kontribusi terhadap pengembangan energi baru terbarukan dan konservasi energi. Untuk kategori Women in Clean Energy diberikan kepada Mada Ayu Habsari dari Asosiasi Energi Surya Indonesia (AESI) yang dinilai memiliki komitmen dan kontribusi nyata dalam pengembangan energi bersih, inovasi, kepemimpinan, pemberdayaan masyarakat, serta percepatan transisi energi di Indonesia. Melalui organisasinya, Mada menjalankan komitmen pengembangan energi bersih yang selama ini menjadi area male domination dengan melibatkan banyak pekerja perempuan. Menurut Mada Ayu Habsari transisi energi membutuhkan kontribusi dari semua pihak, termasuk perempuan. ""Dengan mengakui dan memperkenalkan perempuan yang telah berkontribusi dalam energi bersih dan dekarbonisasi, kita dapat meningkatkan visibilitas mereka sebagai role model, sekaligus mendorong lebih banyak perempuan untuk terlibat dalam sektor energi."" ujar Mada. Rita Kefi dari Yayasan Humanis juga menerima penghargaan dalam subkategori Changemaker. Di mana Rita Kefi dan lembaganya terjun ke lapangan untuk melakukan literasi dan pelatihan kepada kaum perempuan dengan metode menggambar sehingga mereka yang bersekolah juga bisa terlibat untuk kegiatan pelatihan. Kontribusi Rita dan organisasinya merefleksikan perspektif bahwa transisi energi tidak boleh berhenti pada persoalan teknologi dan penurunan emisi. Perubahan sistem energi juga harus memperhatikan siapa yang mendapatkan akses, siapa yang dilibatkan dalam pengambilan keputusan, dan siapa yang memperoleh manfaat sosial maupun ekonomi dari transisi tersebut. Sementara perempuan lainnya yang juga menerima awarding dalam momen itu adalah Novia Utami Putri dari Politeknik Negeri Lampung yang menerima penghargaan untuk subkategori Innovator. Kiprah Novia memperlihatkan pentingnya peran perempuan dalam mendorong inovasi dan pengembangan solusi energi bersih yang aplikatif. Pada saat yang sama, pendidikan vokasi menjadi bagian penting untuk menyiapkan sumber daya manusia yang mampu menjawab kebutuhan sektor energi yang terus berubah. Lihat juga Video JK dan Anaknya Temui Prabowo Bicara Investasi Energi Rp 70 Triliun [Gambas:Video 20detik] (hrp/fdl) ... Tautan telah disalin energi terbarukan konservasi energi transisi energi pembangkit listrik tenaga surya"
"Dorong Kapasitas Ekspor, LPEI & Kemenkeu Resmikan 48 Desa Devisa di Babel",https://finance.detik.com/berita-ekonomi-bisnis/d-8653337/dorong-kapasitas-ekspor-lpei-kemenkeu-resmikan-48-desa-devisa-di-babel,"Jakarta - Lembaga Pembiayaan Ekspor Indonesia (LPEI)/Indonesia Eximbank bersama Direktorat Jenderal Perbendaharaan (DJPb) Kementerian Keuangan RI (Kemenkeu) meresmikan 48 Desa Devisa di Provinsi Kepulauan Babel. Langkah ini menjadi bagian dari sinergi Kemenkeu Satu dalam membangun kapasitas ekspor dari tingkat desa. Hal ini sekaligus mendorong sumber pertumbuhan ekonomi daerah yang lebih beragam. Adapun seluruh Desa Devisa tersebut memiliki kekuatan pada tiga klaster komoditas unggulan yaitu lada, kerajinan lidi nipah, dan olahan perikanan. Masing-masing memiliki karakter produk dan basis pelaku usaha yang dapat dikembangkan untuk menjangkau pasar yang lebih luas. Direktur Pelaksana Keuangan, Operasional, & Teknologi Informasi LPEI Anwar Harsono mengatakan konsistensi menjadi salah satu kunci agar pelaku usaha tidak hanya dapat memasuki, tetapi juga bertahan di pasar global. SCROLL TO CONTINUE WITH CONTENT ""Keunikan produk adalah pintu masuk, tetapi yang membuat pelaku usaha bertahan di pasar ekspor adalah konsistensi. Kapasitas produksi, kualitas dan spesifikasi produk, tata kelola usaha, dan kesiapan finansial harus dibangun bertahap sebelum pelaku usaha berhadapan dengan pembeli luar negeri,"" ujar Anwar, dalam keterangan tertulis, Selasa (8/9/2026). ""Di situlah pendampingan Desa Devisa berperan,"" sambungnya. ADVERTISEMENT Baca juga: LPEI Kucurkan US$ 8,5 Juta Danai Ekspor Gerbong Barang ke Selandia Baru Klaster lada mencakup 34 desa dengan sekitar 400 petani di Kabupaten Bangka Selatan dan Bangka Tengah. Produk yang dihasilkan berupa lada putih dalam bentuk biji dan bubuk. Lada Bangka telah dikenal di pasar global sebagai Muntok White Pepper, memiliki kandungan piperin tinggi yang memberikan karakter pedas tajam, serta telah memperoleh perlindungan Indikasi Geografis (IG). Potensi berikutnya datang dari tujuh desa penghasil kerajinan lidi nipah yang melibatkan 50 perajin di Kabupaten Bangka dan Bangka Tengah. Serat lidi nipah yang tebal, panjang, dan lentur, dengan gradasi warna alami kecokelatan hingga krem, memberikan karakter premium pada produk kerajinan yang sepenuhnya organik dan mudah terurai. Sementara itu, klaster olahan perikanan mencakup tujuh desa dengan 36 pelaku usaha kecil dan menengah di Kabupaten Bangka dan Bangka Tengah. Produk diolah dari hasil tangkapan laut segar, dengan puluhan Industri Kecil Menengah (IKM) yang telah bernaung dalam satu sentra sehingga penguatan dan penjagaan standar kualitas produk dapat dilakukan secara lebih terarah. Sebagai Special Mission Vehicle (SMV) Kemenkeu, LPEI akan mendampingi pelaku usaha mulai dari penguatan kelembagaan dan manajemen ekspor hingga perluasan akses pasar. Pendampingan tersebut meliputi pelatihan prosedur dan dokumen ekspor, penyusunan laporan keuangan berstandar akuntansi, pengenalan market intelligence, pembiayaan pengiriman sampel ke luar negeri, fasilitasi uji laboratorium, hingga keikutsertaan dalam pameran internasional. Langkah LPEI ini didukung oleh sinergi lintas instansi yang solid. LPEI bersinergi dengan DJPb, Bea Cukai, Kementerian Perindustrian RI (Kemenperin), Bank Indonesia (BI) perwakilan Babel, dan Pemerintah Daerah (Pemda) Provinsi Kepulauan Bangka Belitung. Baca juga: Ekspor Tekstil RI Diprediksi Tumbuh 3,2%, Ada Tekanan Vietnam-China Masing-masing institusi memainkan peran strategis dalam membangun ekosistem ekspor yang berkelanjutan, dengan BI, Kemenperin, dan Pemda Babel berfungsi sebagai inkubator UMKM, sementara LPEI, DJPb, dan Bea Cukai menjalankan fungsi sebagai akselerator ekspor. Kepala Kanwil DJPb Provinsi Kepulauan Babel sekaligus Kepala Perwakilan Kemenkeu Babel Muhamad Mufti Arkan menyatakan program ini merupakan bagian dari upaya membangun sumber pertumbuhan ekonomi baru yang lebih beragam, inklusif, dan berkelanjutan dengan menempatkan desa sebagai titik awal pembangunan ekonomi yang berorientasi global. Program Desa Devisa merupakan program pendampingan berbasis community development yang diinisiasi Indonesia Eximbank untuk meningkatkan kapasitas masyarakat lokal dan mengembangkan komoditas unggulan desa hingga mampu menembus pasar ekspor. Program ini sejalan dengan komitmen Indonesia Eximbank pada prinsip Environmental, Social, and Governance (ESG) dan kerangka Sustainable Development Goals (SDGs), sekaligus mendukung Asta Cita Pemerintah. Sinergi ini semakin melengkapi perjalanan LPEI selama 17 tahun dalam mengawal dan mendorong pertumbuhan ekspor nasional. Program ini menjadi bagian dari upaya berkelanjutan LPEI untuk memastikan bahwa pertumbuhan ekspor tidak hanya bertumpu pada pelaku usaha besar, tetapi juga tumbuh dari potensi ekonomi masyarakat di berbagai daerah Indonesia. Video: Komitmen Indonesia Eximbank Perkuat Ekspor Nasional Video: Komitmen Indonesia Eximbank Perkuat Ekspor Nasional (anl/ega) ... Tautan telah disalin lpei kemenkeu desa devisa pertumbuhan ekonomi komoditas unggulan ekspor"
Arahan Prabowo: Bantuan Beras Lanjut sampai Desember,https://finance.detik.com/berita-ekonomi-bisnis/d-8653305/arahan-prabowo-bantuan-beras-lanjut-sampai-desember,"Jakarta - Menteri Koordinator Bidang Perekonomian Airlangga Hartarto mengatakan program bantuan pangan bakal terus diberikan hingga akhir tahun. Bantuan pangan beras 10 kilogram (kg) per bulan terakhir disalurkan hingga September, dan akan diperpanjang sampai Desember. Airlangga bilang ini merupakan arahan langsung Presiden Prabowo Subianto usai melakukan rapat terbatas di Istana Kepresidenan, Jakarta Pusat, Senin sore kemarin. ""Terkait dengan program-program bantuan yang disiapkan untuk tahun ini, termasuk bantuan beras yang sampai dengan bulan September itu 30 kg. Lalu, arahan bapak presiden itu untuk dilanjutkan di bulan selanjutnya, yaitu Oktober, November, dan Desember,"" beber Airlangga, dikutip Selasa (8/9/2026). SCROLL TO CONTINUE WITH CONTENT Baca juga: Mentan Pastikan Produksi Beras Aman saat El Nino, SPHP Ditambah 1 Juta Ton Sebelumnya, Menteri Koordinator Bidang Pangan Zulkifli Hasan alias Zulhas mengatakan bansos pangan beras akan diberikan untuk periode Oktober, November, dan Desember 2026. Rencananya, penyaluran dilakukan secara sekaligus (dirapel) untuk periode tiga bulan tersebut kepada seluruh keluarga penerima manfaat. Dia mengatakan penyaluran bansos ini menyasar masyarakat kurang mampu yang masuk dalam kelompok desil 1 hingga desil 4. Menurutnya mencakup puluhan juta jiwa. ADVERTISEMENT ""Kita sudah memutuskan bantuan pangan untuk desil 1-desil 4 sejumlah 33 juta sekian (penerima manfaat) ya, rakyat kita yang jumlahnya itu kali 10 kg per bulan. Jadi 30 kg,"" kata Zulhas dalam konferensi pers usai rapat di kantornya, Jakarta Pusat, Senin (7/9/2026) kemarin. Menurutnya, langkah penyaluran bansos yang dilakukan sekaligus ini juga bertujuan untuk membanjiri stok masyarakat. Dengan begitu, permintaan akan beras di pasar dapat turun signifikan. Kondisi ini dinilai dapat ikut menekan kenaikan harga imbas pelemahan produksi beras domestik di tengah musim kemarau kering hingga akhir tahun ini. Lihat juga Video: Hadapi El Nino, Bantuan Beras 30 Kg Dilanjutkan hingga Desember [Gambas:Video 20detik] (hal/ara) ... Tautan telah disalin bantuan beras prabowo subianto program bantuan pangan"
Harga Emas Antam Hari Ini Jatuh!,https://finance.detik.com/berita-ekonomi-bisnis/d-8653266/harga-emas-antam-hari-ini-jatuh,"Jakarta - Harga emas Antam kembali mengalami penurunan dan melanjutkan tren pelemahan sejak akhir pekan kemarin. Harga emas Antam 24 karat hari turun Rp 10.000 per gram berada di level Rp 2.627.000 per gram. Berdasarkan situs Logam Mulia Antam, Selasa (8/9/2026), satuan harga emas hari ini yang terkecil ukuran 0,5 gram berada di angka Rp 1.363.500. Sementara harga emas 10 gram dijual dengan harga Rp 25.765.000 dan ukuran emas terbesar yakni 1.000 gram (1 kg) dibanderol Rp 2.567.600.000. Jika ditarik dalam sepekan terakhir, harga emas Antam berada dalam rentang Rp 2.624.000-2.670.000 per gram. Sementara dalam sebulan terakhir, harga emas Antam bergerak dalam rentang Rp 2.624.000-2.768.000 per gram. SCROLL TO CONTINUE WITH CONTENT Buyback Emas Harga emas hari ini untuk buyback emas Antam juga turun Rp 10.000 dan berada di level Rp 2.480.000 per gram. Harga buyback adalah jika Anda ingin menjual emas, maka Antam akan membelinya dengan harga tersebut. Sesuai Peraturan Menteri Keuangan (PMK) Nomor 34 Tahun 2017, pembelian emas batangan akan dikenakan PPh 22 sebesar 0,9%. Jika ingin mendapatkan potongan pajak lebih rendah sebesar 0,45%, harus menyertakan NPWP untuk transaksinya. ADVERTISEMENT Rincian Harga Emas Hari Ini Harga emas 0,5 gram: Rp 1.363.500 Harga emas 1 gram: Rp 2.627.000 Harga emas 2 gram Rp 5.194.000 Harga emas 3 gram Rp 7.766.000 Harga emas 5 gram: Rp 12.910.000 Harga emas 10 gram: Rp 25.765.000 Harga emas 25 gram: Rp 64.287.000 Harga emas 50 gram: Rp 128.495.000 Harga emas 100 gram: Rp 256.912.000 Harga emas 250 gram: Rp 642.015.000 Harga emas 500 gram: Rp 1.283.820.000 Harga emas 1.000 gram: Rp 2.567.600.000 Demikian rincian harga emas hari ini keluaran Antam 1 gram hingga 1.000 gram, Selasa (8/9/2026). Lihat juga Video: Harga Emas Antam Ambruk Hari Ini [Gambas:Video 20detik] (igo/fdl) ... Tautan telah disalin harga emas buyback emas investasi emas emas antam harga emas hari ini tren harga emas"
IHSG Dibuka Menguat ke 6.639,https://finance.detik.com/bursa-dan-valas/d-8653232/ihsg-dibuka-menguat-ke-6-639,"Jakarta - Indeks Harga Saham Gabungan (IHSG) cukup bergairah pada perdagangan pagi ini. IHSG dibuka hijau pada pembukaan perdagangan. Dikutip dari data perdagangan RTI, Selasa (8/9/2026), IHSG dibuka di level 6.639,51 pada pembukaan pukul 09.00 WIB. Sekitar lima menit kemudian IHSG masih meroket ke zona hijau hingga menguat 0,40% secara harian atau naik 26,55 poin ke level 6.646,22. IHSG paling tinggi diperdagangkan pada level 6.652,53 dan terendah 6.636,93. Sebanyak 310 saham menguat, 143 saham melemah, dan 235 saham stagnan. SCROLL TO CONTINUE WITH CONTENT Baca juga: Simak Rekomendasi Saham saat IHSG Loyo Volume perdagangan pagi ini tembus 2,76 miliar saham dengan perputaran uang Rp 875,74 miliar. Frekuensi perdagangan menyentuh 143.550 kali. ADVERTISEMENT Meski menguat, IHSG masih jauh lebih lemah dibandingkan posisi awal tahun hingga minus 23,12%. Sementara secara tahunan juga melemah 11,41%. Lihat juga Video: IHSG Tertahan Meski Sentimen Global Positif, Investor Tunggu Aturan Baru BEI [Gambas:Video 20detik] (hal/ara) ... Tautan telah disalin ihsg ihsg menguat"
Dolar AS Hari Ini Menguat ke Rp 17.646,https://finance.detik.com/bursa-dan-valas/d-8653229/dolar-as-hari-ini-menguat-ke-rp-17-646,"Jakarta - Nilai tukar dolar Amerika Serikat (AS) menguat terhadap rupiah pada pembukaan perdagangan hari ini. Mata uang Paman Sam di level Rp 17.600 pagi ini. Dikutip dari data Bloomberg , Selasa (8/9/2026), nilai tukar dolar AS pukul 09.05 WIB berada pada level Rp 17.646 atau naik 6 poin (0,03%). Selanjutnya, pergerakan dolar AS terhadap mata uang lainnya cenderung menguat. Nilai tukar dolar AS naik 0,03% terhadap dolar Australia. Dolar AS turun 0,09% terhadap euro. SCROLL TO CONTINUE WITH CONTENT Baca juga: Dolar AS Pagi Ini Menguat ke Rp 17.664 Selanjutnya, pergerakan dolar AS terhadap dolar Singapura minus 0,12%. Sedangkan dolar AS naik terhadap yuan China 0,01%. ADVERTISEMENT Dolar AS minus 0,78% terhadap yen. Sementara itu, dolar AS naik terhadap baht 0,19% dan menguat terhadap ringgit 0,01%. Lihat juga Video BI soal Dolar AS Tembus Rp 17.700: Beda dengan 1998 [Gambas:Video 20detik] (rea/ara) ... Tautan telah disalin dolar as nilai tukar rupiah"
"Dari Rp 2,41 T Jadi Rp 8,51 T, Mengintip Pertumbuhan Pupuk Indonesia",https://finance.detik.com/berita-ekonomi-bisnis/d-8652409/dari-rp-2-41-t-jadi-rp-8-51-t-mengintip-pertumbuhan-pupuk-indonesia,"Jakarta - PT Pupuk Indonesia (Persero) mencatatkan lonjakan kinerja keuangan sepanjang semester I 2026. Laba bersih perusahaan melonjak dari sekitar Rp 2,41 triliun pada periode yang sama tahun sebelumnya menjadi Rp 8,51 triliun. Kenaikan tersebut mencapai 252,8 % secara tahunan. Kinerja positif Pupuk Indonesia bahkan turut mendapat sorotan Presiden RI Prabowo Subianto dalam pidato Sidang Tahunan MPR dan Sidang Bersama DPR-DPD RI pada Jumat (14/8/2026). ""Dan pada saat bersamaan keuntungan PT Pupuk Indonesia, perusahaan negara, BUMN, keuntungannya naik 252,8%. Harga pupuk turun, volume tambah, tapi keuntungan bagi PT Pupuk Indonesia naik 252,8%,"" ujar Prabowo. SCROLL TO CONTINUE WITH CONTENT Pertumbuhan laba tersebut menjadi salah satu gambaran kinerja BUMN yang dinilai semakin positif. Menariknya, peningkatan keuntungan Pupuk Indonesia terjadi bersamaan dengan kebijakan pemerintah untuk menurunkan harga pupuk hingga 20%. ""Pertama kali harga pupuk dapat kita turunkan kepada rakyat,"" ujar Prabowo. ADVERTISEMENT Kondisi tersebut menunjukkan bahwa pertumbuhan Pupuk Indonesia tidak semata-mata berasal dari kenaikan harga jual pupuk. Perusahaan melakukan transformasi bisnis dengan mengedepankan efisiensi operasional dan disiplin biaya. Laba Melonjak 253% Berdasarkan kinerja Januari-Juni 2026, Pupuk Indonesia membukukan laba bersih Rp8,51 triliun. Angka tersebut tumbuh 253% dibandingkan periode yang sama pada tahun sebelumnya yang berada di kisaran Rp 2,41 triliun. Selain laba, pendapatan perusahaan juga mengalami pertumbuhan signifikan. Pupuk Indonesia mencatatkan pendapatan Rp 59,67 triliun, meningkat 51% dibandingkan periode yang sama tahun sebelumnya. Sementara itu, EBITDA perusahaan mencapai Rp 14,28 triliun atau tumbuh 140%. Pertumbuhan tersebut didorong oleh peningkatan volume produksi serta efisiensi biaya operasional yang menjadi bagian dari transformasi perusahaan. Direktur Utama Pupuk Indonesia Rahmad Pribadi mengatakan kinerja tersebut merupakan hasil dari transformasi bisnis dan tata kelola yang dilakukan secara menyeluruh. Menurutnya, penerapan operational excellence dan cost leadership yang dijalankan secara konsisten menjadi fondasi perusahaan untuk tumbuh secara berkelanjutan. ""Berkat dukungan pemerintah melalui Danantara transformasi bisnis secara menyeluruh sudah mulai membuahkan hasil berupa capaian kinerja keuangan yang membanggakan. Dengan fondasi keuangan yang semakin kuat, kami optimistis pertumbuhan ini berkelanjutan, bukan hanya untuk kinerja perusahaan, tapi juga untuk kontribusi yang lebih besar terhadap ketahanan pangan nasional,"" ujar Rahmad. Baca juga: Laba Pupuk Indonesia Naik 253%, Harga Pupuk Turun, Apa Strateginya? Efisiensi Jadi Motor Pertumbuhan Industri pupuk memiliki tantangan tersendiri karena biaya produksi dipengaruhi oleh ketersediaan dan harga bahan baku serta energi. Untuk menghadapi kondisi tersebut, Pupuk Indonesia memperkuat efisiensi sekaligus meningkatkan ketahanan bisnis. Perusahaan memperluas sumber pasokan dan skema kontrak bahan baku untuk mengurangi dampak volatilitas harga komoditas global. Di sisi pendapatan, Pupuk Indonesia juga melakukan diversifikasi dengan memperkuat kontribusi segmen non-subsidi dan produk non-pupuk. Strategi tersebut membuat perusahaan memiliki sumber pertumbuhan yang lebih beragam sehingga tidak sepenuhnya bergantung pada siklus harga komoditas. Transformasi juga dilakukan melalui operational dan digital excellence, holding business streamlining, distribusi public service obligation serta penguatan bisnis komersial. Revitalisasi 7 Pabrik Transformasi Pupuk Indonesia turut menyasar fasilitas produksi. Penguatan kinerja keuangan yang dicapai perusahaan memberi ruang untuk meningkatkan investasi untuk peremajaan atau revitalisasi tujuh pabrik dalam lima tahun ke depan. Langkah tersebut dilakukan sejalan dengan arahan Danantara untuk mengoptimalkan portofolio aset BUMN agar lebih produktif dan memberikan nilai tambah. Saat ini Pupuk Indonesia memiliki kapasitas produksi nasional sekitar 14,8 juta ton per tahun. Kapasitas tersebut menjadi salah satu modal perusahaan untuk memenuhi kebutuhan pupuk dalam negeri sekaligus merespons peluang pasar global. Optimalisasi aset menjadi penting untuk memastikan kapasitas produksi yang dimiliki dapat digunakan secara efisien. Dengan fasilitas yang lebih produktif, perusahaan memiliki ruang untuk menjaga biaya produksi sekaligus meningkatkan daya saing. Perluas Bisnis di Luar Pupuk Pupuk Indonesia juga mulai menyiapkan sumber pertumbuhan baru melalui diversifikasi bisnis. Dalam beberapa tahun mendatang, perusahaan menyiapkan pengembangan metanol dan turunannya, bisnis clean ammonia serta industrial support. Diversifikasi tersebut diharapkan dapat memperluas sumber pendapatan perusahaan sekaligus mengurangi ketergantungan terhadap siklus bisnis pupuk. Pengembangan clean ammonia juga menjadi bagian dari upaya perusahaan menangkap peluang bisnis yang berkembang seiring dengan transisi menuju industri yang lebih rendah emisi. Dengan strategi tersebut, transformasi Pupuk Indonesia diarahkan tidak hanya untuk menghasilkan kinerja keuangan yang kuat saat ini, tetapi juga membangun fondasi bisnis yang mampu menghadapi perubahan kondisi ekonomi global. Baca juga: Transformasi Industri Pupuk RI: Dari Produktivitas ke Keberlanjutan Laba Naik, Petani Ikut Merasakan Kinerja keuangan perusahaan juga berjalan beriringan dengan upaya pemerintah meningkatkan akses petani terhadap pupuk. Sepanjang 2025, Pupuk Indonesia berhasil menyalurkan 8.110.571 ton pupuk bersubsidi atau meningkat 10,68% dibandingkan tahun sebelumnya. Peningkatan tersebut didukung implementasi sistem i-Pubers yang mempercepat dan mempermudah proses penebusan pupuk. Penerapan Peraturan Presiden Nomor 6 Tahun 2025 juga menyederhanakan tata kelola penyaluran pupuk bersubsidi. Hingga 1 September 2026, Pupuk Indonesia telah menyalurkan pupuk bersubsidi sebanyak 6,33 juta ton atau 64,3% dari alokasi 9,8 juta ton yang ditetapkan Pemerintah. Rahmad mengatakan transformasi yang dilakukan perusahaan pada akhirnya diarahkan untuk memberikan manfaat langsung kepada petani sekaligus menjaga ketahanan pangan nasional. ""Sejalan dengan agenda transformasi BUMN yang didorong Danantara, semua perubahan struktural ini bermuara pada satu hal, pupuk yang terjangkau dan lebih cepat sampai ke petani, dengan cost yang lebih sehat bagi negara serta menjaga ketahanan pangan,"" ungkap Rahmad. Di sisi lain, kebijakan pemerintah untuk menurunkan harga pupuk hingga 20% diharapkan semakin memperkuat akses petani terhadap sarana produksi. Bagi Pupuk Indonesia, kondisi tersebut menjadi tantangan sekaligus peluang. Perusahaan harus mampu mempertahankan profitabilitas tanpa mengorbankan fungsi strategisnya dalam menyediakan pupuk bagi sektor pertanian. Menjaga Pertumbuhan Tetap Berkelanjutan Lonjakan laba dari Rp 2,41 triliun menjadi Rp 8,51 triliun menunjukkan adanya perubahan signifikan dalam kinerja Pupuk Indonesia. Namun, perusahaan tidak ingin pertumbuhan tersebut hanya menjadi capaian sesaat. Rahmad menilai keberlanjutan laba harus dibangun melalui fondasi bisnis yang kuat sehingga perusahaan tetap mampu tumbuh ketika kondisi global mengalami perubahan. ""Bagi kami, keberlanjutan laba bukan soal mengejar angka tertinggi tiap tahun, tapi memastikan fondasi yang cukup kuat untuk tetap tumbuh meski kondisi global berubah-ubah. Ketahanan bisnis kami bukan hanya soal bertahan dari gejolak industri, tapi juga soal memastikan pertumbuhan ini dirasakan langsung oleh pelaku usaha kecil dan petani,"" pungkas Rahmad. Dengan demikian, lonjakan laba Pupuk Indonesia pada semester I 2026 bukan hanya cerita mengenai pertumbuhan angka keuntungan. Di balik kenaikan tersebut terdapat strategi efisiensi, optimalisasi aset, diversifikasi bisnis dan transformasi tata kelola. Pada saat yang sama, pemerintah berupaya memastikan peningkatan kinerja BUMN tersebut dapat berjalan seiring dengan kepentingan masyarakat melalui penurunan harga pupuk dan peningkatan akses petani. Dari laba Rp 2,41 triliun menjadi Rp 8,51 triliun, pertumbuhan Pupuk Indonesia kini tidak hanya menjadi ukuran kesehatan perusahaan, tetapi juga bagian dari upaya memperkuat ekosistem pertanian dan ketahanan pangan nasional. Lihat juga Video: Ini Program Pupuk Indonesia yang Bawa Pulau Lembata Mandiri Pangan! [Gambas:Video 20detik] (akd/ega) ... Tautan telah disalin pupuk indonesia pertumbuhan laba bumn efisiensi operasional"
"BTN Rombak Direksi, Ini Susunan Terbaru!",https://finance.detik.com/bursa-dan-valas/d-8648822/btn-rombak-direksi-ini-susunan-terbaru,"Jakarta - PT Bank Tabungan Negara (Persero) Tbk (BTN) mengumumkan perubahan jajaran direksi baru. Ketetapan tersebut diputuskan berdasarkan hasil Rapat Umum Pemegang Saham Luar Biasa (RUPSLB) di Menara BTN, Jakarta, Jumat (4/9/2026). RUPSLB tersebut memuat satu mata acara utama, yakni perubahan pengurus perseroan. Berdasarkan hasil RUPSLB, BTN mengumumkan Gatot Prasetyo sebagai Direktur Information Technology menggantikan Tan Jacky Chen digantikan. Selanjutnya RUPSLB BTN juga mengangkat Johanes Barus menggantikan Setiyo Wibowo sebagai Direktur Risk Management. Selanjutnya perubahan pada jabatan Direktur Consumer Banking, yakni Evita Barliana menggantikan Hirwandi Gafar. SCROLL TO CONTINUE WITH CONTENT Kemudian Direktur Finance & Strategy dijabat Adityo Kusumo menggantikan Nofry Rony Poetra. Selanjutnya Wiwik Wahyuni menjabat sebagai Direktur Human Capital & Compliance menggantikan Eko Waluyo. ""Saya menangkapnya sebagai bagian dari upaya regenerasi peremajaan pengelolaan di Bank Tabungan Negara. Kita sebagai pengurus di Bank Tabungan Negara hari ini tetap berterima kasih pada pemegang saham atas perubahan, atas direksi baru yang akan bergabung dengan BTN, dan mudah-mudahan BTN ke depan jauh lebih baik lagi dibanding yang sudah terjadi sampai dengan hari ini,"" ungkap Direktur Utama BTN, Nixon L.P Napitupulu, kepada wartawan di Menara BTN, Jakarta, Jumat (4/9/2026). ADVERTISEMENT Berikut susunan direksi BTN usai RUPSLB: Nixon L.P. Napitupulu - Direktur Utama Oni Febriarto Rahardjo - Wakil Direktur Utama Gatot Prasetyo - Direktur Information Technology Venda Yuniarti - Direktur Treasury & International Banking Helmy Afrisa Nugroho - Direktur Corporate Banking Johanes Barus - Direktur Risk Management Evita Barliana - Direktur Consumer Banking Adityo Kusumo - Direktur Finance & Strategy Wiwik Wahyuni - Direktur Human Capital & Compliance I Nyoman Sugiri Yasa - Direktur Operations Rully Setiawan - Direktur Network & Retail Funding Hermita - Direktur Commercial Banking. (ahi/hns) ... Tautan telah disalin perubahan direksi btn rupslb bank btn gatot prasetyo setiyo wibowo hirwandi gafar nofry rony poetra eko waluyo manajemen risiko perbankan indonesia regenerasi pengelolaan btn"
Simak Rekomendasi Saham saat IHSG Loyo,https://finance.detik.com/bursa-dan-valas/d-8653192/simak-rekomendasi-saham-saat-ihsg-loyo,"Daftar Isi Market Overview Berita Emiten PT Puradelta Lestari Tbk (DMAS)?? PT MPX Logistics International Tbk (MPXL)?? PT Bank Mandiri (Persero) Tbk (BMRI)?? Rekomendasi Saham Hari Ini Jakarta - Market Overview Indeks Harga Saham Gabungan (IHSG) menutup perdagangan Senin (7/9/2026) di zona merah. IHSG turun 0,25% ke level 6.619,67. Sejumlah saham bergerak naik dan menjadi pendorong perdagangan. BUMI tercatat naik 4,76%, sedangkan IMPC dan AADI masing-masing menguat 4%. Sebaliknya, SMMA mengalami penurunan 5,82%. Saham BBCA turun 1,12% dan BBRI melemah 0,59%. Investor asing mencatatkan penjualan bersih sebesar Rp590,18 miliar di pasar reguler. Jika dihitung di seluruh pasar, penjualan bersih asing mencapai Rp678,54 miliar. SCROLL TO CONTINUE WITH CONTENT Dari 11 sektor yang diperdagangkan, enam sektor berakhir melemah. Sektor keuangan mencatat penurunan 0,76%, sementara sektor industri naik 1,25%. Aktivitas perdagangan saham Amerika Serikat tidak berlangsung pada 7 September 2026 karena libur Labor Day. Perdagangan Wall Street dijadwalkan kembali dibuka pada 8 September 2026. ADVERTISEMENT Sementara itu, indeks IDXHealthcare menguat 0,82%. Pergerakan tersebut antara lain terlihat pada MEDS, DKHH, KAEF, HALO, SOHO, dan IRRA. Di pasar offshore, indeks MSCI Indonesia terkoreksi 0,59%. Baca juga: IHSG Ditutup Melemah ke Level 6.619 Berita Emiten PT Puradelta Lestari Tbk (DMAS) DMAS mencatat prapenjualan sebesar Rp1,15 triliun hingga semester I 2026. Capaian tersebut sudah mencapai sekitar 55% dari target prapenjualan sepanjang tahun yang ditetapkan sebesar Rp2,08 triliun. Dengan demikian, DMAS masih perlu membukukan sekitar Rp930 miliar pada semester II 2026 untuk mencapai target tersebut. Prapenjualan DMAS pada paruh pertama tahun ini banyak ditopang segmen industri, terutama permintaan lahan untuk data center. Total permintaan lahan industri tercatat sekitar 85 hektare, dengan sekitar 75% atau kurang lebih 64 hektare berasal dari sektor data center. Permintaan tersebut didukung fasilitas kawasan GIIC/Deltamas yang memiliki pasokan listrik premium hingga 1.000 MVA. Kawasan ini juga dilengkapi jaringan fiber optic dengan sistem redundansi, sistem looping untuk air bersih dan air daur ulang, serta pusat komando data dan keamanan. Dari sisi ketersediaan lahan, DMAS memiliki land bank sekitar 581 hektare per 30 Juni 2026. Rinciannya terdiri dari 357 hektare lahan komersial, 164 hektare residensial, dan 60 hektare lahan industri. Jumlah permintaan lahan industri sebesar 85 hektare tersebut sudah lebih besar dibandingkan sisa lahan industri sekitar 25 hektare. Kondisi ini membuat DMAS mempertimbangkan konversi sebagian lahan komersial dan residensial untuk memenuhi kebutuhan lahan, khususnya dari sektor data center. PT MPX Logistics International Tbk (MPXL) MPXL menyiapkan ekspansi ke bisnis angkutan batu bara menggunakan kapal tongkang. Rencana tersebut ditargetkan mulai direalisasikan pada 2027. Langkah ini menjadi bagian dari pengembangan bisnis MPXL yang juga tengah mengembangkan perdagangan batu bara melalui PT Tambang Raya Sejahtera. Kinerja MPXL pada semester I 2026 menunjukkan pertumbuhan pendapatan. Perseroan membukukan pendapatan Rp73,12 miliar, naik 28,80% dibandingkan periode yang sama tahun sebelumnya sebesar Rp56,77 miliar. Segmen jasa ekspedisi menjadi penyumbang pendapatan terbesar dengan nilai Rp50,98 miliar. Angka tersebut meningkat 54,50% secara tahunan. MPXL menyebut realisasi bisnis hingga saat ini telah mencapai sekitar 85% dari target yang ditetapkan untuk 2026. Namun, aktivitas perdagangan batu bara masih menghadapi tantangan berupa pembatasan RKAB pada sejumlah tambang di Sumatera Selatan dan Kalimantan. Jika ekspansi angkutan menggunakan kapal tongkang berjalan sesuai rencana, MPXL akan mengembangkan kegiatan logistik dari sisi perdagangan hingga transportasi batu bara. Bisnis tersebut juga ditargetkan menjadi sumber pendapatan baru mulai 2027. PT Bank Mandiri (Persero) Tbk (BMRI) BMRI akan membagikan dividen tunai interim untuk tahun buku 2026 sebesar Rp66 per saham. Dengan jumlah saham beredar sekitar 93,33 miliar lembar, total dividen interim yang disiapkan mencapai sekitar Rp6,16 triliun. Pembagian dividen tersebut setara dengan dividend payout ratio sebesar 20,26% dari laba bersih Bank Mandiri pada semester I 2026. Sementara itu, saham BMRI pada perdagangan Senin (7/9/2026) ditutup di level Rp4.390 per saham. Berdasarkan harga tersebut, dividen interim Rp66 per saham menghasilkan dividend yield sekitar 1,50%. Cum date dividen untuk pasar reguler dan negosiasi ditetapkan pada 15 September 2026. Adapun pembayaran dividen dijadwalkan pada 2 Oktober 2026. Baca juga: Modal Asing Serbu RI, Masuk Rp 1,9 Triliun di Agustus 2026 Rekomendasi Saham Hari Ini BFIN - Buy 1005-1015 | TP 1025-1035 | SL 950 [Gambas:Produk Investasi by Investasiku] MDIA - Buy 244-248 | TP 256-264 | SL 232 [Gambas:Produk Investasi by Investasiku] TINS - Buy 4450-4470 | TP 4530-4600 | SL 4220 [Gambas:Produk Investasi by Investasiku] SMDR - Buy 356-360 | TP 366-370 | SL 334 [Gambas:Produk Investasi by Investasiku] BTPS - Buy 1045-1055 | TP 1070-1085 | SL 1000 [Gambas:Produk Investasi by Investasiku] Disclaimer: Ingat, bahwa segala analisis dan rekomendasi saham dalam artikel ini bersifat informatif sekaligus bukan merupakan ajakan untuk membeli atau menjual saham tertentu. (ang/ang) Tautan telah disalin saham rekomendasi saham ihsg pasar modal"
17 Perjalanan KRL Dibatalkan Imbas Perawatan Armada Buatan INKA,https://finance.detik.com/berita-ekonomi-bisnis/d-8653186/17-perjalanan-krl-dibatalkan-imbas-perawatan-armada-buatan-inka,"Jakarta - Penyesuaian jadwal Commuter Line Jabodetabek telah dilakukan sejak Senin kemarin, sehingga beberapa perjalanan di lintas Jakarta-Kota dikurangi. Perawatan rangkaian KRL menjadi alasan utamanya. Belakangan diketahui, ternyata rangkaian KRL yang melakukan perawatan besar adalah rangkaian yang diproduksi PT INKA seri iE305. PT INKA melakukan General Check Up terhadap rangkaian KRL yang baru beroperasi sejak akhir Desember 2025 lalu. Pemeriksaan ini dilakukan untuk memastikan seluruh komponen bekerja dengan baik, termasuk sistem bogie, sistem propulsi, serta seluruh komponen yang berkaitan dengan aspek keselamatan perjalanan. SCROLL TO CONTINUE WITH CONTENT ""Sejak awal proses ini berlangsung, tim engineering dan quality assurance kami sudah terjun langsung bersama tim KAI Commuter untuk memastikan setiap komponen, termasuk bogie dan sistem propulsi, berfungsi optimal,"" tutur Senior Manager Corporate Communication and Representative Office INKA, Nanang Agung Rohmandiyas dalam keterangan pers bersama KAI Commuter, Selasa (8/9/2026). Baca juga: 17 Perjalanan KRL Dibatalkan, Ini Alasannya ADVERTISEMENT Sebagai bagian dari proses General Check Up ini, INKA akan terus berkoordinasi dengan KAI Commuter untuk memastikan seluruh rangkaian yang diproduksi memenuhi standar keselamatan dan kenyamanan bagi pengguna. Di sisi lain, VP Corporate Secretary KAI Commuter Karina Amanda menyampaikan penyesuaian jadwal perjalanan ini dilakukan dengan menyesuaikan jumlah sarana yang dioperasikan. Dilakukan pada pagi dan sore hari dan bersifat sementara. Sebanyak 17 perjalanan Commuter Line yang dilakukan penyesuaian pada pemberangkatan pagi hari, sore dan malam hari. Jadwal pembatalan 7 perjalanan dari Bogor/Cilebut/Depok menuju Manggarai/Jakarta Kota dan 5 perjalanan dari Jakarta Kota menuju Bogor pada pagi hari, serta terdapat 2 perjalanan dari Manggarai menuju Bogor dan 3 perjalanan dari Bogor pada sore hari. ""Saat ini kami melakukan proses perawatan rangkaian sarana KRL yang ada secara intensif, demi keselamatan dan keamanan perjalanan,"" kata Karina. Dengan adanya penyesuaian jadwal keberangkatan tersebut, KAI Commuter hanya mengoperasikan sebanyak 1.048 perjalanan di seluruh lintas Commuter Line Jabodetabek sebelumnya sebanyak 1.065 perjalanan setiap harinya. ""Kami memahami pasti akan ada ketidaknyamanan bagi para pengguna Commuter Line selama proses perawatan ini. Kami mohon maaf atas ketidaknyamanan yang ditimbulkan,"" ujar Karina. Dia juga menegaskan bahwa KAI Commuter akan terus menginfokan secara berkala terkait jadwal dan operasional Commuter Line melalui pengumuman informasi di Stasiun, di atas kereta, aplikasi C-Access, maupun melalui kanal media sosial resmi KAI Commuter. Saksikan Live DetikPagi : (hal/ara) ... Tautan telah disalin krl inka commuter line perawatan krl"
"Transisi Bisnis, TBS Energi (TOBA) Jadi Saham Hijau Pertama BEI",https://finance.detik.com/bursa-dan-valas/d-8653180/transisi-bisnis-tbs-energi-toba-jadi-saham-hijau-pertama-bei,"Jakarta - PT TBS Energi Utama Tbk (TOBA) menjadi perusahaan pertama di Indonesia yang memperoleh Penetapan Saham Hijau Transisi (Green Equity Transition) dari Bursa Efek Indonesia (BEI). Kategori ini diberikan kepada perusahaan tercatat yang bisnisnya secara terukur bergerak menuju ekonomi rendah karbon, dengan menilai pendapatan dan alokasi investasi perusahaan pada kegiatan hijau yang telah dikomitmenkan. Penetapan berlaku efektif sejak 28 Agustus 2026, pada peluncuran perdana IDX Green Equity Designation yang melibatkan tiga perusahaan tercatat. TBS menjadi satu-satunya perusahaan yang ditetapkan pada kategori transisi. ""Bagi kami, penetapan ini bukanlah garis akhir, melainkan satu tonggak lagi dalam transformasi yang masih kami jalani. Kami mengapresiasi inisiatif BEI menghadirkan penetapan ini, yang memberi investor gambaran terukur dan telah direviu secara independen mengenai sejauh mana bisnis kami sudah bertransisi. Penetapan ini menetapkan standar yang harus kami jaga setiap tahun, dan kami berharap penetapan ini mempertemukan kami dengan investor yang memang mencari perusahaan seperti kami,"" kata Direktur Utama dan Chief Executive Officer TBS, Dicky Yordan dalam keterangan tertulis, Selasa (8/9/2026). SCROLL TO CONTINUE WITH CONTENT Baca juga: IHSG Melemah Tipis, Cek Rekomendasi Saham Hari Ini Kerangka penetapan bertumpu pada lima pilar yang diadaptasi dari Green Equity Principles milik World Federation of Exchanges (WFE), yaitu kontribusi finansial, keselarasan taksonomi, tata kelola, penilaian berkala, dan keterbukaan informasi kepada publik. Perusahaan harus menunjukkan bahwa lebih dari separuh pendapatan tahunannya, atau lebih dari separuh belanja operasional dan belanja modalnya, berada pada kegiatan hijau atau transisi sebagaimana didefinisikan dalam TKBI. ADVERTISEMENT Setiap penetapan dievaluasi setiap tahun oleh penyedia reviu eksternal yang diakui, dan BEI dapat mengubah atau mencabutnya. Penetapan ini dinilai berdasarkan laporan keuangan tahunan TBS yang telah diaudit untuk tahun buku 2025 (FY2025), ketika bisnis infrastruktur berkelanjutan (non-batu bara) masih menyumbang 47% dari pendapatan konsolidasi. Bauran pendapatan inilah yang menempatkan TBS pada kategori transisi. ""IDX Green Equity Designation merupakan milestone penting dalam membangun pasar modal Indonesia yang semakin transparan, kredibel, dan berorientasi pada keberlanjutan. Kami mengapresiasi partisipasi perusahaan-perusahaan yang memperoleh penetapan perdana ini, termasuk TBS, serta komitmen mereka untuk menjalani proses reviu independen sejak awal. Kami berharap penetapan ini mendorong semakin banyak Perusahaan Tercatat untuk memperkuat praktik keberlanjutannya dan memberikan informasi yang lebih kredibel bagi investor,"" kata Direktur Pengembangan Usaha BEI, Iding Pardi. TBS direviu oleh S&P Global Ratings, yang menilai 92% komitmen belanja modal Perseroan untuk periode 2025 hingga 2030 sebagai kegiatan hijau, tanpa alokasi untuk batu bara, jauh di atas ambang batas yang disyaratkan BEI. Dalam Climate Transition Assessment, S&P Global Ratings menyatakan TBS menonjol di antara perusahaan sejenis di Indonesia karena ambisi posisinya, dengan menyebut target waktu tercepat untuk mencapai netralitas karbon pada 2030 dan pengalihan modal ke kegiatan non-batu bara. Baca juga: Rugi TBS Energi Rp 165 Miliar, Turun 83% Meskipun bisnis infrastruktur berkelanjutan menyumbang kurang dari separuh pendapatan konsolidasi pada FY2025, porsinya melonjak pada semester I-2026 menjadi 66,5% dari pendapatan konsolidasi TBS, lebih dari dua kali lipat kontribusi batu bara yang sebesar 31,4%, membalikkan bauran yang setahun sebelumnya masih didominasi batu bara. Pengelolaan limbah menyumbang 61,2% pendapatan dan 92% EBITDA konsolidasi. Pendapatan dari ekosistem kendaraan listrik hampir tiga kali lipat secara tahunan. Laba kotor konsolidasi lebih dari dua kali lipat menjadi US$28,2 juta, dan arus kas operasi berbalik positif menjadi US$14,6 juta dari negatif US$31,6 juta pada periode yang sama tahun sebelumnya. Penetapan saham berbasis hijau masih merupakan praktik yang terus berkembang di tingkat global. Nasdaq memperkenalkan penetapan pertama dari jenis ini di pasar Nordik pada 2021. WFE menerbitkan Green Equity Principles pada 2023 sebagai kerangka global pertama untuk menetapkan saham tercatat sebagai saham hijau, dan sejak itu diadopsi oleh sejumlah bursa: B3 di Brasil pada 2024, kemudian Bursa Efek Filipina, dan kini BEI. Saat ini kurang dari 20 perusahaan tercatat di dunia yang memiliki penetapan tersebut, terkonsentrasi pada sektor teknologi bersih, utilitas, dan properti, sehingga menempatkan TBS dalam kelompok kecil secara global. BEI menegaskan bahwa IDX Green Equity Designation bukan merupakan pemeringkatan, rekomendasi investasi, maupun jaminan atas kinerja keuangan, tingkat pengembalian, atau risiko investasi suatu saham. (ara/ara) ... Tautan telah disalin tbs energi saham hijau bursa efek indonesia"
Kemenhub Ungkap Biang Kerok Kemacetan Panjang Pelabuhan Ketapang,https://finance.detik.com/berita-ekonomi-bisnis/d-8653167/kemenhub-ungkap-biang-kerok-kemacetan-panjang-pelabuhan-ketapang,"Jakarta - Penanganan insentif terus dilakukan untuk mengurai kepadatan kendaraan di jalur akses menuju Pelabuhan Penyeberangan Ketapang, Banyuwangi. Kemacetan panjang diklaim mulai berkurang. Kepala KSOP Kelas III Tanjung Wangi Purgana, menyampaikan meskipun antrean mulai terurai, sejumlah dinamika di lapangan masih mempengaruhi kelancaran arus kendaraan. Kepadatan terutama dipengaruhi oleh tingginya volume kendaraan logistik menuju Gilimanuk, perbaikan salah satu dermaga di Pelabuhan Gilimanuk, serta belum optimalnya kapasitas angkut karena satu dari empat kapal Atosim Lampung Pelayaran (ALP) masih menjalani perawatan (docking). ""Selain faktor kapasitas kapal dan perbaikan dermaga, terdapat kendala operasional berupa keterbatasan kapasitas Kantong Parkir/RTK ALP yang dikelola BUMDes, yang hanya mampu menampung sekitar 85 unit kendaraan. Kondisi tersebut menyebabkan sebagian truk terpaksa parkir di bahu jalan. Kami juga mencatat adanya kendala pada mekanisme ticketing melalui jasa pengurus truk,"" papar Purgana. SCROLL TO CONTINUE WITH CONTENT Baca juga: Jalur Ketapang-Gilimanuk Diserbu Kendaraan, Antrean Sempat Tembus Belasan Km Berdasarkan hasil pemantauan pada Senin sore kemarin pukul 16.00 WIB, panjang antrean kendaraan logistik terpantau sekitar 2,5 kilometer (km) dari Pelabuhan Ketapang, dengan titik akhir antrean berada di depan Terminal Sritanjung. Kondisi tersebut menunjukkan penurunan yang signifikan dibandingkan Minggu malam ketika panjang antrean sempat mencapai sekitar 9,4 km. ADVERTISEMENT Dalam menangani kondisi tersebut, KSOP Kelas III Tanjung Wangi terus memperkuat koordinasi bersama Balai Pengelola Transportasi Darat (BPTD), PT ASDP Indonesia Ferry, operator kapal, serta pemangku kepentingan terkait. Dari sisi kepelabuhanan dan keselamatan pelayaran, langkah yang dilakukan antara lain melalui optimalisasi operasional kapal, pengawasan kelaiklautan kapal, pengaturan pola sandar sesuai kondisi operasional, serta memastikan pelayanan penerbitan Surat Persetujuan Berlayar (SPB) berjalan sesuai ketentuan. Guna meningkatkan kapasitas angkut, telah disiapkan tambahan kapal untuk mendukung pelayanan penyeberangan, yaitu KMP Jatra I yang dijadwalkan tiba pada Selasa pukul 02.00 WIB, disusul KMP Port Link pada pukul 07.30 WIB. Baca juga: Penyeberangan Merak-Bakauheni Tak Terdampak Erupsi Anak Krakatau Selain optimalisasi kapal, pada Selasa, 8 September 2026 direncanakan akan dilakukan survei bathimetri di sekitar Dermaga Bulusan untuk mengetahui kondisi kedalaman perairan dan posisi dolphin yang jatuh. Hasil survei tersebut akan menjadi bahan evaluasi keselamatan untuk mendukung rencana penggunaan Dermaga Bulusan sebagai lokasi sandar KMP Port Link 7. ""Rencana penambahan kapal dan optimalisasi fasilitas sandar diharapkan dapat meningkatkan kapasitas angkut sekaligus membantu mempercepat penguraian antrean. Namun, seluruh langkah operasional tetap harus memenuhi aspek keselamatan dan keamanan pelayaran,"" ujar Purgana. Pihaknya juga mengimbau seluruh pengemudi truk logistik dan pengguna jasa penyeberangan untuk tetap tertib, mengikuti arahan petugas, dan tidak menyerobot jalur agar proses penguraian antrean dapat berjalan lebih cepat dan lancar. ""Kami terus melakukan pemantauan dan berkoordinasi secara intensif dengan seluruh pemangku kepentingan guna memastikan kelancaran pelayanan serta keselamatan pelayaran di lintas Ketapang-Gilimanuk,"" tutup Purgana. Saksikan Live DetikPagi : (hal/ara) ... Tautan telah disalin kemenhub kemacetan pelabuhan ketapang"
Bandara Soetta-Husein Siap Beroperasi Lagi Usai Dibuka,https://finance.detik.com/berita-ekonomi-bisnis/d-8653139/bandara-soetta-husein-siap-beroperasi-lagi-usai-dibuka,"Jakarta - InJourney Airports menjamin kesiapan operasional tiga bandara besar yang dibuka lagi usai paparan abu vulkanik erupsi Gunung Anak Krakatau. Bandara Soekarno-Hatta, Bandara Halim Perdanakusuma, dan Bandara Husein Sastranegara telah siap digunakan untuk lepas landas dan mendarat. Sebagai operator, InJourney telah membersihkan abu vulkanik di seluruh sisi landasan udara (air side) yakni area apron, taxiway, dan juga runway. Uji kekesatan di runway juga sudah dilakukan dan menunjukkan fasilitas tersebut memenuhi standar serta persyaratan untuk melayani operasional penerbangan. ""Fasilitas sisi udara (air side) dan sisi darat (land side) ketiga bandara siap kembali melayani penerbangan. Seluruh personel operasi dan layanan bandara juga dipastikan siap,"" kata Corporate Secretary Group Head InJourney Airports Arie Ahsanurrohim dalam keterangannya, Selasa (8/9/2026). SCROLL TO CONTINUE WITH CONTENT Baca juga: Bandara Soetta-Husein Dibuka Lagi, Radin Inten Masih Ditutup Sesuai NOTAM dari AirNav Indonesia, status resumed operations atau operasi kembali untuk Bandara Soekarno-Hatta Tangerang telah diberikan pada 8 September 2026 mulai pukul 00.30 WIB. Kemudian status resumed operations yang sama untuk Bandara Halim Perdanakusuma diberikan pada 8 September 2026 mulai pukul 00.40 WIB, dan status resumed operations pada Bandara Husein Sastranegara diberikan 8 September 2026 mulai pukul 00.42 WIB. ADVERTISEMENT General Manager Bandara Soekarno-Hatta Heru Karyadi menambahkan pembukaan kembali operasional Bandara Soekarno-Hatta dilakukan secara bertahap dengan tetap mengutamakan aspek keselamatan, termasuk melalui penerapan Air Traffic Flow Management (ATFM) sebagai bagian dari strategi pengendalian arus lalu lintas penerbangan pada fase awal pemulihan. ""Pada fase awal recovery , pengendalian penerbangan dilakukan secara bertahap dan terukur melalui penerapan ATFM. Pengaturan ini diperlukan agar arus keberangkatan dan kedatangan dapat kembali berjalan dengan aman dan tertib, sekaligus memungkinkan kapasitas operasional bandara dipulihkan secara bertahap,"" ujar Heru Karyadi dalam keterangan yang sama. Baca juga: 3 Bandara Masih Ditutup hingga Pukul 10.00 WIB, Ini Daftarnya Lebih lanjut, pengaturan arus penerbangan pada fase awal pemulihan mempertimbangkan kondisi operasional di lapangan, termasuk kebutuhan untuk mempercepat keberangkatan pesawat yang sebelumnya terdampak serta mengembalikan kapasitas apron secara bertahap. Bandara Soekarno-Hatta juga telah berkoordinasi dengan seluruh operator transportasi publik untuk memastikan ketersediaan armada untuk mendukung mobilitas dari dan ke Bandara Soekarno-Hatta. ""Calon penumpang diimbau untuk senantiasa memantau dan memastikan status serta jadwal penerbangannya melalui kanal resmi maskapai masing-masing sebelum berangkat menuju bandara tujuan, mengingat adanya penyesuaian jadwal penerbangan,"" ujar Heru. (hal/ara) ... Tautan telah disalin bandara soekarno-hatta bandara husein sastranegara bandara halim perdanakusuma"
"Pinjaman Online Warga RI Makin Banyak, Tembus Rp 105 Triliun",https://finance.detik.com/moneter/d-8653044/pinjaman-online-warga-ri-makin-banyak-tembus-rp-105-triliun,"Jakarta - Otoritas Jasa Keuangan (OJK) mencatat total utang masyarakat Indonesia pada layanan Peer to Peer (P2P) Lending atau pinjaman online (pinjol) mencapai Rp 105,63 triliun pada Juli 2026. Kepala Eksekutif Pengawas Lembaga Pembiayaan, Perusahaan Modal Ventura, Lembaga Keuangan Mikro dan Lembaga Jasa Keuangan Lainnya OJK, Agusman mengatakan jumlah tersebut meningkat 24,76% secara tahunan (year-on-year/yoy). ""Pada industri pinjaman daring atau pindar, outstanding pembiayaan pada Juli 2026 tumbuh 24,76% year-on-year dengan nominal sebesar Rp 105,63 triliun,"" terang Agusman dalam konferensi pers RDKB Agustus secara online, Senin (7/9/2026). SCROLL TO CONTINUE WITH CONTENT Agusman menjelaskan tingkat risiko kredit macet secara agregat atau TWP90 fintech P2P lending pada Juli 2026 berada di posisi 4,32%. Angka ini juga meningkat jika dibandingkan dengan bulan sebelumnya, yakni 4,26%. ""Tingkat risiko kredit macet secara agregat atau TWP90 tercatat di posisi 4,32%"" terang Agusman. ADVERTISEMENT Pada industri pergadaian, Agusman menyampaikan penyaluran pembiayaan pada Juli 2026 tumbuh sebesar 50,73% year-on-year menjadi Rp 160,78 triliun, dengan pembiayaan terbesar disalurkan dalam bentuk produk gadai yaitu sebesar Rp 136,39 triliun atau 84,83% dari total pembiayaan. OJK telah memberikan persetujuan peningkatan lingkup wilayah usaha menjadi nasional kepada dua perusahaan pergadaian, yaitu PT Pusat Gadai Indonesia dan PT Raja Gadai Indonesia. ""Dengan demikian, saat ini terdapat 5 perusahaan pergadaian dengan lingkup wilayah usaha nasional,"" tutur Agusman. (hrp/hns) ... Tautan telah disalin p2p lending pinjaman online utang masyarakat ojk risiko kredit industri keuangan pembiayaan gadai pertumbuhan ekonomi fintech"
"3 Bandara Masih Ditutup hingga Pukul 10.00 WIB, Ini Daftarnya",https://finance.detik.com/berita-ekonomi-bisnis/d-8653127/3-bandara-masih-ditutup-hingga-pukul-10-00-wib-ini-daftarnya,"Daftar Isi Detail Status Operasional Bandara Jakarta - AirNav Indonesia mengumumkan masih ada tiga bandara yang operasinya ditutup imbas sebaran abu vulkanik. Ketiga bandara tersebut adalah Bandara Radin Inten II Lampung, Bandara Muhammad Taufiq Kiemas Lampung, dan Bandara Salakanagara Tanjung Lesung. Penutupan bandara dilakukan hingga pukul 10.00 WIB pagi ini berdasarkan pembaruan informasi aeronautika yang diterbitkan AirNav Indonesia melalui NOTAM terbaru. Penerbitan NOTAM tersebut mengacu pada perubahan kondisi sebaran abu yang berdampak terhadap operasional penerbangan, sehingga berdasarkan evaluasi keselamatan dan informasi aeronautika terbaru, sejumlah bandar udara dapat kembali beroperasi. ""Selain itu, perkembangan kondisi di lapangan juga menjadi bagian dari pemantauan, antara lain dengan memerhatikan hasil paper test volcanic ash yang dilakukan secara berkala pada 7 September 2026 di lokasi bandara-bandara terdampak,"" tulis AirNav dalam keterangan resminya, Selasa (8/9/2026). SCROLL TO CONTINUE WITH CONTENT Baca juga: Bandara Soetta-Husein Dibuka Lagi, Radin Inten Masih Ditutup Sementara itu, sudah ada enam bandara lainnya yang kembali dibuka sejak tengah malam setelah sempat ikut ditutup imbas abu vulkanik sejak hari Minggu kemarin, termasuk Bandara Soekarno-Hatta yang menjadi bandara tersibuk di Indonesia. ADVERTISEMENT Detail Status Operasional Bandara 1. Bandar Udara Internasional Soekarno-Hatta (WIII) kembali berstatus OPEN AND RESUMED OPERATIONS berdasarkan NOTAM A3395/26 NOTAMR A3387/26, mulai pukul 00.30 WIB pada 8 September 2026. NOTAM tersebut juga mengingatkan bahwa awan abu vulkanik Gunung Anak Krakatau masih persisten di dalam FIR dan pilot diminta berhati-hati selama proses kedatangan dan keberangkatan. 2. Bandar Udara Halim Perdanakusuma (WIHH) kembali berstatus OPEN berdasarkan NOTAM A3396/26 NOTAMR A3386/26, mulai pukul 00.40 WIB pada 8 September 2026. 3. Bandar Udara Husein Sastranegara (WICC), Bandung, kembali berstatus OPEN berdasarkan NOTAM C1123/26 NOTAMR C1116/26, mulai pukul 00.42 WIB pada 8 September 2026. 4. Bandar Udara Budiarto (WIRR), Tangerang, kembali berstatus OPEN berdasarkan NOTAM C1126/26 NOTAMR C1115/26, mulai pukul 01.25 WIB pada 8 September 2026. 5. Bandar Udara Pondok Cabe (WIHP), Tangerang Selatan, kembali berstatus OPEN berdasarkan NOTAM C1127/26 NOTAMR C1118/26, mulai pukul 01.28 WIB pada 8 September 2026. 6. Bandar Udara Pagar Alam/Atung Bungsu (WIPY), Pagar Alam, telah lebih dahulu kembali berstatus OPEN berdasarkan NOTAM C1107/26 NOTAMC C1105/26, mulai pukul 08.12 WIB pada 7 September 2026. 7. Bandar Udara Radin Inten II (WILL), Lampung, masih berstatus CLOSED hingga estimasi pukul 10.00 WIB pada 8 September 2026. 8. Bandar Udara Muhammad Taufiq Kiemas (WILP), masih berstatus CLOSED hingga estimasi pukul 10.00 WIB pada 8 September 2026. 9. Bandar Udara Salakanagara Tanjung Lesung (WIHI), Pandeglang, masih berstatus CLOSED hingga estimasi pukul 10.00 WIB pada 8 September 2026. (hal/ara) ... Tautan telah disalin bandara ditutup abu vulkanik airnav indonesia penerbangan keselamatan penerbangan gunung anak krakatau"
"Selain Inovasi, Bank Wajib Perkuat Tata Kelola Perusahaan",https://finance.detik.com/moneter/d-8651299/selain-inovasi-bank-wajib-perkuat-tata-kelola-perusahaan,"Jakarta - Selain berinovasi, perbankan saat ini juga diwajibkan untuk memperkuat tata kelola perusahaan dan membangun komunikasi yang transparan serta konstruktif dengan para pemangku kepentingan. Direktur Utama Bank Jakarta Agus H Widodo mengungkapkan hal ini perlu dilakukan oleh bank untuk mendukung pencapaian tujuan strategis perusahaan. ""Kami akan terus menjaga dan meningkatkan standar tata kelola sebagai fondasi dalam menghadirkan kinerja yang berkelanjutan dan memberikan nilai tambah bagi masyarakat serta seluruh pemangku kepentingan,"" kata Agus dalam keterangannya ditulis Minggu (6/9/2026). SCROLL TO CONTINUE WITH CONTENT Sekretaris Perusahaan Bank Jakarta, Arie Rinaldi menyampaikan Bank Jakarta memiliki upaya untuk memperkuat peran Corporate Secretary sebagai bagian penting dalam mendukung tata kelola perusahaan, komunikasi korporasi, serta hubungan dengan para pemangku kepentingan. ""Penghargaan ini menjadi apresiasi bagi seluruh insan Bank Jakarta yang terus berkomitmen memperkuat fungsi Corporate. Secretary secara profesional, adaptif, dan inovatif. Kami akan terus meningkatkan kualitas tata kelola dan komunikasi perusahaan guna mendukung pencapaian tujuan strategis Bank Jakarta serta memberikan nilai tambah bagi seluruh pemangku kepentingan,"" tutur Arie. ADVERTISEMENT Sejalan dengan hal tersebut, Arie menambahkan bahwa fungsi Corporate Secretary memiliki peran strategis dalam memastikan komunikasi dan koordinasi perusahaan dengan berbagai pemangku kepentingan berjalan secara efektif, transparan, dan sesuai dengan prinsip tata kelola yang baik. ""Ke depan, kami akan terus mengembangkan peran Corporate Secretary agar semakin responsif terhadap dinamika bisnis dan kebutuhan pemangku kepentingan, sejalan dengan transformasi Bank Jakarta sebagai bank pembangunan daerah yang semakin kompetitif dan berorientasi pada pertumbuhan berkelanjutan,"" ujar Arie. Komitmen Bank Jakarta dalam memperkuat tata kelola dan fungsi kesekretariatan perusahaan kembali memperoleh apresiasi melalui ajang Corporate Secretary Champion 2026 yang diselenggarakan oleh SWA. Dalam ajang tersebut, Bank Jakarta berhasil meraih penghargaan Corporate Secretary Champion 2026 atas penerapan fungsi Corporate Secretary yang mendukung penguatan tata kelola dan komunikasi korporasi. Penghargaan Corporate Secretary Champion 2026 menambah deretan apresiasi yang diterima Bank Jakarta atas penguatan fungsi Corporate Secretary dan tata kelola perusahaan. Pencapaian tersebut menjadi bagian dari komitmen Bank Jakarta untuk terus meningkatkan kualitas tata kelola, komunikasi korporasi, serta pengelolaan hubungan dengan pemangku kepentingan secara profesional dan berkelanjutan. (kil/kil) ... Tautan telah disalin inovasi perbankan transformasi bank"
Kapal Eks KRI Ki Hajar Dewantara Bakal Dilelang Rp 370 M,https://finance.detik.com/berita-ekonomi-bisnis/d-8653432/kapal-eks-kri-ki-hajar-dewantara-bakal-dilelang-rp-370-m,"Jakarta - Dewan Perwakilan Rakyat (DPR) menyetujui permohonan pemindahtanganan barang milik negara (BMN) yang diajukan oleh pemerintah melalui mekanisme penjualan secara lelang. Aset negara yang akan dilelang tersebut berupa satu unit kapal eks-KRI Ki Hajar Dewantara dengan nomor lambung 364. Persetujuan ini disampaikan langsung oleh Ketua Komisi I DPR RI, Utut Adianto, dalam rapat paripurna DPR ke-5 masa persidangan I tahun sidang 2026-2027 setelah melalui proses pembahasan bersama pihak pemerintah. ""Komisi I DPR RI menyetujui permohonan persetujuan pemindahtanganan barang milik negara melalui mekanisme penjualan secara lelang berupa satu unit kapal eks-KRI Ki Hajar Dewantara 364 pada Kementerian Pertahanan TNI Angkatan Laut sebagaimana disampaikan surat Bapak Presiden di awal,"" ujar Utut. SCROLL TO CONTINUE WITH CONTENT Baca juga: Dari Rp 2,41 T Jadi Rp 8,51 T, Mengintip Pertumbuhan Pupuk Indonesia Utut membeberkan spesifikasi teknis serta latar belakang dari kapal perang legendaris tersebut. Kapal jenis korvet ini merupakan buatan galangan kapal di Split, Yugoslavia yang kini wilayahnya masuk ke Kroasia di tepi Laut Adriatik. ADVERTISEMENT Kapal perang tersebut dibuat pada tahun 1979 dengan dimensi panjang 96,7 meter dan lebar 11,2 meter. Adapun nilai perolehan untuk kapal tersebut mencapai Rp 370.620.353.400. ""Ini kapalnya, Ki Hajar Dewantara nomor lambung 364, asal pembuatan Yugoslavia. Dari galangan kapal di Split. Nilainya Rp 370 (miliar),"" tambah ia. Adapun proses penjualan aset negara ini didasarkan pada amanat Undang-Undang Nomor 1 Tahun 2004 tentang Perbendaharaan Negara. Regulasi tersebut mewajibkan setiap penjualan barang milik negara yang nilainya melebihi Rp 100 miliar untuk wajib memperoleh persetujuan dari DPR RI. Setelah mendengarkan laporan lengkap dari Komisi I, Wakil Ketua DPR Sufmi Dasco mengetok palu persetujuan setelah para peserta sidang menyatakan setuju atas permohonan tersebut. Lihat juga Video: Canopus-936, Kapal Perang Baru Indonesia dari Jerman [Gambas:Video 20detik] (acd/acd) ... Tautan telah disalin pemindahtanganan bmn dpr ri lelang kapal"
"Ekonomi Tumbuh 5,29%, Apa Dampaknya ke Warga RI?",https://finance.detik.com/moneter/d-8650625/ekonomi-tumbuh-5-29-apa-dampaknya-ke-warga-ri,"Jakarta - Badan Pusat Statistik (BPS) mencatat pertumbuhan ekonomi Indonesia pada kuartal II-2026 sebesar 5,29%. Pertumbuhan ekonomi ini melanjutkan capaian pada kuartal I-2026, di mana ekonomi Indonesia tumbuh sebesar 5,6%. Lantas apa artinya pertumbuhan ekonomi terhadap keuangan masyarakat? Direktur Jenderal Stabilitas dan Pengembangan Sektor Keuangan (SPSK) Kementerian Keuangan (Kemenkeu), Herman Saheruddin, menjelaskan pertumbuhan perekonomian mencerminkan daya beli masyarakat yang masih terjaga. Hal tersebut tercermin dari aktivitas transaksi sederhana seperti pembelian makanan. ""Saat ini ekonomi yang baik itu ekonomi yang apa? Ekonomi yang tumbuh. Kalau nggak tumbuh kan namanya apa? Stunting gitu ya. Nah, kalau ekonomi yang baik itu adalah ekonomi yang tumbuh. Kalau besok kita masih bisa beli makanan, itu artinya lebih baik,"" ungkap Herman dalam acara Lampung Financial Festival, Minggu (6/9/2026). SCROLL TO CONTINUE WITH CONTENT Baca juga: Transformasi Industri Pupuk RI: Dari Produktivitas ke Keberlanjutan Menurut Herman, pertumbuhan ekonomi juga sama halnya dengan kenaikan uang yang dimiliki masyarakat. Rata-rata pertumbuhan ekonomi sebesar 5%, setara dengan bertambahnya uang masyarakat. ADVERTISEMENT ""Kalau rata-rata ekonomi kita tumbuh 5%. 5% itu masih gini, kalau teman-teman sekarang punya uang Rp 100, Rp 100 rupiah atau Rp 1.000 lah gambarnya ya, berarti 1 tahun kemudian uangnya nambah 5%. Berarti berapa? Nambah Rp 50. Nah, kalau teman-teman punya uang Rp 1 juta, Rp 10 juta, Rp 100 miliar, Rp 1 triliun, amin. Nah, itu artinya 1 tahun kemudian uangnya nambah 5%,"" terangnya. Herman menambahkan, rata-rata pertumbuhan ekonomi Indonesia saat ini masih lebih tinggi dibandingkan dua dekade terakhir, meski berada di tengah berbagai tekanan global. Menurutnya, capaian tersebut menunjukkan peran pemerintah dan regulator dalam menjaga stabilitas perekonomian. ""Meskipun misalnya terjadi perang di Timur Tengah gitu ya, sebelumnya adik-adik kan juga pernah waktu mungkin SMA yang sekarang perguruan tinggi kan, sudah ngalamin kemarin apa? COVID-19 gitu ya. Indonesia juga masih bisa kembali tumbuh di atas 5%. Nah inilah kehadiran dari pemerintah bersama regulator, untuk bersama-sama dengan industri dan teman-teman semua nih, jagain ekonomi kita biar tetap bisa tumbuh terus,"" pungkasnya. (acd/acd) ... Tautan telah disalin pertumbuhan ekonomi badan pusat statistik daya beli masyarakat kementerian keuangan stabilitas perekonomian"
Airlangga Sebut Bencana Bikin Ekonomi Kontraksi di Daerah Terdampak,https://finance.detik.com/berita-ekonomi-bisnis/d-8653351/airlangga-sebut-bencana-bikin-ekonomi-kontraksi-di-daerah-terdampak,"Jakarta - Sederet bencana alam melanda Indonesia dalam beberapa waktu terakhir, mulai dari banjir bandang, gempa bumi, hingga erupsi gunung berapi di beberapa daerah. Belum lagi urusan kebakaran hutan dan lahan (karhutla) juga belum selesai sepenuhnya penanganannya. Lantas apakah deretan bencana ini dapat memperlambat pertumbuhan ekonomi di Indonesia? Menteri Koordinator Bidang Perekonomian Airlangga Hartarto mengatakan tentu saja perlambatan ekonomi bisa terjadi di daerah-daerah yang terdampak bencana saja, tidak secara nasional. Sejauh ini pemerintah masih memonitor sebesar apa dampaknya dan apa saja yang bisa langsung diperbaiki untuk mempercepat pemulihan. SCROLL TO CONTINUE WITH CONTENT ""Ya pertama tentu di daerah yang terdampak pasti terjadi kontraksi dan kami masih monitor program-program apa yang terkena dan di berbagai provinsi tersebut,"" ujar Airlangga di Kompleks Istana Kepresidenan, Jakarta Pusat, Selasa (8/9/2026). Baca juga: Purbaya Siap Gelontorkan Dana Bencana, Minta Hitungan Jangan Ngaco! ADVERTISEMENT Airlangga juga mengatakan pemerintah mulai memantau dampak erupsi beberapa gunung berapi terhadap aktivitas masyarakat yang berkurang. ""Sekarang juga kami sedang monitor akibat daripada letusan 5-6 gunung di Indonesia ini terutama untuk aktivitas masyarakat yang sangat berkurang,"" ujar Airlangga. Dari segi logistik, Airlangga juga mengatakan pasti ada dampak ekonomi dan kerugian yang terjadi apalagi ada beberapa bandara besar yang mesti ditutup imbas abu vulkanik gunung berapi. Namun ketika ditanya berapa nominalnya, dia bilang pemerintah masih menghitungnya. ""Logistik sudah pasti di sektor penerbangan sudah terjadi gangguan karena sektor penerbangan kan juga ada kaitannya dengan kargo,"" ujar Airlangga. ""Sudah ada tapi kita monitor karena kita masih monitor berapa lama ini harus ditutup,"" katanya ketika ditanya apakah ada nominal kerugian. Baca juga: Menhub Jamin Maskapai Refund Tiket Pesawat 100% Imbas Abu Vulkanik Di sisi lain, Menteri Keuangan Purbaya Yudhi Sadewa sedikit optimistis dampak bencana, khususnya dampak erupsi Gunung Anak Krakatau tidak akan memperlambat perekonomian.Namun, dia mengakui dampak bencana kemungkinan cukup besar di Sumatera yang terkena banjir bandang dan NTT yang terkena gempa. ""Belum (memicu perlambatan ekonomi). Harusnya sih nggak terlalu signifikan ya kalau hanya beberapa hari. Kalau hanya beberapa hari bencana saja dan debunya kan nggak tebel-tebel amat kan ya? Kita lihat ke depan seperti apa,"" papar Purbaya di tempat yang sama. ""Kalau saya lihat secara kasar sih harusnya dampaknya nggak sebesar di Provinsi Sumatera Utara, Aceh, Sumatera Barat kemarin atau di NTT kemarin ya,"" lanjutnya. Simak juga Video: Rencana Mensos soal Dana Darurat Bantu Warga Terdampak Bencana [Gambas:Video 20detik] (hal/ara) ... Tautan telah disalin erupsi gunung berapi bencana alam ekonomi indonesia kontraksi ekonomi airlangga hartarto"
"Putri Mahkota Swedia Datangi Lombok, Ada Apa?",https://finance.detik.com/berita-ekonomi-bisnis/d-8653345/putri-mahkota-swedia-datangi-lombok-ada-apa,"Jakarta - Putri Mahkota Victoria Ingrid Alice Desiree berkunjung ke Nusa Tenggara Barat (NTB). Pewaris takhta Kerajaan Swedia itu berada di NTB selama empat hari, 5-8 September 2026. Gubernur NTB Lalu Muhammad Iqbal menyampaikan bahwa kedatangan Victoria bukan hanya sebagai calon penerus Raja Carl XVI Gustaf, tetapi juga sebagai Goodwill Ambassador UNDP, badan pembangunan Perserikatan Bangsa-Bangsa. Menurutnya, Lombok dipilih karena memiliki jejak panjang kerja sama dengan UNDP, mulai dari pemulihan pasca gempa, kesehatan, ekonomi biru hingga penguatan ekonomi masyarakat. Putri Victoria melihat secara dekat bagaimana agenda pembangunan berkelanjutan diterjemahkan dalam aksi nyata di lapangan. SCROLL TO CONTINUE WITH CONTENT ""Beliau melihat langsung pengembangan ekonomi biru, perlindungan ekosistem pesisir, serta program asuransi terumbu karang. Hal itu sebagai sinergi pengelolaan pariwisata bahari dan pelestarian lingkungan laut,"" katanya dalam keterangan tertulis, Selasa (8/9/2026). Iqbal menyampaikan, kunjungan tersebut semakin memperpanjang daftar tamu internasional yang datang ke NTB. Sebelumnya, sebanyak 11 duta besar negara sahabat sudah berkunjung ke NTB. Mulai dari duta besar Qatar H.E. Dr. Sultan bin Mubarak Saad Al-Dosari, Oman H.E. Mohamed Ahmed Salim Al-Shanfari, Maroko H.E. Redouane Houssaini, hingga Duta Besar Palestina Palestina H.E. Zuhair Saleh Muhammad Al-Shun. ADVERTISEMENT Bahkan, tahun lalu Gubernur Iqbal menggelar Indonesia Gastrodiplomacy Series (IGS) yang diikuti duta besar dan diplomat perwakilan dari 27 negara. Mereka tak hanya dari Benua Asia, tapi juga Afrika, Amerika, bahkan dari Benua Eropa seperti Finlandia, Inggris, tak ketinggalan pula negara-negara maju seperti Tiongkok dan Korea. Iqbal mengakui, mengenalkan NTB ke dunia bukan semata soal meningkatkan eksposur daerah. Diplomasi internasional harus berdampak pada terbukanya akses terhadap investasi, pasar, teknologi, wisatawan, hingga kesempatan kerja dan peningkatan kapasitas masyarakat NTB. Pertemuan dengan Qatar, misalnya, digunakan untuk menjajaki peluang masuknya investasi dan modal swasta. Sementara hubungan dengan negara-negara lain dapat dikembangkan untuk memperluas pasar produk NTB, kerja sama pendidikan dan vokasi, hingga membuka akses bagi tenaga kerja NTB ke pasar internasional. ""Kita tidak ingin tamu-tamu internasional hanya datang, berfoto, lalu pulang. Kita ingin setiap hubungan yang dibangun membuka pintu ekonomi baru bagi NTB,"" kata Iqbal. Lihat juga Video Heboh Ikan 'Kiamat' Oarfish Terdampar di Pantai Pink Lombok Timur [Gambas:Video 20detik] (hrp/fdl) ... Tautan telah disalin putri mahkota swedia kunjungan ntb nusa tenggara barat goodwill ambassador"
"Investasi Energi Bersih RI Naik-Turun, ESDM Ungkap Apa yang Terjadi",https://finance.detik.com/energi/d-8653341/investasi-energi-bersih-ri-naik-turun-esdm-ungkap-apa-yang-terjadi,"Jakarta - Pemerintah terus menggenjot pengembangan energi baru, terbarukan, dan konservasi energi (EBTKE) sebagai bagian dari upaya mempercepat transisi menuju sistem energi yang lebih bersih. Berbagai pembangunan infrastruktur seperti pembangkit listrik tenaga surya, pengembangan kendaraan listrik, pemanfaatan panas bumi, bioenergi, hingga berbagai program efisiensi energi terus dikebut. Dalam proses tersebut, Direktur Jenderal Energi Baru, Terbarukan dan Konservasi Energi (EBTKE) Kementrian Energi dan Sumber Daya Mineral (ESDM), Eniya Listiani Dewi mengatakan perlunya ada dukungan dari berbagai pihak. Hal ini guna meningkatkan investasi dan implementasi EBTKE yang ada saat ini. SCROLL TO CONTINUE WITH CONTENT ""Hingga saat ini capaian pengembangan energi baru, terbarukan dan konservasi energi grafiknya naik turun. Dari data kita lihat grafiknya memang naik, capaian investasi dan juga implementasi, tetapi memang kadang-kadang terkoreksi, bahkan triwulan pertama kemarin 18.3%, sekarang terkoreksi sedikit,"" ujar Eniya dalam keterangan tertulis, Selasa (8/9/2026). Lebih jauh, Eniya juga mengapresiasi para pihak yang ikut mendorong dan terlibat aktif baik itu individu maupun korporat yang memiliki komitmen dalam pengembangan energi baru terbarukan. Bahkan pihaknya menyambut baik beberapa kampus yang juga terlibat dalam program tersebut. ADVERTISEMENT ""Di mana ada universitas atau perguruan tinggi, kita overlay dengan sebaran EBT, sehingga di titik mana nanti universitas mana harus jadi center of excellence dari PLTS misalnya"" tambah Eniya. Dalam acara Apresiasi EBTKE 2026, pemerintah juga memberikan penghargaan kepada sejumlah perusahaan, perguruan tinggi, dan individu yang dinilai memiliki kontribusi terhadap pengembangan energi baru terbarukan dan konservasi energi. Untuk kategori Women in Clean Energy diberikan kepada Mada Ayu Habsari dari Asosiasi Energi Surya Indonesia (AESI) yang dinilai memiliki komitmen dan kontribusi nyata dalam pengembangan energi bersih, inovasi, kepemimpinan, pemberdayaan masyarakat, serta percepatan transisi energi di Indonesia. Melalui organisasinya, Mada menjalankan komitmen pengembangan energi bersih yang selama ini menjadi area male domination dengan melibatkan banyak pekerja perempuan. Menurut Mada Ayu Habsari transisi energi membutuhkan kontribusi dari semua pihak, termasuk perempuan. ""Dengan mengakui dan memperkenalkan perempuan yang telah berkontribusi dalam energi bersih dan dekarbonisasi, kita dapat meningkatkan visibilitas mereka sebagai role model, sekaligus mendorong lebih banyak perempuan untuk terlibat dalam sektor energi."" ujar Mada. Rita Kefi dari Yayasan Humanis juga menerima penghargaan dalam subkategori Changemaker. Di mana Rita Kefi dan lembaganya terjun ke lapangan untuk melakukan literasi dan pelatihan kepada kaum perempuan dengan metode menggambar sehingga mereka yang bersekolah juga bisa terlibat untuk kegiatan pelatihan. Kontribusi Rita dan organisasinya merefleksikan perspektif bahwa transisi energi tidak boleh berhenti pada persoalan teknologi dan penurunan emisi. Perubahan sistem energi juga harus memperhatikan siapa yang mendapatkan akses, siapa yang dilibatkan dalam pengambilan keputusan, dan siapa yang memperoleh manfaat sosial maupun ekonomi dari transisi tersebut. Sementara perempuan lainnya yang juga menerima awarding dalam momen itu adalah Novia Utami Putri dari Politeknik Negeri Lampung yang menerima penghargaan untuk subkategori Innovator. Kiprah Novia memperlihatkan pentingnya peran perempuan dalam mendorong inovasi dan pengembangan solusi energi bersih yang aplikatif. Pada saat yang sama, pendidikan vokasi menjadi bagian penting untuk menyiapkan sumber daya manusia yang mampu menjawab kebutuhan sektor energi yang terus berubah. Lihat juga Video JK dan Anaknya Temui Prabowo Bicara Investasi Energi Rp 70 Triliun [Gambas:Video 20detik] (hrp/fdl) ... Tautan telah disalin energi terbarukan konservasi energi transisi energi pembangkit listrik tenaga surya"
"Dorong Kapasitas Ekspor, LPEI & Kemenkeu Resmikan 48 Desa Devisa di Babel",https://finance.detik.com/berita-ekonomi-bisnis/d-8653337/dorong-kapasitas-ekspor-lpei-kemenkeu-resmikan-48-desa-devisa-di-babel,"Jakarta - Lembaga Pembiayaan Ekspor Indonesia (LPEI)/Indonesia Eximbank bersama Direktorat Jenderal Perbendaharaan (DJPb) Kementerian Keuangan RI (Kemenkeu) meresmikan 48 Desa Devisa di Provinsi Kepulauan Babel. Langkah ini menjadi bagian dari sinergi Kemenkeu Satu dalam membangun kapasitas ekspor dari tingkat desa. Hal ini sekaligus mendorong sumber pertumbuhan ekonomi daerah yang lebih beragam. Adapun seluruh Desa Devisa tersebut memiliki kekuatan pada tiga klaster komoditas unggulan yaitu lada, kerajinan lidi nipah, dan olahan perikanan. Masing-masing memiliki karakter produk dan basis pelaku usaha yang dapat dikembangkan untuk menjangkau pasar yang lebih luas. Direktur Pelaksana Keuangan, Operasional, & Teknologi Informasi LPEI Anwar Harsono mengatakan konsistensi menjadi salah satu kunci agar pelaku usaha tidak hanya dapat memasuki, tetapi juga bertahan di pasar global. SCROLL TO CONTINUE WITH CONTENT ""Keunikan produk adalah pintu masuk, tetapi yang membuat pelaku usaha bertahan di pasar ekspor adalah konsistensi. Kapasitas produksi, kualitas dan spesifikasi produk, tata kelola usaha, dan kesiapan finansial harus dibangun bertahap sebelum pelaku usaha berhadapan dengan pembeli luar negeri,"" ujar Anwar, dalam keterangan tertulis, Selasa (8/9/2026). ""Di situlah pendampingan Desa Devisa berperan,"" sambungnya. ADVERTISEMENT Baca juga: LPEI Kucurkan US$ 8,5 Juta Danai Ekspor Gerbong Barang ke Selandia Baru Klaster lada mencakup 34 desa dengan sekitar 400 petani di Kabupaten Bangka Selatan dan Bangka Tengah. Produk yang dihasilkan berupa lada putih dalam bentuk biji dan bubuk. Lada Bangka telah dikenal di pasar global sebagai Muntok White Pepper, memiliki kandungan piperin tinggi yang memberikan karakter pedas tajam, serta telah memperoleh perlindungan Indikasi Geografis (IG). Potensi berikutnya datang dari tujuh desa penghasil kerajinan lidi nipah yang melibatkan 50 perajin di Kabupaten Bangka dan Bangka Tengah. Serat lidi nipah yang tebal, panjang, dan lentur, dengan gradasi warna alami kecokelatan hingga krem, memberikan karakter premium pada produk kerajinan yang sepenuhnya organik dan mudah terurai. Sementara itu, klaster olahan perikanan mencakup tujuh desa dengan 36 pelaku usaha kecil dan menengah di Kabupaten Bangka dan Bangka Tengah. Produk diolah dari hasil tangkapan laut segar, dengan puluhan Industri Kecil Menengah (IKM) yang telah bernaung dalam satu sentra sehingga penguatan dan penjagaan standar kualitas produk dapat dilakukan secara lebih terarah. Sebagai Special Mission Vehicle (SMV) Kemenkeu, LPEI akan mendampingi pelaku usaha mulai dari penguatan kelembagaan dan manajemen ekspor hingga perluasan akses pasar. Pendampingan tersebut meliputi pelatihan prosedur dan dokumen ekspor, penyusunan laporan keuangan berstandar akuntansi, pengenalan market intelligence, pembiayaan pengiriman sampel ke luar negeri, fasilitasi uji laboratorium, hingga keikutsertaan dalam pameran internasional. Langkah LPEI ini didukung oleh sinergi lintas instansi yang solid. LPEI bersinergi dengan DJPb, Bea Cukai, Kementerian Perindustrian RI (Kemenperin), Bank Indonesia (BI) perwakilan Babel, dan Pemerintah Daerah (Pemda) Provinsi Kepulauan Bangka Belitung. Baca juga: Ekspor Tekstil RI Diprediksi Tumbuh 3,2%, Ada Tekanan Vietnam-China Masing-masing institusi memainkan peran strategis dalam membangun ekosistem ekspor yang berkelanjutan, dengan BI, Kemenperin, dan Pemda Babel berfungsi sebagai inkubator UMKM, sementara LPEI, DJPb, dan Bea Cukai menjalankan fungsi sebagai akselerator ekspor. Kepala Kanwil DJPb Provinsi Kepulauan Babel sekaligus Kepala Perwakilan Kemenkeu Babel Muhamad Mufti Arkan menyatakan program ini merupakan bagian dari upaya membangun sumber pertumbuhan ekonomi baru yang lebih beragam, inklusif, dan berkelanjutan dengan menempatkan desa sebagai titik awal pembangunan ekonomi yang berorientasi global. Program Desa Devisa merupakan program pendampingan berbasis community development yang diinisiasi Indonesia Eximbank untuk meningkatkan kapasitas masyarakat lokal dan mengembangkan komoditas unggulan desa hingga mampu menembus pasar ekspor. Program ini sejalan dengan komitmen Indonesia Eximbank pada prinsip Environmental, Social, and Governance (ESG) dan kerangka Sustainable Development Goals (SDGs), sekaligus mendukung Asta Cita Pemerintah. Sinergi ini semakin melengkapi perjalanan LPEI selama 17 tahun dalam mengawal dan mendorong pertumbuhan ekspor nasional. Program ini menjadi bagian dari upaya berkelanjutan LPEI untuk memastikan bahwa pertumbuhan ekspor tidak hanya bertumpu pada pelaku usaha besar, tetapi juga tumbuh dari potensi ekonomi masyarakat di berbagai daerah Indonesia. Video: Komitmen Indonesia Eximbank Perkuat Ekspor Nasional Video: Komitmen Indonesia Eximbank Perkuat Ekspor Nasional (anl/ega) ... Tautan telah disalin lpei kemenkeu desa devisa pertumbuhan ekonomi komoditas unggulan ekspor"
Arahan Prabowo: Bantuan Beras Lanjut sampai Desember,https://finance.detik.com/berita-ekonomi-bisnis/d-8653305/arahan-prabowo-bantuan-beras-lanjut-sampai-desember,"Jakarta - Menteri Koordinator Bidang Perekonomian Airlangga Hartarto mengatakan program bantuan pangan bakal terus diberikan hingga akhir tahun. Bantuan pangan beras 10 kilogram (kg) per bulan terakhir disalurkan hingga September, dan akan diperpanjang sampai Desember. Airlangga bilang ini merupakan arahan langsung Presiden Prabowo Subianto usai melakukan rapat terbatas di Istana Kepresidenan, Jakarta Pusat, Senin sore kemarin. ""Terkait dengan program-program bantuan yang disiapkan untuk tahun ini, termasuk bantuan beras yang sampai dengan bulan September itu 30 kg. Lalu, arahan bapak presiden itu untuk dilanjutkan di bulan selanjutnya, yaitu Oktober, November, dan Desember,"" beber Airlangga, dikutip Selasa (8/9/2026). SCROLL TO CONTINUE WITH CONTENT Baca juga: Mentan Pastikan Produksi Beras Aman saat El Nino, SPHP Ditambah 1 Juta Ton Sebelumnya, Menteri Koordinator Bidang Pangan Zulkifli Hasan alias Zulhas mengatakan bansos pangan beras akan diberikan untuk periode Oktober, November, dan Desember 2026. Rencananya, penyaluran dilakukan secara sekaligus (dirapel) untuk periode tiga bulan tersebut kepada seluruh keluarga penerima manfaat. Dia mengatakan penyaluran bansos ini menyasar masyarakat kurang mampu yang masuk dalam kelompok desil 1 hingga desil 4. Menurutnya mencakup puluhan juta jiwa. ADVERTISEMENT ""Kita sudah memutuskan bantuan pangan untuk desil 1-desil 4 sejumlah 33 juta sekian (penerima manfaat) ya, rakyat kita yang jumlahnya itu kali 10 kg per bulan. Jadi 30 kg,"" kata Zulhas dalam konferensi pers usai rapat di kantornya, Jakarta Pusat, Senin (7/9/2026) kemarin. Menurutnya, langkah penyaluran bansos yang dilakukan sekaligus ini juga bertujuan untuk membanjiri stok masyarakat. Dengan begitu, permintaan akan beras di pasar dapat turun signifikan. Kondisi ini dinilai dapat ikut menekan kenaikan harga imbas pelemahan produksi beras domestik di tengah musim kemarau kering hingga akhir tahun ini. Lihat juga Video: Hadapi El Nino, Bantuan Beras 30 Kg Dilanjutkan hingga Desember [Gambas:Video 20detik] (hal/ara) ... Tautan telah disalin bantuan beras prabowo subianto program bantuan pangan"
Harga Emas Antam Hari Ini Jatuh!,https://finance.detik.com/berita-ekonomi-bisnis/d-8653266/harga-emas-antam-hari-ini-jatuh,"Jakarta - Harga emas Antam kembali mengalami penurunan dan melanjutkan tren pelemahan sejak akhir pekan kemarin. Harga emas Antam 24 karat hari turun Rp 10.000 per gram berada di level Rp 2.627.000 per gram. Berdasarkan situs Logam Mulia Antam, Selasa (8/9/2026), satuan harga emas hari ini yang terkecil ukuran 0,5 gram berada di angka Rp 1.363.500. Sementara harga emas 10 gram dijual dengan harga Rp 25.765.000 dan ukuran emas terbesar yakni 1.000 gram (1 kg) dibanderol Rp 2.567.600.000. Jika ditarik dalam sepekan terakhir, harga emas Antam berada dalam rentang Rp 2.624.000-2.670.000 per gram. Sementara dalam sebulan terakhir, harga emas Antam bergerak dalam rentang Rp 2.624.000-2.768.000 per gram. SCROLL TO CONTINUE WITH CONTENT Buyback Emas Harga emas hari ini untuk buyback emas Antam juga turun Rp 10.000 dan berada di level Rp 2.480.000 per gram. Harga buyback adalah jika Anda ingin menjual emas, maka Antam akan membelinya dengan harga tersebut. Sesuai Peraturan Menteri Keuangan (PMK) Nomor 34 Tahun 2017, pembelian emas batangan akan dikenakan PPh 22 sebesar 0,9%. Jika ingin mendapatkan potongan pajak lebih rendah sebesar 0,45%, harus menyertakan NPWP untuk transaksinya. ADVERTISEMENT Rincian Harga Emas Hari Ini Harga emas 0,5 gram: Rp 1.363.500 Harga emas 1 gram: Rp 2.627.000 Harga emas 2 gram Rp 5.194.000 Harga emas 3 gram Rp 7.766.000 Harga emas 5 gram: Rp 12.910.000 Harga emas 10 gram: Rp 25.765.000 Harga emas 25 gram: Rp 64.287.000 Harga emas 50 gram: Rp 128.495.000 Harga emas 100 gram: Rp 256.912.000 Harga emas 250 gram: Rp 642.015.000 Harga emas 500 gram: Rp 1.283.820.000 Harga emas 1.000 gram: Rp 2.567.600.000 Demikian rincian harga emas hari ini keluaran Antam 1 gram hingga 1.000 gram, Selasa (8/9/2026). Lihat juga Video: Harga Emas Antam Ambruk Hari Ini [Gambas:Video 20detik] (igo/fdl) ... Tautan telah disalin harga emas buyback emas investasi emas emas antam harga emas hari ini tren harga emas"
IHSG Dibuka Menguat ke 6.639,https://finance.detik.com/bursa-dan-valas/d-8653232/ihsg-dibuka-menguat-ke-6-639,"Jakarta - Indeks Harga Saham Gabungan (IHSG) cukup bergairah pada perdagangan pagi ini. IHSG dibuka hijau pada pembukaan perdagangan. Dikutip dari data perdagangan RTI, Selasa (8/9/2026), IHSG dibuka di level 6.639,51 pada pembukaan pukul 09.00 WIB. Sekitar lima menit kemudian IHSG masih meroket ke zona hijau hingga menguat 0,40% secara harian atau naik 26,55 poin ke level 6.646,22. IHSG paling tinggi diperdagangkan pada level 6.652,53 dan terendah 6.636,93. Sebanyak 310 saham menguat, 143 saham melemah, dan 235 saham stagnan. SCROLL TO CONTINUE WITH CONTENT Baca juga: Simak Rekomendasi Saham saat IHSG Loyo Volume perdagangan pagi ini tembus 2,76 miliar saham dengan perputaran uang Rp 875,74 miliar. Frekuensi perdagangan menyentuh 143.550 kali. ADVERTISEMENT Meski menguat, IHSG masih jauh lebih lemah dibandingkan posisi awal tahun hingga minus 23,12%. Sementara secara tahunan juga melemah 11,41%. Lihat juga Video: IHSG Tertahan Meski Sentimen Global Positif, Investor Tunggu Aturan Baru BEI [Gambas:Video 20detik] (hal/ara) ... Tautan telah disalin ihsg ihsg menguat"
Dolar AS Hari Ini Menguat ke Rp 17.646,https://finance.detik.com/bursa-dan-valas/d-8653229/dolar-as-hari-ini-menguat-ke-rp-17-646,"Jakarta - Nilai tukar dolar Amerika Serikat (AS) menguat terhadap rupiah pada pembukaan perdagangan hari ini. Mata uang Paman Sam di level Rp 17.600 pagi ini. Dikutip dari data Bloomberg , Selasa (8/9/2026), nilai tukar dolar AS pukul 09.05 WIB berada pada level Rp 17.646 atau naik 6 poin (0,03%). Selanjutnya, pergerakan dolar AS terhadap mata uang lainnya cenderung menguat. Nilai tukar dolar AS naik 0,03% terhadap dolar Australia. Dolar AS turun 0,09% terhadap euro. SCROLL TO CONTINUE WITH CONTENT Baca juga: Dolar AS Pagi Ini Menguat ke Rp 17.664 Selanjutnya, pergerakan dolar AS terhadap dolar Singapura minus 0,12%. Sedangkan dolar AS naik terhadap yuan China 0,01%. ADVERTISEMENT Dolar AS minus 0,78% terhadap yen. Sementara itu, dolar AS naik terhadap baht 0,19% dan menguat terhadap ringgit 0,01%. Lihat juga Video BI soal Dolar AS Tembus Rp 17.700: Beda dengan 1998 [Gambas:Video 20detik] (rea/ara) ... Tautan telah disalin dolar as nilai tukar rupiah"
"Dari Rp 2,41 T Jadi Rp 8,51 T, Mengintip Pertumbuhan Pupuk Indonesia",https://finance.detik.com/berita-ekonomi-bisnis/d-8652409/dari-rp-2-41-t-jadi-rp-8-51-t-mengintip-pertumbuhan-pupuk-indonesia,"Jakarta - PT Pupuk Indonesia (Persero) mencatatkan lonjakan kinerja keuangan sepanjang semester I 2026. Laba bersih perusahaan melonjak dari sekitar Rp 2,41 triliun pada periode yang sama tahun sebelumnya menjadi Rp 8,51 triliun. Kenaikan tersebut mencapai 252,8 % secara tahunan. Kinerja positif Pupuk Indonesia bahkan turut mendapat sorotan Presiden RI Prabowo Subianto dalam pidato Sidang Tahunan MPR dan Sidang Bersama DPR-DPD RI pada Jumat (14/8/2026). ""Dan pada saat bersamaan keuntungan PT Pupuk Indonesia, perusahaan negara, BUMN, keuntungannya naik 252,8%. Harga pupuk turun, volume tambah, tapi keuntungan bagi PT Pupuk Indonesia naik 252,8%,"" ujar Prabowo. SCROLL TO CONTINUE WITH CONTENT Pertumbuhan laba tersebut menjadi salah satu gambaran kinerja BUMN yang dinilai semakin positif. Menariknya, peningkatan keuntungan Pupuk Indonesia terjadi bersamaan dengan kebijakan pemerintah untuk menurunkan harga pupuk hingga 20%. ""Pertama kali harga pupuk dapat kita turunkan kepada rakyat,"" ujar Prabowo. ADVERTISEMENT Kondisi tersebut menunjukkan bahwa pertumbuhan Pupuk Indonesia tidak semata-mata berasal dari kenaikan harga jual pupuk. Perusahaan melakukan transformasi bisnis dengan mengedepankan efisiensi operasional dan disiplin biaya. Laba Melonjak 253% Berdasarkan kinerja Januari-Juni 2026, Pupuk Indonesia membukukan laba bersih Rp8,51 triliun. Angka tersebut tumbuh 253% dibandingkan periode yang sama pada tahun sebelumnya yang berada di kisaran Rp 2,41 triliun. Selain laba, pendapatan perusahaan juga mengalami pertumbuhan signifikan. Pupuk Indonesia mencatatkan pendapatan Rp 59,67 triliun, meningkat 51% dibandingkan periode yang sama tahun sebelumnya. Sementara itu, EBITDA perusahaan mencapai Rp 14,28 triliun atau tumbuh 140%. Pertumbuhan tersebut didorong oleh peningkatan volume produksi serta efisiensi biaya operasional yang menjadi bagian dari transformasi perusahaan. Direktur Utama Pupuk Indonesia Rahmad Pribadi mengatakan kinerja tersebut merupakan hasil dari transformasi bisnis dan tata kelola yang dilakukan secara menyeluruh. Menurutnya, penerapan operational excellence dan cost leadership yang dijalankan secara konsisten menjadi fondasi perusahaan untuk tumbuh secara berkelanjutan. ""Berkat dukungan pemerintah melalui Danantara transformasi bisnis secara menyeluruh sudah mulai membuahkan hasil berupa capaian kinerja keuangan yang membanggakan. Dengan fondasi keuangan yang semakin kuat, kami optimistis pertumbuhan ini berkelanjutan, bukan hanya untuk kinerja perusahaan, tapi juga untuk kontribusi yang lebih besar terhadap ketahanan pangan nasional,"" ujar Rahmad. Baca juga: Laba Pupuk Indonesia Naik 253%, Harga Pupuk Turun, Apa Strateginya? Efisiensi Jadi Motor Pertumbuhan Industri pupuk memiliki tantangan tersendiri karena biaya produksi dipengaruhi oleh ketersediaan dan harga bahan baku serta energi. Untuk menghadapi kondisi tersebut, Pupuk Indonesia memperkuat efisiensi sekaligus meningkatkan ketahanan bisnis. Perusahaan memperluas sumber pasokan dan skema kontrak bahan baku untuk mengurangi dampak volatilitas harga komoditas global. Di sisi pendapatan, Pupuk Indonesia juga melakukan diversifikasi dengan memperkuat kontribusi segmen non-subsidi dan produk non-pupuk. Strategi tersebut membuat perusahaan memiliki sumber pertumbuhan yang lebih beragam sehingga tidak sepenuhnya bergantung pada siklus harga komoditas. Transformasi juga dilakukan melalui operational dan digital excellence, holding business streamlining, distribusi public service obligation serta penguatan bisnis komersial. Revitalisasi 7 Pabrik Transformasi Pupuk Indonesia turut menyasar fasilitas produksi. Penguatan kinerja keuangan yang dicapai perusahaan memberi ruang untuk meningkatkan investasi untuk peremajaan atau revitalisasi tujuh pabrik dalam lima tahun ke depan. Langkah tersebut dilakukan sejalan dengan arahan Danantara untuk mengoptimalkan portofolio aset BUMN agar lebih produktif dan memberikan nilai tambah. Saat ini Pupuk Indonesia memiliki kapasitas produksi nasional sekitar 14,8 juta ton per tahun. Kapasitas tersebut menjadi salah satu modal perusahaan untuk memenuhi kebutuhan pupuk dalam negeri sekaligus merespons peluang pasar global. Optimalisasi aset menjadi penting untuk memastikan kapasitas produksi yang dimiliki dapat digunakan secara efisien. Dengan fasilitas yang lebih produktif, perusahaan memiliki ruang untuk menjaga biaya produksi sekaligus meningkatkan daya saing. Perluas Bisnis di Luar Pupuk Pupuk Indonesia juga mulai menyiapkan sumber pertumbuhan baru melalui diversifikasi bisnis. Dalam beberapa tahun mendatang, perusahaan menyiapkan pengembangan metanol dan turunannya, bisnis clean ammonia serta industrial support. Diversifikasi tersebut diharapkan dapat memperluas sumber pendapatan perusahaan sekaligus mengurangi ketergantungan terhadap siklus bisnis pupuk. Pengembangan clean ammonia juga menjadi bagian dari upaya perusahaan menangkap peluang bisnis yang berkembang seiring dengan transisi menuju industri yang lebih rendah emisi. Dengan strategi tersebut, transformasi Pupuk Indonesia diarahkan tidak hanya untuk menghasilkan kinerja keuangan yang kuat saat ini, tetapi juga membangun fondasi bisnis yang mampu menghadapi perubahan kondisi ekonomi global. Baca juga: Transformasi Industri Pupuk RI: Dari Produktivitas ke Keberlanjutan Laba Naik, Petani Ikut Merasakan Kinerja keuangan perusahaan juga berjalan beriringan dengan upaya pemerintah meningkatkan akses petani terhadap pupuk. Sepanjang 2025, Pupuk Indonesia berhasil menyalurkan 8.110.571 ton pupuk bersubsidi atau meningkat 10,68% dibandingkan tahun sebelumnya. Peningkatan tersebut didukung implementasi sistem i-Pubers yang mempercepat dan mempermudah proses penebusan pupuk. Penerapan Peraturan Presiden Nomor 6 Tahun 2025 juga menyederhanakan tata kelola penyaluran pupuk bersubsidi. Hingga 1 September 2026, Pupuk Indonesia telah menyalurkan pupuk bersubsidi sebanyak 6,33 juta ton atau 64,3% dari alokasi 9,8 juta ton yang ditetapkan Pemerintah. Rahmad mengatakan transformasi yang dilakukan perusahaan pada akhirnya diarahkan untuk memberikan manfaat langsung kepada petani sekaligus menjaga ketahanan pangan nasional. ""Sejalan dengan agenda transformasi BUMN yang didorong Danantara, semua perubahan struktural ini bermuara pada satu hal, pupuk yang terjangkau dan lebih cepat sampai ke petani, dengan cost yang lebih sehat bagi negara serta menjaga ketahanan pangan,"" ungkap Rahmad. Di sisi lain, kebijakan pemerintah untuk menurunkan harga pupuk hingga 20% diharapkan semakin memperkuat akses petani terhadap sarana produksi. Bagi Pupuk Indonesia, kondisi tersebut menjadi tantangan sekaligus peluang. Perusahaan harus mampu mempertahankan profitabilitas tanpa mengorbankan fungsi strategisnya dalam menyediakan pupuk bagi sektor pertanian. Menjaga Pertumbuhan Tetap Berkelanjutan Lonjakan laba dari Rp 2,41 triliun menjadi Rp 8,51 triliun menunjukkan adanya perubahan signifikan dalam kinerja Pupuk Indonesia. Namun, perusahaan tidak ingin pertumbuhan tersebut hanya menjadi capaian sesaat. Rahmad menilai keberlanjutan laba harus dibangun melalui fondasi bisnis yang kuat sehingga perusahaan tetap mampu tumbuh ketika kondisi global mengalami perubahan. ""Bagi kami, keberlanjutan laba bukan soal mengejar angka tertinggi tiap tahun, tapi memastikan fondasi yang cukup kuat untuk tetap tumbuh meski kondisi global berubah-ubah. Ketahanan bisnis kami bukan hanya soal bertahan dari gejolak industri, tapi juga soal memastikan pertumbuhan ini dirasakan langsung oleh pelaku usaha kecil dan petani,"" pungkas Rahmad. Dengan demikian, lonjakan laba Pupuk Indonesia pada semester I 2026 bukan hanya cerita mengenai pertumbuhan angka keuntungan. Di balik kenaikan tersebut terdapat strategi efisiensi, optimalisasi aset, diversifikasi bisnis dan transformasi tata kelola. Pada saat yang sama, pemerintah berupaya memastikan peningkatan kinerja BUMN tersebut dapat berjalan seiring dengan kepentingan masyarakat melalui penurunan harga pupuk dan peningkatan akses petani. Dari laba Rp 2,41 triliun menjadi Rp 8,51 triliun, pertumbuhan Pupuk Indonesia kini tidak hanya menjadi ukuran kesehatan perusahaan, tetapi juga bagian dari upaya memperkuat ekosistem pertanian dan ketahanan pangan nasional. Lihat juga Video: Ini Program Pupuk Indonesia yang Bawa Pulau Lembata Mandiri Pangan! [Gambas:Video 20detik] (akd/ega) ... Tautan telah disalin pupuk indonesia pertumbuhan laba bumn efisiensi operasional"
"Siap-siap! QRIS Bakal Bisa Dipakai di Hong Kong, Arab Saudi, Timor Leste, dan India",https://finance.detik.com/moneter/d-8649875/siap-siap-qris-bakal-bisa-dipakai-di-hong-kong-arab-saudi-timor-leste-dan-india,"Jakarta - Bank Indonesia (BI) terus memperluas jangkauan sistem pembayaran digital Quick Response Code Indonesian Standard (QRIS) ke berbagai negara. Terbaru, BI tengah menjajaki kerja sama pemanfaatan QRIS antarnegara dengan Hong Kong, Timor Leste, India, hingga Arab Saudi. Deputi Gubernur BI Filianingsih Hendarta mengatakan QRIS telah berkembang pesat sejak diluncurkan sekitar tujuh tahun lalu. Menurutnya, sistem pembayaran berbasis kode QR tersebut menjadi salah satu inovasi yang berperan penting menjaga aktivitas transaksi masyarakat khususnya saat pandemi Covid-19. ""Nah, kita lihat bahwa transaksi QRIS ini udah usianya udah 7 tahun ya. Kita lihat di sini bahwa dia merupakan game changer, dia penyelamat pada saat COVID transaksi tetap berjalan karena bisa tanpa tatap muka dilakukan pembayaran,"" ujarnya dalam acara Lampung Financial Festival 2026, Jumat (5/9/2026). SCROLL TO CONTINUE WITH CONTENT Baca juga: QRIS Bakal Bisa Dipakai di Seluruh ASEAN, Airlangga Ungkap Syaratnya Ia mengatakan selain bisa digunakan di Indonesia, penggunaan QRIS diperluas ke luar negeri melalui skema pembayaran lintas batas atau cross-border payment di enam negara yakni Singapura, Malaysia, Thailand, Jepang, Korea Selatan, dan China. ADVERTISEMENT ""Jadi, artinya kalau nanti teman-teman pergi ke enam negara itu nggak perlu pergi ke money changer , tidak perlu tukar uang di sana, cukup pakai handphone -nya asal ada saldonya,"" kata Filianingsih. Kemudian saat ini BI tengah melakukan persiapan perluasan konektivitas QRIS dengan sejumlah negara yakni Hong Kong, Timor Leste, dan India. Selain itu, BI juga berharap kerja sama serupa dapat segera terealisasi dengan Arab Saudi. ""Kita sedang melakukan persiapan, ada diskusi yang intensif dengan Hong Kong, dengan Timor Leste, juga dengan India, dan sebentar lagi mudah-mudahan dengan Saudi Arabia. Jadi nanti kalau pergi Umrah pergi Haji nggak perlu tukar-tukar duit,"" ucap Filianingsih. Di luar itu, ia memaparkan hingga Juli 2026 volume transaksi QRIS tercatat mencapai 15 miliar transaksi. Sementara jumlah merchant yang menerima pembayaran QRIS mencapai 45 juta merchant dan pengguna QRIS telah menyentuh 67 juta orang. Menurut Filianingsih, layanan QRIS saat ini telah didukung oleh 96 bank, 60 lembaga non-bank, dan empat perusahaan switching. (igo/ara) ... Tautan telah disalin qris pembayaran digital bank indonesia hong kong arab saudi timor leste india lps lps financial festival"
Simak Rekomendasi Saham saat IHSG Loyo,https://finance.detik.com/bursa-dan-valas/d-8653192/simak-rekomendasi-saham-saat-ihsg-loyo,"Daftar Isi Market Overview Berita Emiten PT Puradelta Lestari Tbk (DMAS)?? PT MPX Logistics International Tbk (MPXL)?? PT Bank Mandiri (Persero) Tbk (BMRI)?? Rekomendasi Saham Hari Ini Jakarta - Market Overview Indeks Harga Saham Gabungan (IHSG) menutup perdagangan Senin (7/9/2026) di zona merah. IHSG turun 0,25% ke level 6.619,67. Sejumlah saham bergerak naik dan menjadi pendorong perdagangan. BUMI tercatat naik 4,76%, sedangkan IMPC dan AADI masing-masing menguat 4%. Sebaliknya, SMMA mengalami penurunan 5,82%. Saham BBCA turun 1,12% dan BBRI melemah 0,59%. Investor asing mencatatkan penjualan bersih sebesar Rp590,18 miliar di pasar reguler. Jika dihitung di seluruh pasar, penjualan bersih asing mencapai Rp678,54 miliar. SCROLL TO CONTINUE WITH CONTENT Dari 11 sektor yang diperdagangkan, enam sektor berakhir melemah. Sektor keuangan mencatat penurunan 0,76%, sementara sektor industri naik 1,25%. Aktivitas perdagangan saham Amerika Serikat tidak berlangsung pada 7 September 2026 karena libur Labor Day. Perdagangan Wall Street dijadwalkan kembali dibuka pada 8 September 2026. ADVERTISEMENT Sementara itu, indeks IDXHealthcare menguat 0,82%. Pergerakan tersebut antara lain terlihat pada MEDS, DKHH, KAEF, HALO, SOHO, dan IRRA. Di pasar offshore, indeks MSCI Indonesia terkoreksi 0,59%. Baca juga: IHSG Ditutup Melemah ke Level 6.619 Berita Emiten PT Puradelta Lestari Tbk (DMAS) DMAS mencatat prapenjualan sebesar Rp1,15 triliun hingga semester I 2026. Capaian tersebut sudah mencapai sekitar 55% dari target prapenjualan sepanjang tahun yang ditetapkan sebesar Rp2,08 triliun. Dengan demikian, DMAS masih perlu membukukan sekitar Rp930 miliar pada semester II 2026 untuk mencapai target tersebut. Prapenjualan DMAS pada paruh pertama tahun ini banyak ditopang segmen industri, terutama permintaan lahan untuk data center. Total permintaan lahan industri tercatat sekitar 85 hektare, dengan sekitar 75% atau kurang lebih 64 hektare berasal dari sektor data center. Permintaan tersebut didukung fasilitas kawasan GIIC/Deltamas yang memiliki pasokan listrik premium hingga 1.000 MVA. Kawasan ini juga dilengkapi jaringan fiber optic dengan sistem redundansi, sistem looping untuk air bersih dan air daur ulang, serta pusat komando data dan keamanan. Dari sisi ketersediaan lahan, DMAS memiliki land bank sekitar 581 hektare per 30 Juni 2026. Rinciannya terdiri dari 357 hektare lahan komersial, 164 hektare residensial, dan 60 hektare lahan industri. Jumlah permintaan lahan industri sebesar 85 hektare tersebut sudah lebih besar dibandingkan sisa lahan industri sekitar 25 hektare. Kondisi ini membuat DMAS mempertimbangkan konversi sebagian lahan komersial dan residensial untuk memenuhi kebutuhan lahan, khususnya dari sektor data center. PT MPX Logistics International Tbk (MPXL) MPXL menyiapkan ekspansi ke bisnis angkutan batu bara menggunakan kapal tongkang. Rencana tersebut ditargetkan mulai direalisasikan pada 2027. Langkah ini menjadi bagian dari pengembangan bisnis MPXL yang juga tengah mengembangkan perdagangan batu bara melalui PT Tambang Raya Sejahtera. Kinerja MPXL pada semester I 2026 menunjukkan pertumbuhan pendapatan. Perseroan membukukan pendapatan Rp73,12 miliar, naik 28,80% dibandingkan periode yang sama tahun sebelumnya sebesar Rp56,77 miliar. Segmen jasa ekspedisi menjadi penyumbang pendapatan terbesar dengan nilai Rp50,98 miliar. Angka tersebut meningkat 54,50% secara tahunan. MPXL menyebut realisasi bisnis hingga saat ini telah mencapai sekitar 85% dari target yang ditetapkan untuk 2026. Namun, aktivitas perdagangan batu bara masih menghadapi tantangan berupa pembatasan RKAB pada sejumlah tambang di Sumatera Selatan dan Kalimantan. Jika ekspansi angkutan menggunakan kapal tongkang berjalan sesuai rencana, MPXL akan mengembangkan kegiatan logistik dari sisi perdagangan hingga transportasi batu bara. Bisnis tersebut juga ditargetkan menjadi sumber pendapatan baru mulai 2027. PT Bank Mandiri (Persero) Tbk (BMRI) BMRI akan membagikan dividen tunai interim untuk tahun buku 2026 sebesar Rp66 per saham. Dengan jumlah saham beredar sekitar 93,33 miliar lembar, total dividen interim yang disiapkan mencapai sekitar Rp6,16 triliun. Pembagian dividen tersebut setara dengan dividend payout ratio sebesar 20,26% dari laba bersih Bank Mandiri pada semester I 2026. Sementara itu, saham BMRI pada perdagangan Senin (7/9/2026) ditutup di level Rp4.390 per saham. Berdasarkan harga tersebut, dividen interim Rp66 per saham menghasilkan dividend yield sekitar 1,50%. Cum date dividen untuk pasar reguler dan negosiasi ditetapkan pada 15 September 2026. Adapun pembayaran dividen dijadwalkan pada 2 Oktober 2026. Baca juga: Modal Asing Serbu RI, Masuk Rp 1,9 Triliun di Agustus 2026 Rekomendasi Saham Hari Ini BFIN - Buy 1005-1015 | TP 1025-1035 | SL 950 [Gambas:Produk Investasi by Investasiku] MDIA - Buy 244-248 | TP 256-264 | SL 232 [Gambas:Produk Investasi by Investasiku] TINS - Buy 4450-4470 | TP 4530-4600 | SL 4220 [Gambas:Produk Investasi by Investasiku] SMDR - Buy 356-360 | TP 366-370 | SL 334 [Gambas:Produk Investasi by Investasiku] BTPS - Buy 1045-1055 | TP 1070-1085 | SL 1000 [Gambas:Produk Investasi by Investasiku] Disclaimer: Ingat, bahwa segala analisis dan rekomendasi saham dalam artikel ini bersifat informatif sekaligus bukan merupakan ajakan untuk membeli atau menjual saham tertentu. (ang/ang) Tautan telah disalin saham rekomendasi saham ihsg pasar modal"
17 Perjalanan KRL Dibatalkan Imbas Perawatan Armada Buatan INKA,https://finance.detik.com/berita-ekonomi-bisnis/d-8653186/17-perjalanan-krl-dibatalkan-imbas-perawatan-armada-buatan-inka,"Jakarta - Penyesuaian jadwal Commuter Line Jabodetabek telah dilakukan sejak Senin kemarin, sehingga beberapa perjalanan di lintas Jakarta-Kota dikurangi. Perawatan rangkaian KRL menjadi alasan utamanya. Belakangan diketahui, ternyata rangkaian KRL yang melakukan perawatan besar adalah rangkaian yang diproduksi PT INKA seri iE305. PT INKA melakukan General Check Up terhadap rangkaian KRL yang baru beroperasi sejak akhir Desember 2025 lalu. Pemeriksaan ini dilakukan untuk memastikan seluruh komponen bekerja dengan baik, termasuk sistem bogie, sistem propulsi, serta seluruh komponen yang berkaitan dengan aspek keselamatan perjalanan. SCROLL TO CONTINUE WITH CONTENT ""Sejak awal proses ini berlangsung, tim engineering dan quality assurance kami sudah terjun langsung bersama tim KAI Commuter untuk memastikan setiap komponen, termasuk bogie dan sistem propulsi, berfungsi optimal,"" tutur Senior Manager Corporate Communication and Representative Office INKA, Nanang Agung Rohmandiyas dalam keterangan pers bersama KAI Commuter, Selasa (8/9/2026). Baca juga: 17 Perjalanan KRL Dibatalkan, Ini Alasannya ADVERTISEMENT Sebagai bagian dari proses General Check Up ini, INKA akan terus berkoordinasi dengan KAI Commuter untuk memastikan seluruh rangkaian yang diproduksi memenuhi standar keselamatan dan kenyamanan bagi pengguna. Di sisi lain, VP Corporate Secretary KAI Commuter Karina Amanda menyampaikan penyesuaian jadwal perjalanan ini dilakukan dengan menyesuaikan jumlah sarana yang dioperasikan. Dilakukan pada pagi dan sore hari dan bersifat sementara. Sebanyak 17 perjalanan Commuter Line yang dilakukan penyesuaian pada pemberangkatan pagi hari, sore dan malam hari. Jadwal pembatalan 7 perjalanan dari Bogor/Cilebut/Depok menuju Manggarai/Jakarta Kota dan 5 perjalanan dari Jakarta Kota menuju Bogor pada pagi hari, serta terdapat 2 perjalanan dari Manggarai menuju Bogor dan 3 perjalanan dari Bogor pada sore hari. ""Saat ini kami melakukan proses perawatan rangkaian sarana KRL yang ada secara intensif, demi keselamatan dan keamanan perjalanan,"" kata Karina. Dengan adanya penyesuaian jadwal keberangkatan tersebut, KAI Commuter hanya mengoperasikan sebanyak 1.048 perjalanan di seluruh lintas Commuter Line Jabodetabek sebelumnya sebanyak 1.065 perjalanan setiap harinya. ""Kami memahami pasti akan ada ketidaknyamanan bagi para pengguna Commuter Line selama proses perawatan ini. Kami mohon maaf atas ketidaknyamanan yang ditimbulkan,"" ujar Karina. Dia juga menegaskan bahwa KAI Commuter akan terus menginfokan secara berkala terkait jadwal dan operasional Commuter Line melalui pengumuman informasi di Stasiun, di atas kereta, aplikasi C-Access, maupun melalui kanal media sosial resmi KAI Commuter. Saksikan Live DetikPagi : (hal/ara) ... Tautan telah disalin krl inka commuter line perawatan krl"
"Transisi Bisnis, TBS Energi (TOBA) Jadi Saham Hijau Pertama BEI",https://finance.detik.com/bursa-dan-valas/d-8653180/transisi-bisnis-tbs-energi-toba-jadi-saham-hijau-pertama-bei,"Jakarta - PT TBS Energi Utama Tbk (TOBA) menjadi perusahaan pertama di Indonesia yang memperoleh Penetapan Saham Hijau Transisi (Green Equity Transition) dari Bursa Efek Indonesia (BEI). Kategori ini diberikan kepada perusahaan tercatat yang bisnisnya secara terukur bergerak menuju ekonomi rendah karbon, dengan menilai pendapatan dan alokasi investasi perusahaan pada kegiatan hijau yang telah dikomitmenkan. Penetapan berlaku efektif sejak 28 Agustus 2026, pada peluncuran perdana IDX Green Equity Designation yang melibatkan tiga perusahaan tercatat. TBS menjadi satu-satunya perusahaan yang ditetapkan pada kategori transisi. ""Bagi kami, penetapan ini bukanlah garis akhir, melainkan satu tonggak lagi dalam transformasi yang masih kami jalani. Kami mengapresiasi inisiatif BEI menghadirkan penetapan ini, yang memberi investor gambaran terukur dan telah direviu secara independen mengenai sejauh mana bisnis kami sudah bertransisi. Penetapan ini menetapkan standar yang harus kami jaga setiap tahun, dan kami berharap penetapan ini mempertemukan kami dengan investor yang memang mencari perusahaan seperti kami,"" kata Direktur Utama dan Chief Executive Officer TBS, Dicky Yordan dalam keterangan tertulis, Selasa (8/9/2026). SCROLL TO CONTINUE WITH CONTENT Baca juga: IHSG Melemah Tipis, Cek Rekomendasi Saham Hari Ini Kerangka penetapan bertumpu pada lima pilar yang diadaptasi dari Green Equity Principles milik World Federation of Exchanges (WFE), yaitu kontribusi finansial, keselarasan taksonomi, tata kelola, penilaian berkala, dan keterbukaan informasi kepada publik. Perusahaan harus menunjukkan bahwa lebih dari separuh pendapatan tahunannya, atau lebih dari separuh belanja operasional dan belanja modalnya, berada pada kegiatan hijau atau transisi sebagaimana didefinisikan dalam TKBI. ADVERTISEMENT Setiap penetapan dievaluasi setiap tahun oleh penyedia reviu eksternal yang diakui, dan BEI dapat mengubah atau mencabutnya. Penetapan ini dinilai berdasarkan laporan keuangan tahunan TBS yang telah diaudit untuk tahun buku 2025 (FY2025), ketika bisnis infrastruktur berkelanjutan (non-batu bara) masih menyumbang 47% dari pendapatan konsolidasi. Bauran pendapatan inilah yang menempatkan TBS pada kategori transisi. ""IDX Green Equity Designation merupakan milestone penting dalam membangun pasar modal Indonesia yang semakin transparan, kredibel, dan berorientasi pada keberlanjutan. Kami mengapresiasi partisipasi perusahaan-perusahaan yang memperoleh penetapan perdana ini, termasuk TBS, serta komitmen mereka untuk menjalani proses reviu independen sejak awal. Kami berharap penetapan ini mendorong semakin banyak Perusahaan Tercatat untuk memperkuat praktik keberlanjutannya dan memberikan informasi yang lebih kredibel bagi investor,"" kata Direktur Pengembangan Usaha BEI, Iding Pardi. TBS direviu oleh S&P Global Ratings, yang menilai 92% komitmen belanja modal Perseroan untuk periode 2025 hingga 2030 sebagai kegiatan hijau, tanpa alokasi untuk batu bara, jauh di atas ambang batas yang disyaratkan BEI. Dalam Climate Transition Assessment, S&P Global Ratings menyatakan TBS menonjol di antara perusahaan sejenis di Indonesia karena ambisi posisinya, dengan menyebut target waktu tercepat untuk mencapai netralitas karbon pada 2030 dan pengalihan modal ke kegiatan non-batu bara. Baca juga: Rugi TBS Energi Rp 165 Miliar, Turun 83% Meskipun bisnis infrastruktur berkelanjutan menyumbang kurang dari separuh pendapatan konsolidasi pada FY2025, porsinya melonjak pada semester I-2026 menjadi 66,5% dari pendapatan konsolidasi TBS, lebih dari dua kali lipat kontribusi batu bara yang sebesar 31,4%, membalikkan bauran yang setahun sebelumnya masih didominasi batu bara. Pengelolaan limbah menyumbang 61,2% pendapatan dan 92% EBITDA konsolidasi. Pendapatan dari ekosistem kendaraan listrik hampir tiga kali lipat secara tahunan. Laba kotor konsolidasi lebih dari dua kali lipat menjadi US$28,2 juta, dan arus kas operasi berbalik positif menjadi US$14,6 juta dari negatif US$31,6 juta pada periode yang sama tahun sebelumnya. Penetapan saham berbasis hijau masih merupakan praktik yang terus berkembang di tingkat global. Nasdaq memperkenalkan penetapan pertama dari jenis ini di pasar Nordik pada 2021. WFE menerbitkan Green Equity Principles pada 2023 sebagai kerangka global pertama untuk menetapkan saham tercatat sebagai saham hijau, dan sejak itu diadopsi oleh sejumlah bursa: B3 di Brasil pada 2024, kemudian Bursa Efek Filipina, dan kini BEI. Saat ini kurang dari 20 perusahaan tercatat di dunia yang memiliki penetapan tersebut, terkonsentrasi pada sektor teknologi bersih, utilitas, dan properti, sehingga menempatkan TBS dalam kelompok kecil secara global. BEI menegaskan bahwa IDX Green Equity Designation bukan merupakan pemeringkatan, rekomendasi investasi, maupun jaminan atas kinerja keuangan, tingkat pengembalian, atau risiko investasi suatu saham. (ara/ara) ... Tautan telah disalin tbs energi saham hijau bursa efek indonesia"
Kemenhub Ungkap Biang Kerok Kemacetan Panjang Pelabuhan Ketapang,https://finance.detik.com/berita-ekonomi-bisnis/d-8653167/kemenhub-ungkap-biang-kerok-kemacetan-panjang-pelabuhan-ketapang,"Jakarta - Penanganan insentif terus dilakukan untuk mengurai kepadatan kendaraan di jalur akses menuju Pelabuhan Penyeberangan Ketapang, Banyuwangi. Kemacetan panjang diklaim mulai berkurang. Kepala KSOP Kelas III Tanjung Wangi Purgana, menyampaikan meskipun antrean mulai terurai, sejumlah dinamika di lapangan masih mempengaruhi kelancaran arus kendaraan. Kepadatan terutama dipengaruhi oleh tingginya volume kendaraan logistik menuju Gilimanuk, perbaikan salah satu dermaga di Pelabuhan Gilimanuk, serta belum optimalnya kapasitas angkut karena satu dari empat kapal Atosim Lampung Pelayaran (ALP) masih menjalani perawatan (docking). ""Selain faktor kapasitas kapal dan perbaikan dermaga, terdapat kendala operasional berupa keterbatasan kapasitas Kantong Parkir/RTK ALP yang dikelola BUMDes, yang hanya mampu menampung sekitar 85 unit kendaraan. Kondisi tersebut menyebabkan sebagian truk terpaksa parkir di bahu jalan. Kami juga mencatat adanya kendala pada mekanisme ticketing melalui jasa pengurus truk,"" papar Purgana. SCROLL TO CONTINUE WITH CONTENT Baca juga: Jalur Ketapang-Gilimanuk Diserbu Kendaraan, Antrean Sempat Tembus Belasan Km Berdasarkan hasil pemantauan pada Senin sore kemarin pukul 16.00 WIB, panjang antrean kendaraan logistik terpantau sekitar 2,5 kilometer (km) dari Pelabuhan Ketapang, dengan titik akhir antrean berada di depan Terminal Sritanjung. Kondisi tersebut menunjukkan penurunan yang signifikan dibandingkan Minggu malam ketika panjang antrean sempat mencapai sekitar 9,4 km. ADVERTISEMENT Dalam menangani kondisi tersebut, KSOP Kelas III Tanjung Wangi terus memperkuat koordinasi bersama Balai Pengelola Transportasi Darat (BPTD), PT ASDP Indonesia Ferry, operator kapal, serta pemangku kepentingan terkait. Dari sisi kepelabuhanan dan keselamatan pelayaran, langkah yang dilakukan antara lain melalui optimalisasi operasional kapal, pengawasan kelaiklautan kapal, pengaturan pola sandar sesuai kondisi operasional, serta memastikan pelayanan penerbitan Surat Persetujuan Berlayar (SPB) berjalan sesuai ketentuan. Guna meningkatkan kapasitas angkut, telah disiapkan tambahan kapal untuk mendukung pelayanan penyeberangan, yaitu KMP Jatra I yang dijadwalkan tiba pada Selasa pukul 02.00 WIB, disusul KMP Port Link pada pukul 07.30 WIB. Baca juga: Penyeberangan Merak-Bakauheni Tak Terdampak Erupsi Anak Krakatau Selain optimalisasi kapal, pada Selasa, 8 September 2026 direncanakan akan dilakukan survei bathimetri di sekitar Dermaga Bulusan untuk mengetahui kondisi kedalaman perairan dan posisi dolphin yang jatuh. Hasil survei tersebut akan menjadi bahan evaluasi keselamatan untuk mendukung rencana penggunaan Dermaga Bulusan sebagai lokasi sandar KMP Port Link 7. ""Rencana penambahan kapal dan optimalisasi fasilitas sandar diharapkan dapat meningkatkan kapasitas angkut sekaligus membantu mempercepat penguraian antrean. Namun, seluruh langkah operasional tetap harus memenuhi aspek keselamatan dan keamanan pelayaran,"" ujar Purgana. Pihaknya juga mengimbau seluruh pengemudi truk logistik dan pengguna jasa penyeberangan untuk tetap tertib, mengikuti arahan petugas, dan tidak menyerobot jalur agar proses penguraian antrean dapat berjalan lebih cepat dan lancar. ""Kami terus melakukan pemantauan dan berkoordinasi secara intensif dengan seluruh pemangku kepentingan guna memastikan kelancaran pelayanan serta keselamatan pelayaran di lintas Ketapang-Gilimanuk,"" tutup Purgana. Saksikan Live DetikPagi : (hal/ara) ... Tautan telah disalin kemenhub kemacetan pelabuhan ketapang"
Bandara Soetta-Husein Siap Beroperasi Lagi Usai Dibuka,https://finance.detik.com/berita-ekonomi-bisnis/d-8653139/bandara-soetta-husein-siap-beroperasi-lagi-usai-dibuka,"Jakarta - InJourney Airports menjamin kesiapan operasional tiga bandara besar yang dibuka lagi usai paparan abu vulkanik erupsi Gunung Anak Krakatau. Bandara Soekarno-Hatta, Bandara Halim Perdanakusuma, dan Bandara Husein Sastranegara telah siap digunakan untuk lepas landas dan mendarat. Sebagai operator, InJourney telah membersihkan abu vulkanik di seluruh sisi landasan udara (air side) yakni area apron, taxiway, dan juga runway. Uji kekesatan di runway juga sudah dilakukan dan menunjukkan fasilitas tersebut memenuhi standar serta persyaratan untuk melayani operasional penerbangan. ""Fasilitas sisi udara (air side) dan sisi darat (land side) ketiga bandara siap kembali melayani penerbangan. Seluruh personel operasi dan layanan bandara juga dipastikan siap,"" kata Corporate Secretary Group Head InJourney Airports Arie Ahsanurrohim dalam keterangannya, Selasa (8/9/2026). SCROLL TO CONTINUE WITH CONTENT Baca juga: Bandara Soetta-Husein Dibuka Lagi, Radin Inten Masih Ditutup Sesuai NOTAM dari AirNav Indonesia, status resumed operations atau operasi kembali untuk Bandara Soekarno-Hatta Tangerang telah diberikan pada 8 September 2026 mulai pukul 00.30 WIB. Kemudian status resumed operations yang sama untuk Bandara Halim Perdanakusuma diberikan pada 8 September 2026 mulai pukul 00.40 WIB, dan status resumed operations pada Bandara Husein Sastranegara diberikan 8 September 2026 mulai pukul 00.42 WIB. ADVERTISEMENT General Manager Bandara Soekarno-Hatta Heru Karyadi menambahkan pembukaan kembali operasional Bandara Soekarno-Hatta dilakukan secara bertahap dengan tetap mengutamakan aspek keselamatan, termasuk melalui penerapan Air Traffic Flow Management (ATFM) sebagai bagian dari strategi pengendalian arus lalu lintas penerbangan pada fase awal pemulihan. ""Pada fase awal recovery , pengendalian penerbangan dilakukan secara bertahap dan terukur melalui penerapan ATFM. Pengaturan ini diperlukan agar arus keberangkatan dan kedatangan dapat kembali berjalan dengan aman dan tertib, sekaligus memungkinkan kapasitas operasional bandara dipulihkan secara bertahap,"" ujar Heru Karyadi dalam keterangan yang sama. Baca juga: 3 Bandara Masih Ditutup hingga Pukul 10.00 WIB, Ini Daftarnya Lebih lanjut, pengaturan arus penerbangan pada fase awal pemulihan mempertimbangkan kondisi operasional di lapangan, termasuk kebutuhan untuk mempercepat keberangkatan pesawat yang sebelumnya terdampak serta mengembalikan kapasitas apron secara bertahap. Bandara Soekarno-Hatta juga telah berkoordinasi dengan seluruh operator transportasi publik untuk memastikan ketersediaan armada untuk mendukung mobilitas dari dan ke Bandara Soekarno-Hatta. ""Calon penumpang diimbau untuk senantiasa memantau dan memastikan status serta jadwal penerbangannya melalui kanal resmi maskapai masing-masing sebelum berangkat menuju bandara tujuan, mengingat adanya penyesuaian jadwal penerbangan,"" ujar Heru. (hal/ara) ... Tautan telah disalin bandara soekarno-hatta bandara husein sastranegara bandara halim perdanakusuma"
"Pinjaman Online Warga RI Makin Banyak, Tembus Rp 105 Triliun",https://finance.detik.com/moneter/d-8653044/pinjaman-online-warga-ri-makin-banyak-tembus-rp-105-triliun,"Jakarta - Otoritas Jasa Keuangan (OJK) mencatat total utang masyarakat Indonesia pada layanan Peer to Peer (P2P) Lending atau pinjaman online (pinjol) mencapai Rp 105,63 triliun pada Juli 2026. Kepala Eksekutif Pengawas Lembaga Pembiayaan, Perusahaan Modal Ventura, Lembaga Keuangan Mikro dan Lembaga Jasa Keuangan Lainnya OJK, Agusman mengatakan jumlah tersebut meningkat 24,76% secara tahunan (year-on-year/yoy). ""Pada industri pinjaman daring atau pindar, outstanding pembiayaan pada Juli 2026 tumbuh 24,76% year-on-year dengan nominal sebesar Rp 105,63 triliun,"" terang Agusman dalam konferensi pers RDKB Agustus secara online, Senin (7/9/2026). SCROLL TO CONTINUE WITH CONTENT Agusman menjelaskan tingkat risiko kredit macet secara agregat atau TWP90 fintech P2P lending pada Juli 2026 berada di posisi 4,32%. Angka ini juga meningkat jika dibandingkan dengan bulan sebelumnya, yakni 4,26%. ""Tingkat risiko kredit macet secara agregat atau TWP90 tercatat di posisi 4,32%"" terang Agusman. ADVERTISEMENT Pada industri pergadaian, Agusman menyampaikan penyaluran pembiayaan pada Juli 2026 tumbuh sebesar 50,73% year-on-year menjadi Rp 160,78 triliun, dengan pembiayaan terbesar disalurkan dalam bentuk produk gadai yaitu sebesar Rp 136,39 triliun atau 84,83% dari total pembiayaan. OJK telah memberikan persetujuan peningkatan lingkup wilayah usaha menjadi nasional kepada dua perusahaan pergadaian, yaitu PT Pusat Gadai Indonesia dan PT Raja Gadai Indonesia. ""Dengan demikian, saat ini terdapat 5 perusahaan pergadaian dengan lingkup wilayah usaha nasional,"" tutur Agusman. (hrp/hns) ... Tautan telah disalin p2p lending pinjaman online utang masyarakat ojk risiko kredit industri keuangan pembiayaan gadai pertumbuhan ekonomi fintech"
"3 Bandara Masih Ditutup hingga Pukul 10.00 WIB, Ini Daftarnya",https://finance.detik.com/berita-ekonomi-bisnis/d-8653127/3-bandara-masih-ditutup-hingga-pukul-10-00-wib-ini-daftarnya,"Daftar Isi Detail Status Operasional Bandara Jakarta - AirNav Indonesia mengumumkan masih ada tiga bandara yang operasinya ditutup imbas sebaran abu vulkanik. Ketiga bandara tersebut adalah Bandara Radin Inten II Lampung, Bandara Muhammad Taufiq Kiemas Lampung, dan Bandara Salakanagara Tanjung Lesung. Penutupan bandara dilakukan hingga pukul 10.00 WIB pagi ini berdasarkan pembaruan informasi aeronautika yang diterbitkan AirNav Indonesia melalui NOTAM terbaru. Penerbitan NOTAM tersebut mengacu pada perubahan kondisi sebaran abu yang berdampak terhadap operasional penerbangan, sehingga berdasarkan evaluasi keselamatan dan informasi aeronautika terbaru, sejumlah bandar udara dapat kembali beroperasi. ""Selain itu, perkembangan kondisi di lapangan juga menjadi bagian dari pemantauan, antara lain dengan memerhatikan hasil paper test volcanic ash yang dilakukan secara berkala pada 7 September 2026 di lokasi bandara-bandara terdampak,"" tulis AirNav dalam keterangan resminya, Selasa (8/9/2026). SCROLL TO CONTINUE WITH CONTENT Baca juga: Bandara Soetta-Husein Dibuka Lagi, Radin Inten Masih Ditutup Sementara itu, sudah ada enam bandara lainnya yang kembali dibuka sejak tengah malam setelah sempat ikut ditutup imbas abu vulkanik sejak hari Minggu kemarin, termasuk Bandara Soekarno-Hatta yang menjadi bandara tersibuk di Indonesia. ADVERTISEMENT Detail Status Operasional Bandara 1. Bandar Udara Internasional Soekarno-Hatta (WIII) kembali berstatus OPEN AND RESUMED OPERATIONS berdasarkan NOTAM A3395/26 NOTAMR A3387/26, mulai pukul 00.30 WIB pada 8 September 2026. NOTAM tersebut juga mengingatkan bahwa awan abu vulkanik Gunung Anak Krakatau masih persisten di dalam FIR dan pilot diminta berhati-hati selama proses kedatangan dan keberangkatan. 2. Bandar Udara Halim Perdanakusuma (WIHH) kembali berstatus OPEN berdasarkan NOTAM A3396/26 NOTAMR A3386/26, mulai pukul 00.40 WIB pada 8 September 2026. 3. Bandar Udara Husein Sastranegara (WICC), Bandung, kembali berstatus OPEN berdasarkan NOTAM C1123/26 NOTAMR C1116/26, mulai pukul 00.42 WIB pada 8 September 2026. 4. Bandar Udara Budiarto (WIRR), Tangerang, kembali berstatus OPEN berdasarkan NOTAM C1126/26 NOTAMR C1115/26, mulai pukul 01.25 WIB pada 8 September 2026. 5. Bandar Udara Pondok Cabe (WIHP), Tangerang Selatan, kembali berstatus OPEN berdasarkan NOTAM C1127/26 NOTAMR C1118/26, mulai pukul 01.28 WIB pada 8 September 2026. 6. Bandar Udara Pagar Alam/Atung Bungsu (WIPY), Pagar Alam, telah lebih dahulu kembali berstatus OPEN berdasarkan NOTAM C1107/26 NOTAMC C1105/26, mulai pukul 08.12 WIB pada 7 September 2026. 7. Bandar Udara Radin Inten II (WILL), Lampung, masih berstatus CLOSED hingga estimasi pukul 10.00 WIB pada 8 September 2026. 8. Bandar Udara Muhammad Taufiq Kiemas (WILP), masih berstatus CLOSED hingga estimasi pukul 10.00 WIB pada 8 September 2026. 9. Bandar Udara Salakanagara Tanjung Lesung (WIHI), Pandeglang, masih berstatus CLOSED hingga estimasi pukul 10.00 WIB pada 8 September 2026. (hal/ara) ... Tautan telah disalin bandara ditutup abu vulkanik airnav indonesia penerbangan keselamatan penerbangan gunung anak krakatau"
"Dulu Dikuasai Asing, SBN Kini Banyak Dipegang Investor Ritel Dalam Negeri",https://finance.detik.com/bursa-dan-valas/d-8651015/dulu-dikuasai-asing-sbn-kini-banyak-dipegang-investor-ritel-dalam-negeri,"Jakarta - Direktur Jenderal Stabilitas dan Pengembangan Sektor Keuangan (SPSK) Kementerian Keuangan (Kemenkeu), Herman Saheruddin, mengatakan investor Surat Berharga Negara (SBN) mayoritas berasal dari segmen ritel dalam negeri. Hal tersebut berbanding terbalik dengan kondisi 10-20 tahun lalu, di mana SBN pemerintah lebih banyak digenggam oleh investor asing. ""Dulu mungkin 20 tahun yang lalu gitu ya, atau 10 tahun yang lalu SBN itu banyak dimiliki oleh asing. Sekarang yang banyak punya adalah kita-kita investor dalam negeri, bahkan banyak investor ritel seperti adik-adik yang sudah punya SBN,"" ungkap Herman dalam acara Lampung Financial Festival, Minggu (6/9/2026). Baca juga: CT: AI Bukan untuk Gantikan Kreativitas, tapi Jadi Alat Bantu SCROLL TO CONTINUE WITH CONTENT Dengan begitu, bunga obligasi yang dibayarkan pemerintah kembali lagi ke mayoritas pemegang saham domestik. Adapun dana yang dihimpun dari penerbitan SBN dialokasikan untuk membiayai program pembangunan pemerintah. Herman mengatakan, SBN merupakan instrumen investasi tahan terhadap volatilitas global mengingat diterbitkan dan dikelola langsung oleh negara. Indonesia sendiri memiliki tingkat kelayakan investasi pada level BBB dengan outlook stabil dari lembaga pemeringkat internasional, S&P Global. ADVERTISEMENT ""Jadi SBN itu adalah instrumen investasi yang aman, karena diterbitkan oleh negara, negara kita termasuk investment grade. Investment grade itu artinya negara lain di dunia itu memandang negara kita aman, bisa bayar utang. Kemarin credit rating Standard and Poor's mempertahankan rating kita di BBB dan outlooknya stable,"" jelasnya. Herman menambahkan, instrumen ini tidak hanya dijual di pasar domestik, tetapi juga luar negeri. Ia menilai SBN menjadi investasi yang aman seperti emas dengan imbal hasil sebesar 7%. Investasi di instrumen SBN juga bisa dilakukan melalui layanan mobile banking. ""Jadi artinya SBN itu adalah instrumen yang aman, karena diterbitkan oleh negara,"" pungkasnya. (acd/acd) ... Tautan telah disalin lampung financial festival 2026 lampung financial festival lps sbn investor ritel investasi domestik obligasi pemerintah"
Kapal Eks KRI Ki Hajar Dewantara Bakal Dilelang Rp 370 M,https://finance.detik.com/berita-ekonomi-bisnis/d-8653432/kapal-eks-kri-ki-hajar-dewantara-bakal-dilelang-rp-370-m,"Jakarta - Dewan Perwakilan Rakyat (DPR) menyetujui permohonan pemindahtanganan barang milik negara (BMN) yang diajukan oleh pemerintah melalui mekanisme penjualan secara lelang. Aset negara yang akan dilelang tersebut berupa satu unit kapal eks-KRI Ki Hajar Dewantara dengan nomor lambung 364. Persetujuan ini disampaikan langsung oleh Ketua Komisi I DPR RI, Utut Adianto, dalam rapat paripurna DPR ke-5 masa persidangan I tahun sidang 2026-2027 setelah melalui proses pembahasan bersama pihak pemerintah. ""Komisi I DPR RI menyetujui permohonan persetujuan pemindahtanganan barang milik negara melalui mekanisme penjualan secara lelang berupa satu unit kapal eks-KRI Ki Hajar Dewantara 364 pada Kementerian Pertahanan TNI Angkatan Laut sebagaimana disampaikan surat Bapak Presiden di awal,"" ujar Utut. SCROLL TO CONTINUE WITH CONTENT Baca juga: Dari Rp 2,41 T Jadi Rp 8,51 T, Mengintip Pertumbuhan Pupuk Indonesia Utut membeberkan spesifikasi teknis serta latar belakang dari kapal perang legendaris tersebut. Kapal jenis korvet ini merupakan buatan galangan kapal di Split, Yugoslavia yang kini wilayahnya masuk ke Kroasia di tepi Laut Adriatik. ADVERTISEMENT Kapal perang tersebut dibuat pada tahun 1979 dengan dimensi panjang 96,7 meter dan lebar 11,2 meter. Adapun nilai perolehan untuk kapal tersebut mencapai Rp 370.620.353.400. ""Ini kapalnya, Ki Hajar Dewantara nomor lambung 364, asal pembuatan Yugoslavia. Dari galangan kapal di Split. Nilainya Rp 370 (miliar),"" tambah ia. Adapun proses penjualan aset negara ini didasarkan pada amanat Undang-Undang Nomor 1 Tahun 2004 tentang Perbendaharaan Negara. Regulasi tersebut mewajibkan setiap penjualan barang milik negara yang nilainya melebihi Rp 100 miliar untuk wajib memperoleh persetujuan dari DPR RI. Setelah mendengarkan laporan lengkap dari Komisi I, Wakil Ketua DPR Sufmi Dasco mengetok palu persetujuan setelah para peserta sidang menyatakan setuju atas permohonan tersebut. Lihat juga Video: Canopus-936, Kapal Perang Baru Indonesia dari Jerman [Gambas:Video 20detik] (acd/acd) ... Tautan telah disalin pemindahtanganan bmn dpr ri lelang kapal"
Bank Digital Hadapi Tantangan AI: Kejahatan Siber hingga Deepfake,https://finance.detik.com/moneter/d-8648296/bank-digital-hadapi-tantangan-ai-kejahatan-siber-hingga-deepfake,"Jakarta - PT Bank Aladin Syariah Tbk (BANK) mengungkap tantangan yang dihadapi dalam mengubah layanan perbankannya menjadi lebih berbasis teknologi pintar atau Intelligent Banking. Perubahan ini sejalan dengan semakin luasnya penggunaan kecerdasan buatan (AI) dalam layanan perbankan. Presiden Direktur Bank Aladin Syariah, Koko Rachmadi, mengatakan ada sejumlah tantangan dalam proses transisi Intelligent Banking. Tantangan tersebut mencakup cybercrime (kejahatan siber), fraud (penipuan) & deepfake (pemalsuan digital berbasis Al), privasi data, infrastruktur teknologi, hingga isu literasi dan keberlanjutan model bisnis. Bank Aladin Syariah sendiri telah menerapkan sejumlah inisiatif untuk memitigasi tantangan tersebut, seperti menggabungkan kapabilitas perbankan, Al, dan Fraud Intelligence (Al-powered e-KYC dan Fraud Detection System) untuk melindungi nasabah. SCROLL TO CONTINUE WITH CONTENT Baca juga: AI hingga Ancaman Siber Jadi Tantangan Baru, Bank Siapkan Hal Ini Langkah ini diterapkan mulai dari saat nasabah mendaftar hingga melakukan transaksi sehari-hari. Bank juga mengubah pendekatannya, dari yang sebelumnya berfokus pada produk menjadi membangun layanan yang terhubung dalam satu ekosistem melalui sistem Open Banking. ADVERTISEMENT ""Masa depan perbankan digital membutuhkan solusi yang melampaui batas institusi, di mana kolaborasi erat antara regulator dan industri menjadi kunci utama agar inovasi dan regulasi terus berkembang secara beriringan,"" ungkap Koko dalam keterangan tertulis, Jumat (4/9/2026). Ia menjelaskan, kolaborasi antar pelaku industri penting untuk memperkuat ekosistem sekaligus mendorong lahirnya berbagai inovasi. Sementara itu, regulator perlu memastikan adanya ruang yang aman dan terpercaya. Nasabah juga harus tetap memiliki kendali atas data mereka agar ekosistem perbankan berbasis AI dapat berkembang dengan mengutamakan keamanan dan kebutuhan nasabah. Kolaborasi ini diperlukan untuk menciptakan ekosistem pembayaran digital yang aman dari ancaman cybercrime dan fraud. Selain itu juga untuk menjamin privasi data nasabah dan memperluas jangkauan inklusi keuangan ke seluruh pelosok daerah secara aman. ""Kita optimis terhadap cerahnya masa depan perbankan digital di Indonesia, namun tetap waspada terhadap risikonya, serta terus memperdalam dan menguatkan kolaborasi,"" ujar Koko. (ahi/ara) ... Tautan telah disalin bank digital kecerdasan buatan kejahatan siber deepfake"
Airlangga Sebut Bencana Bikin Ekonomi Kontraksi di Daerah Terdampak,https://finance.detik.com/berita-ekonomi-bisnis/d-8653351/airlangga-sebut-bencana-bikin-ekonomi-kontraksi-di-daerah-terdampak,"Jakarta - Sederet bencana alam melanda Indonesia dalam beberapa waktu terakhir, mulai dari banjir bandang, gempa bumi, hingga erupsi gunung berapi di beberapa daerah. Belum lagi urusan kebakaran hutan dan lahan (karhutla) juga belum selesai sepenuhnya penanganannya. Lantas apakah deretan bencana ini dapat memperlambat pertumbuhan ekonomi di Indonesia? Menteri Koordinator Bidang Perekonomian Airlangga Hartarto mengatakan tentu saja perlambatan ekonomi bisa terjadi di daerah-daerah yang terdampak bencana saja, tidak secara nasional. Sejauh ini pemerintah masih memonitor sebesar apa dampaknya dan apa saja yang bisa langsung diperbaiki untuk mempercepat pemulihan. SCROLL TO CONTINUE WITH CONTENT ""Ya pertama tentu di daerah yang terdampak pasti terjadi kontraksi dan kami masih monitor program-program apa yang terkena dan di berbagai provinsi tersebut,"" ujar Airlangga di Kompleks Istana Kepresidenan, Jakarta Pusat, Selasa (8/9/2026). Baca juga: Purbaya Siap Gelontorkan Dana Bencana, Minta Hitungan Jangan Ngaco! ADVERTISEMENT Airlangga juga mengatakan pemerintah mulai memantau dampak erupsi beberapa gunung berapi terhadap aktivitas masyarakat yang berkurang. ""Sekarang juga kami sedang monitor akibat daripada letusan 5-6 gunung di Indonesia ini terutama untuk aktivitas masyarakat yang sangat berkurang,"" ujar Airlangga. Dari segi logistik, Airlangga juga mengatakan pasti ada dampak ekonomi dan kerugian yang terjadi apalagi ada beberapa bandara besar yang mesti ditutup imbas abu vulkanik gunung berapi. Namun ketika ditanya berapa nominalnya, dia bilang pemerintah masih menghitungnya. ""Logistik sudah pasti di sektor penerbangan sudah terjadi gangguan karena sektor penerbangan kan juga ada kaitannya dengan kargo,"" ujar Airlangga. ""Sudah ada tapi kita monitor karena kita masih monitor berapa lama ini harus ditutup,"" katanya ketika ditanya apakah ada nominal kerugian. Baca juga: Menhub Jamin Maskapai Refund Tiket Pesawat 100% Imbas Abu Vulkanik Di sisi lain, Menteri Keuangan Purbaya Yudhi Sadewa sedikit optimistis dampak bencana, khususnya dampak erupsi Gunung Anak Krakatau tidak akan memperlambat perekonomian.Namun, dia mengakui dampak bencana kemungkinan cukup besar di Sumatera yang terkena banjir bandang dan NTT yang terkena gempa. ""Belum (memicu perlambatan ekonomi). Harusnya sih nggak terlalu signifikan ya kalau hanya beberapa hari. Kalau hanya beberapa hari bencana saja dan debunya kan nggak tebel-tebel amat kan ya? Kita lihat ke depan seperti apa,"" papar Purbaya di tempat yang sama. ""Kalau saya lihat secara kasar sih harusnya dampaknya nggak sebesar di Provinsi Sumatera Utara, Aceh, Sumatera Barat kemarin atau di NTT kemarin ya,"" lanjutnya. Simak juga Video: Rencana Mensos soal Dana Darurat Bantu Warga Terdampak Bencana [Gambas:Video 20detik] (hal/ara) ... Tautan telah disalin erupsi gunung berapi bencana alam ekonomi indonesia kontraksi ekonomi airlangga hartarto"
"Putri Mahkota Swedia Datangi Lombok, Ada Apa?",https://finance.detik.com/berita-ekonomi-bisnis/d-8653345/putri-mahkota-swedia-datangi-lombok-ada-apa,"Jakarta - Putri Mahkota Victoria Ingrid Alice Desiree berkunjung ke Nusa Tenggara Barat (NTB). Pewaris takhta Kerajaan Swedia itu berada di NTB selama empat hari, 5-8 September 2026. Gubernur NTB Lalu Muhammad Iqbal menyampaikan bahwa kedatangan Victoria bukan hanya sebagai calon penerus Raja Carl XVI Gustaf, tetapi juga sebagai Goodwill Ambassador UNDP, badan pembangunan Perserikatan Bangsa-Bangsa. Menurutnya, Lombok dipilih karena memiliki jejak panjang kerja sama dengan UNDP, mulai dari pemulihan pasca gempa, kesehatan, ekonomi biru hingga penguatan ekonomi masyarakat. Putri Victoria melihat secara dekat bagaimana agenda pembangunan berkelanjutan diterjemahkan dalam aksi nyata di lapangan. SCROLL TO CONTINUE WITH CONTENT ""Beliau melihat langsung pengembangan ekonomi biru, perlindungan ekosistem pesisir, serta program asuransi terumbu karang. Hal itu sebagai sinergi pengelolaan pariwisata bahari dan pelestarian lingkungan laut,"" katanya dalam keterangan tertulis, Selasa (8/9/2026). Iqbal menyampaikan, kunjungan tersebut semakin memperpanjang daftar tamu internasional yang datang ke NTB. Sebelumnya, sebanyak 11 duta besar negara sahabat sudah berkunjung ke NTB. Mulai dari duta besar Qatar H.E. Dr. Sultan bin Mubarak Saad Al-Dosari, Oman H.E. Mohamed Ahmed Salim Al-Shanfari, Maroko H.E. Redouane Houssaini, hingga Duta Besar Palestina Palestina H.E. Zuhair Saleh Muhammad Al-Shun. ADVERTISEMENT Bahkan, tahun lalu Gubernur Iqbal menggelar Indonesia Gastrodiplomacy Series (IGS) yang diikuti duta besar dan diplomat perwakilan dari 27 negara. Mereka tak hanya dari Benua Asia, tapi juga Afrika, Amerika, bahkan dari Benua Eropa seperti Finlandia, Inggris, tak ketinggalan pula negara-negara maju seperti Tiongkok dan Korea. Iqbal mengakui, mengenalkan NTB ke dunia bukan semata soal meningkatkan eksposur daerah. Diplomasi internasional harus berdampak pada terbukanya akses terhadap investasi, pasar, teknologi, wisatawan, hingga kesempatan kerja dan peningkatan kapasitas masyarakat NTB. Pertemuan dengan Qatar, misalnya, digunakan untuk menjajaki peluang masuknya investasi dan modal swasta. Sementara hubungan dengan negara-negara lain dapat dikembangkan untuk memperluas pasar produk NTB, kerja sama pendidikan dan vokasi, hingga membuka akses bagi tenaga kerja NTB ke pasar internasional. ""Kita tidak ingin tamu-tamu internasional hanya datang, berfoto, lalu pulang. Kita ingin setiap hubungan yang dibangun membuka pintu ekonomi baru bagi NTB,"" kata Iqbal. Lihat juga Video Heboh Ikan 'Kiamat' Oarfish Terdampar di Pantai Pink Lombok Timur [Gambas:Video 20detik] (hrp/fdl) ... Tautan telah disalin putri mahkota swedia kunjungan ntb nusa tenggara barat goodwill ambassador"
"Investasi Energi Bersih RI Naik-Turun, ESDM Ungkap Apa yang Terjadi",https://finance.detik.com/energi/d-8653341/investasi-energi-bersih-ri-naik-turun-esdm-ungkap-apa-yang-terjadi,"Jakarta - Pemerintah terus menggenjot pengembangan energi baru, terbarukan, dan konservasi energi (EBTKE) sebagai bagian dari upaya mempercepat transisi menuju sistem energi yang lebih bersih. Berbagai pembangunan infrastruktur seperti pembangkit listrik tenaga surya, pengembangan kendaraan listrik, pemanfaatan panas bumi, bioenergi, hingga berbagai program efisiensi energi terus dikebut. Dalam proses tersebut, Direktur Jenderal Energi Baru, Terbarukan dan Konservasi Energi (EBTKE) Kementrian Energi dan Sumber Daya Mineral (ESDM), Eniya Listiani Dewi mengatakan perlunya ada dukungan dari berbagai pihak. Hal ini guna meningkatkan investasi dan implementasi EBTKE yang ada saat ini. SCROLL TO CONTINUE WITH CONTENT ""Hingga saat ini capaian pengembangan energi baru, terbarukan dan konservasi energi grafiknya naik turun. Dari data kita lihat grafiknya memang naik, capaian investasi dan juga implementasi, tetapi memang kadang-kadang terkoreksi, bahkan triwulan pertama kemarin 18.3%, sekarang terkoreksi sedikit,"" ujar Eniya dalam keterangan tertulis, Selasa (8/9/2026). Lebih jauh, Eniya juga mengapresiasi para pihak yang ikut mendorong dan terlibat aktif baik itu individu maupun korporat yang memiliki komitmen dalam pengembangan energi baru terbarukan. Bahkan pihaknya menyambut baik beberapa kampus yang juga terlibat dalam program tersebut. ADVERTISEMENT ""Di mana ada universitas atau perguruan tinggi, kita overlay dengan sebaran EBT, sehingga di titik mana nanti universitas mana harus jadi center of excellence dari PLTS misalnya"" tambah Eniya. Dalam acara Apresiasi EBTKE 2026, pemerintah juga memberikan penghargaan kepada sejumlah perusahaan, perguruan tinggi, dan individu yang dinilai memiliki kontribusi terhadap pengembangan energi baru terbarukan dan konservasi energi. Untuk kategori Women in Clean Energy diberikan kepada Mada Ayu Habsari dari Asosiasi Energi Surya Indonesia (AESI) yang dinilai memiliki komitmen dan kontribusi nyata dalam pengembangan energi bersih, inovasi, kepemimpinan, pemberdayaan masyarakat, serta percepatan transisi energi di Indonesia. Melalui organisasinya, Mada menjalankan komitmen pengembangan energi bersih yang selama ini menjadi area male domination dengan melibatkan banyak pekerja perempuan. Menurut Mada Ayu Habsari transisi energi membutuhkan kontribusi dari semua pihak, termasuk perempuan. ""Dengan mengakui dan memperkenalkan perempuan yang telah berkontribusi dalam energi bersih dan dekarbonisasi, kita dapat meningkatkan visibilitas mereka sebagai role model, sekaligus mendorong lebih banyak perempuan untuk terlibat dalam sektor energi."" ujar Mada. Rita Kefi dari Yayasan Humanis juga menerima penghargaan dalam subkategori Changemaker. Di mana Rita Kefi dan lembaganya terjun ke lapangan untuk melakukan literasi dan pelatihan kepada kaum perempuan dengan metode menggambar sehingga mereka yang bersekolah juga bisa terlibat untuk kegiatan pelatihan. Kontribusi Rita dan organisasinya merefleksikan perspektif bahwa transisi energi tidak boleh berhenti pada persoalan teknologi dan penurunan emisi. Perubahan sistem energi juga harus memperhatikan siapa yang mendapatkan akses, siapa yang dilibatkan dalam pengambilan keputusan, dan siapa yang memperoleh manfaat sosial maupun ekonomi dari transisi tersebut. Sementara perempuan lainnya yang juga menerima awarding dalam momen itu adalah Novia Utami Putri dari Politeknik Negeri Lampung yang menerima penghargaan untuk subkategori Innovator. Kiprah Novia memperlihatkan pentingnya peran perempuan dalam mendorong inovasi dan pengembangan solusi energi bersih yang aplikatif. Pada saat yang sama, pendidikan vokasi menjadi bagian penting untuk menyiapkan sumber daya manusia yang mampu menjawab kebutuhan sektor energi yang terus berubah. Lihat juga Video JK dan Anaknya Temui Prabowo Bicara Investasi Energi Rp 70 Triliun [Gambas:Video 20detik] (hrp/fdl) ... Tautan telah disalin energi terbarukan konservasi energi transisi energi pembangkit listrik tenaga surya"
"Dorong Kapasitas Ekspor, LPEI & Kemenkeu Resmikan 48 Desa Devisa di Babel",https://finance.detik.com/berita-ekonomi-bisnis/d-8653337/dorong-kapasitas-ekspor-lpei-kemenkeu-resmikan-48-desa-devisa-di-babel,"Jakarta - Lembaga Pembiayaan Ekspor Indonesia (LPEI)/Indonesia Eximbank bersama Direktorat Jenderal Perbendaharaan (DJPb) Kementerian Keuangan RI (Kemenkeu) meresmikan 48 Desa Devisa di Provinsi Kepulauan Babel. Langkah ini menjadi bagian dari sinergi Kemenkeu Satu dalam membangun kapasitas ekspor dari tingkat desa. Hal ini sekaligus mendorong sumber pertumbuhan ekonomi daerah yang lebih beragam. Adapun seluruh Desa Devisa tersebut memiliki kekuatan pada tiga klaster komoditas unggulan yaitu lada, kerajinan lidi nipah, dan olahan perikanan. Masing-masing memiliki karakter produk dan basis pelaku usaha yang dapat dikembangkan untuk menjangkau pasar yang lebih luas. Direktur Pelaksana Keuangan, Operasional, & Teknologi Informasi LPEI Anwar Harsono mengatakan konsistensi menjadi salah satu kunci agar pelaku usaha tidak hanya dapat memasuki, tetapi juga bertahan di pasar global. SCROLL TO CONTINUE WITH CONTENT ""Keunikan produk adalah pintu masuk, tetapi yang membuat pelaku usaha bertahan di pasar ekspor adalah konsistensi. Kapasitas produksi, kualitas dan spesifikasi produk, tata kelola usaha, dan kesiapan finansial harus dibangun bertahap sebelum pelaku usaha berhadapan dengan pembeli luar negeri,"" ujar Anwar, dalam keterangan tertulis, Selasa (8/9/2026). ""Di situlah pendampingan Desa Devisa berperan,"" sambungnya. ADVERTISEMENT Baca juga: LPEI Kucurkan US$ 8,5 Juta Danai Ekspor Gerbong Barang ke Selandia Baru Klaster lada mencakup 34 desa dengan sekitar 400 petani di Kabupaten Bangka Selatan dan Bangka Tengah. Produk yang dihasilkan berupa lada putih dalam bentuk biji dan bubuk. Lada Bangka telah dikenal di pasar global sebagai Muntok White Pepper, memiliki kandungan piperin tinggi yang memberikan karakter pedas tajam, serta telah memperoleh perlindungan Indikasi Geografis (IG). Potensi berikutnya datang dari tujuh desa penghasil kerajinan lidi nipah yang melibatkan 50 perajin di Kabupaten Bangka dan Bangka Tengah. Serat lidi nipah yang tebal, panjang, dan lentur, dengan gradasi warna alami kecokelatan hingga krem, memberikan karakter premium pada produk kerajinan yang sepenuhnya organik dan mudah terurai. Sementara itu, klaster olahan perikanan mencakup tujuh desa dengan 36 pelaku usaha kecil dan menengah di Kabupaten Bangka dan Bangka Tengah. Produk diolah dari hasil tangkapan laut segar, dengan puluhan Industri Kecil Menengah (IKM) yang telah bernaung dalam satu sentra sehingga penguatan dan penjagaan standar kualitas produk dapat dilakukan secara lebih terarah. Sebagai Special Mission Vehicle (SMV) Kemenkeu, LPEI akan mendampingi pelaku usaha mulai dari penguatan kelembagaan dan manajemen ekspor hingga perluasan akses pasar. Pendampingan tersebut meliputi pelatihan prosedur dan dokumen ekspor, penyusunan laporan keuangan berstandar akuntansi, pengenalan market intelligence, pembiayaan pengiriman sampel ke luar negeri, fasilitasi uji laboratorium, hingga keikutsertaan dalam pameran internasional. Langkah LPEI ini didukung oleh sinergi lintas instansi yang solid. LPEI bersinergi dengan DJPb, Bea Cukai, Kementerian Perindustrian RI (Kemenperin), Bank Indonesia (BI) perwakilan Babel, dan Pemerintah Daerah (Pemda) Provinsi Kepulauan Bangka Belitung. Baca juga: Ekspor Tekstil RI Diprediksi Tumbuh 3,2%, Ada Tekanan Vietnam-China Masing-masing institusi memainkan peran strategis dalam membangun ekosistem ekspor yang berkelanjutan, dengan BI, Kemenperin, dan Pemda Babel berfungsi sebagai inkubator UMKM, sementara LPEI, DJPb, dan Bea Cukai menjalankan fungsi sebagai akselerator ekspor. Kepala Kanwil DJPb Provinsi Kepulauan Babel sekaligus Kepala Perwakilan Kemenkeu Babel Muhamad Mufti Arkan menyatakan program ini merupakan bagian dari upaya membangun sumber pertumbuhan ekonomi baru yang lebih beragam, inklusif, dan berkelanjutan dengan menempatkan desa sebagai titik awal pembangunan ekonomi yang berorientasi global. Program Desa Devisa merupakan program pendampingan berbasis community development yang diinisiasi Indonesia Eximbank untuk meningkatkan kapasitas masyarakat lokal dan mengembangkan komoditas unggulan desa hingga mampu menembus pasar ekspor. Program ini sejalan dengan komitmen Indonesia Eximbank pada prinsip Environmental, Social, and Governance (ESG) dan kerangka Sustainable Development Goals (SDGs), sekaligus mendukung Asta Cita Pemerintah. Sinergi ini semakin melengkapi perjalanan LPEI selama 17 tahun dalam mengawal dan mendorong pertumbuhan ekspor nasional. Program ini menjadi bagian dari upaya berkelanjutan LPEI untuk memastikan bahwa pertumbuhan ekspor tidak hanya bertumpu pada pelaku usaha besar, tetapi juga tumbuh dari potensi ekonomi masyarakat di berbagai daerah Indonesia. Video: Komitmen Indonesia Eximbank Perkuat Ekspor Nasional Video: Komitmen Indonesia Eximbank Perkuat Ekspor Nasional (anl/ega) ... Tautan telah disalin lpei kemenkeu desa devisa pertumbuhan ekonomi komoditas unggulan ekspor"
Arahan Prabowo: Bantuan Beras Lanjut sampai Desember,https://finance.detik.com/berita-ekonomi-bisnis/d-8653305/arahan-prabowo-bantuan-beras-lanjut-sampai-desember,"Jakarta - Menteri Koordinator Bidang Perekonomian Airlangga Hartarto mengatakan program bantuan pangan bakal terus diberikan hingga akhir tahun. Bantuan pangan beras 10 kilogram (kg) per bulan terakhir disalurkan hingga September, dan akan diperpanjang sampai Desember. Airlangga bilang ini merupakan arahan langsung Presiden Prabowo Subianto usai melakukan rapat terbatas di Istana Kepresidenan, Jakarta Pusat, Senin sore kemarin. ""Terkait dengan program-program bantuan yang disiapkan untuk tahun ini, termasuk bantuan beras yang sampai dengan bulan September itu 30 kg. Lalu, arahan bapak presiden itu untuk dilanjutkan di bulan selanjutnya, yaitu Oktober, November, dan Desember,"" beber Airlangga, dikutip Selasa (8/9/2026). SCROLL TO CONTINUE WITH CONTENT Baca juga: Mentan Pastikan Produksi Beras Aman saat El Nino, SPHP Ditambah 1 Juta Ton Sebelumnya, Menteri Koordinator Bidang Pangan Zulkifli Hasan alias Zulhas mengatakan bansos pangan beras akan diberikan untuk periode Oktober, November, dan Desember 2026. Rencananya, penyaluran dilakukan secara sekaligus (dirapel) untuk periode tiga bulan tersebut kepada seluruh keluarga penerima manfaat. Dia mengatakan penyaluran bansos ini menyasar masyarakat kurang mampu yang masuk dalam kelompok desil 1 hingga desil 4. Menurutnya mencakup puluhan juta jiwa. ADVERTISEMENT ""Kita sudah memutuskan bantuan pangan untuk desil 1-desil 4 sejumlah 33 juta sekian (penerima manfaat) ya, rakyat kita yang jumlahnya itu kali 10 kg per bulan. Jadi 30 kg,"" kata Zulhas dalam konferensi pers usai rapat di kantornya, Jakarta Pusat, Senin (7/9/2026) kemarin. Menurutnya, langkah penyaluran bansos yang dilakukan sekaligus ini juga bertujuan untuk membanjiri stok masyarakat. Dengan begitu, permintaan akan beras di pasar dapat turun signifikan. Kondisi ini dinilai dapat ikut menekan kenaikan harga imbas pelemahan produksi beras domestik di tengah musim kemarau kering hingga akhir tahun ini. Lihat juga Video: Hadapi El Nino, Bantuan Beras 30 Kg Dilanjutkan hingga Desember [Gambas:Video 20detik] (hal/ara) ... Tautan telah disalin bantuan beras prabowo subianto program bantuan pangan"
Harga Emas Antam Hari Ini Jatuh!,https://finance.detik.com/berita-ekonomi-bisnis/d-8653266/harga-emas-antam-hari-ini-jatuh,"Jakarta - Harga emas Antam kembali mengalami penurunan dan melanjutkan tren pelemahan sejak akhir pekan kemarin. Harga emas Antam 24 karat hari turun Rp 10.000 per gram berada di level Rp 2.627.000 per gram. Berdasarkan situs Logam Mulia Antam, Selasa (8/9/2026), satuan harga emas hari ini yang terkecil ukuran 0,5 gram berada di angka Rp 1.363.500. Sementara harga emas 10 gram dijual dengan harga Rp 25.765.000 dan ukuran emas terbesar yakni 1.000 gram (1 kg) dibanderol Rp 2.567.600.000. Jika ditarik dalam sepekan terakhir, harga emas Antam berada dalam rentang Rp 2.624.000-2.670.000 per gram. Sementara dalam sebulan terakhir, harga emas Antam bergerak dalam rentang Rp 2.624.000-2.768.000 per gram. SCROLL TO CONTINUE WITH CONTENT Buyback Emas Harga emas hari ini untuk buyback emas Antam juga turun Rp 10.000 dan berada di level Rp 2.480.000 per gram. Harga buyback adalah jika Anda ingin menjual emas, maka Antam akan membelinya dengan harga tersebut. Sesuai Peraturan Menteri Keuangan (PMK) Nomor 34 Tahun 2017, pembelian emas batangan akan dikenakan PPh 22 sebesar 0,9%. Jika ingin mendapatkan potongan pajak lebih rendah sebesar 0,45%, harus menyertakan NPWP untuk transaksinya. ADVERTISEMENT Rincian Harga Emas Hari Ini Harga emas 0,5 gram: Rp 1.363.500 Harga emas 1 gram: Rp 2.627.000 Harga emas 2 gram Rp 5.194.000 Harga emas 3 gram Rp 7.766.000 Harga emas 5 gram: Rp 12.910.000 Harga emas 10 gram: Rp 25.765.000 Harga emas 25 gram: Rp 64.287.000 Harga emas 50 gram: Rp 128.495.000 Harga emas 100 gram: Rp 256.912.000 Harga emas 250 gram: Rp 642.015.000 Harga emas 500 gram: Rp 1.283.820.000 Harga emas 1.000 gram: Rp 2.567.600.000 Demikian rincian harga emas hari ini keluaran Antam 1 gram hingga 1.000 gram, Selasa (8/9/2026). Lihat juga Video: Harga Emas Antam Ambruk Hari Ini [Gambas:Video 20detik] (igo/fdl) ... Tautan telah disalin harga emas buyback emas investasi emas emas antam harga emas hari ini tren harga emas"
IHSG Dibuka Menguat ke 6.639,https://finance.detik.com/bursa-dan-valas/d-8653232/ihsg-dibuka-menguat-ke-6-639,"Jakarta - Indeks Harga Saham Gabungan (IHSG) cukup bergairah pada perdagangan pagi ini. IHSG dibuka hijau pada pembukaan perdagangan. Dikutip dari data perdagangan RTI, Selasa (8/9/2026), IHSG dibuka di level 6.639,51 pada pembukaan pukul 09.00 WIB. Sekitar lima menit kemudian IHSG masih meroket ke zona hijau hingga menguat 0,40% secara harian atau naik 26,55 poin ke level 6.646,22. IHSG paling tinggi diperdagangkan pada level 6.652,53 dan terendah 6.636,93. Sebanyak 310 saham menguat, 143 saham melemah, dan 235 saham stagnan. SCROLL TO CONTINUE WITH CONTENT Baca juga: Simak Rekomendasi Saham saat IHSG Loyo Volume perdagangan pagi ini tembus 2,76 miliar saham dengan perputaran uang Rp 875,74 miliar. Frekuensi perdagangan menyentuh 143.550 kali. ADVERTISEMENT Meski menguat, IHSG masih jauh lebih lemah dibandingkan posisi awal tahun hingga minus 23,12%. Sementara secara tahunan juga melemah 11,41%. Lihat juga Video: IHSG Tertahan Meski Sentimen Global Positif, Investor Tunggu Aturan Baru BEI [Gambas:Video 20detik] (hal/ara) ... Tautan telah disalin ihsg ihsg menguat"
Dolar AS Hari Ini Menguat ke Rp 17.646,https://finance.detik.com/bursa-dan-valas/d-8653229/dolar-as-hari-ini-menguat-ke-rp-17-646,"Jakarta - Nilai tukar dolar Amerika Serikat (AS) menguat terhadap rupiah pada pembukaan perdagangan hari ini. Mata uang Paman Sam di level Rp 17.600 pagi ini. Dikutip dari data Bloomberg , Selasa (8/9/2026), nilai tukar dolar AS pukul 09.05 WIB berada pada level Rp 17.646 atau naik 6 poin (0,03%). Selanjutnya, pergerakan dolar AS terhadap mata uang lainnya cenderung menguat. Nilai tukar dolar AS naik 0,03% terhadap dolar Australia. Dolar AS turun 0,09% terhadap euro. SCROLL TO CONTINUE WITH CONTENT Baca juga: Dolar AS Pagi Ini Menguat ke Rp 17.664 Selanjutnya, pergerakan dolar AS terhadap dolar Singapura minus 0,12%. Sedangkan dolar AS naik terhadap yuan China 0,01%. ADVERTISEMENT Dolar AS minus 0,78% terhadap yen. Sementara itu, dolar AS naik terhadap baht 0,19% dan menguat terhadap ringgit 0,01%. Lihat juga Video BI soal Dolar AS Tembus Rp 17.700: Beda dengan 1998 [Gambas:Video 20detik] (rea/ara) ... Tautan telah disalin dolar as nilai tukar rupiah"
"Dari Rp 2,41 T Jadi Rp 8,51 T, Mengintip Pertumbuhan Pupuk Indonesia",https://finance.detik.com/berita-ekonomi-bisnis/d-8652409/dari-rp-2-41-t-jadi-rp-8-51-t-mengintip-pertumbuhan-pupuk-indonesia,"Jakarta - PT Pupuk Indonesia (Persero) mencatatkan lonjakan kinerja keuangan sepanjang semester I 2026. Laba bersih perusahaan melonjak dari sekitar Rp 2,41 triliun pada periode yang sama tahun sebelumnya menjadi Rp 8,51 triliun. Kenaikan tersebut mencapai 252,8 % secara tahunan. Kinerja positif Pupuk Indonesia bahkan turut mendapat sorotan Presiden RI Prabowo Subianto dalam pidato Sidang Tahunan MPR dan Sidang Bersama DPR-DPD RI pada Jumat (14/8/2026). ""Dan pada saat bersamaan keuntungan PT Pupuk Indonesia, perusahaan negara, BUMN, keuntungannya naik 252,8%. Harga pupuk turun, volume tambah, tapi keuntungan bagi PT Pupuk Indonesia naik 252,8%,"" ujar Prabowo. SCROLL TO CONTINUE WITH CONTENT Pertumbuhan laba tersebut menjadi salah satu gambaran kinerja BUMN yang dinilai semakin positif. Menariknya, peningkatan keuntungan Pupuk Indonesia terjadi bersamaan dengan kebijakan pemerintah untuk menurunkan harga pupuk hingga 20%. ""Pertama kali harga pupuk dapat kita turunkan kepada rakyat,"" ujar Prabowo. ADVERTISEMENT Kondisi tersebut menunjukkan bahwa pertumbuhan Pupuk Indonesia tidak semata-mata berasal dari kenaikan harga jual pupuk. Perusahaan melakukan transformasi bisnis dengan mengedepankan efisiensi operasional dan disiplin biaya. Laba Melonjak 253% Berdasarkan kinerja Januari-Juni 2026, Pupuk Indonesia membukukan laba bersih Rp8,51 triliun. Angka tersebut tumbuh 253% dibandingkan periode yang sama pada tahun sebelumnya yang berada di kisaran Rp 2,41 triliun. Selain laba, pendapatan perusahaan juga mengalami pertumbuhan signifikan. Pupuk Indonesia mencatatkan pendapatan Rp 59,67 triliun, meningkat 51% dibandingkan periode yang sama tahun sebelumnya. Sementara itu, EBITDA perusahaan mencapai Rp 14,28 triliun atau tumbuh 140%. Pertumbuhan tersebut didorong oleh peningkatan volume produksi serta efisiensi biaya operasional yang menjadi bagian dari transformasi perusahaan. Direktur Utama Pupuk Indonesia Rahmad Pribadi mengatakan kinerja tersebut merupakan hasil dari transformasi bisnis dan tata kelola yang dilakukan secara menyeluruh. Menurutnya, penerapan operational excellence dan cost leadership yang dijalankan secara konsisten menjadi fondasi perusahaan untuk tumbuh secara berkelanjutan. ""Berkat dukungan pemerintah melalui Danantara transformasi bisnis secara menyeluruh sudah mulai membuahkan hasil berupa capaian kinerja keuangan yang membanggakan. Dengan fondasi keuangan yang semakin kuat, kami optimistis pertumbuhan ini berkelanjutan, bukan hanya untuk kinerja perusahaan, tapi juga untuk kontribusi yang lebih besar terhadap ketahanan pangan nasional,"" ujar Rahmad. Baca juga: Laba Pupuk Indonesia Naik 253%, Harga Pupuk Turun, Apa Strateginya? Efisiensi Jadi Motor Pertumbuhan Industri pupuk memiliki tantangan tersendiri karena biaya produksi dipengaruhi oleh ketersediaan dan harga bahan baku serta energi. Untuk menghadapi kondisi tersebut, Pupuk Indonesia memperkuat efisiensi sekaligus meningkatkan ketahanan bisnis. Perusahaan memperluas sumber pasokan dan skema kontrak bahan baku untuk mengurangi dampak volatilitas harga komoditas global. Di sisi pendapatan, Pupuk Indonesia juga melakukan diversifikasi dengan memperkuat kontribusi segmen non-subsidi dan produk non-pupuk. Strategi tersebut membuat perusahaan memiliki sumber pertumbuhan yang lebih beragam sehingga tidak sepenuhnya bergantung pada siklus harga komoditas. Transformasi juga dilakukan melalui operational dan digital excellence, holding business streamlining, distribusi public service obligation serta penguatan bisnis komersial. Revitalisasi 7 Pabrik Transformasi Pupuk Indonesia turut menyasar fasilitas produksi. Penguatan kinerja keuangan yang dicapai perusahaan memberi ruang untuk meningkatkan investasi untuk peremajaan atau revitalisasi tujuh pabrik dalam lima tahun ke depan. Langkah tersebut dilakukan sejalan dengan arahan Danantara untuk mengoptimalkan portofolio aset BUMN agar lebih produktif dan memberikan nilai tambah. Saat ini Pupuk Indonesia memiliki kapasitas produksi nasional sekitar 14,8 juta ton per tahun. Kapasitas tersebut menjadi salah satu modal perusahaan untuk memenuhi kebutuhan pupuk dalam negeri sekaligus merespons peluang pasar global. Optimalisasi aset menjadi penting untuk memastikan kapasitas produksi yang dimiliki dapat digunakan secara efisien. Dengan fasilitas yang lebih produktif, perusahaan memiliki ruang untuk menjaga biaya produksi sekaligus meningkatkan daya saing. Perluas Bisnis di Luar Pupuk Pupuk Indonesia juga mulai menyiapkan sumber pertumbuhan baru melalui diversifikasi bisnis. Dalam beberapa tahun mendatang, perusahaan menyiapkan pengembangan metanol dan turunannya, bisnis clean ammonia serta industrial support. Diversifikasi tersebut diharapkan dapat memperluas sumber pendapatan perusahaan sekaligus mengurangi ketergantungan terhadap siklus bisnis pupuk. Pengembangan clean ammonia juga menjadi bagian dari upaya perusahaan menangkap peluang bisnis yang berkembang seiring dengan transisi menuju industri yang lebih rendah emisi. Dengan strategi tersebut, transformasi Pupuk Indonesia diarahkan tidak hanya untuk menghasilkan kinerja keuangan yang kuat saat ini, tetapi juga membangun fondasi bisnis yang mampu menghadapi perubahan kondisi ekonomi global. Baca juga: Transformasi Industri Pupuk RI: Dari Produktivitas ke Keberlanjutan Laba Naik, Petani Ikut Merasakan Kinerja keuangan perusahaan juga berjalan beriringan dengan upaya pemerintah meningkatkan akses petani terhadap pupuk. Sepanjang 2025, Pupuk Indonesia berhasil menyalurkan 8.110.571 ton pupuk bersubsidi atau meningkat 10,68% dibandingkan tahun sebelumnya. Peningkatan tersebut didukung implementasi sistem i-Pubers yang mempercepat dan mempermudah proses penebusan pupuk. Penerapan Peraturan Presiden Nomor 6 Tahun 2025 juga menyederhanakan tata kelola penyaluran pupuk bersubsidi. Hingga 1 September 2026, Pupuk Indonesia telah menyalurkan pupuk bersubsidi sebanyak 6,33 juta ton atau 64,3% dari alokasi 9,8 juta ton yang ditetapkan Pemerintah. Rahmad mengatakan transformasi yang dilakukan perusahaan pada akhirnya diarahkan untuk memberikan manfaat langsung kepada petani sekaligus menjaga ketahanan pangan nasional. ""Sejalan dengan agenda transformasi BUMN yang didorong Danantara, semua perubahan struktural ini bermuara pada satu hal, pupuk yang terjangkau dan lebih cepat sampai ke petani, dengan cost yang lebih sehat bagi negara serta menjaga ketahanan pangan,"" ungkap Rahmad. Di sisi lain, kebijakan pemerintah untuk menurunkan harga pupuk hingga 20% diharapkan semakin memperkuat akses petani terhadap sarana produksi. Bagi Pupuk Indonesia, kondisi tersebut menjadi tantangan sekaligus peluang. Perusahaan harus mampu mempertahankan profitabilitas tanpa mengorbankan fungsi strategisnya dalam menyediakan pupuk bagi sektor pertanian. Menjaga Pertumbuhan Tetap Berkelanjutan Lonjakan laba dari Rp 2,41 triliun menjadi Rp 8,51 triliun menunjukkan adanya perubahan signifikan dalam kinerja Pupuk Indonesia. Namun, perusahaan tidak ingin pertumbuhan tersebut hanya menjadi capaian sesaat. Rahmad menilai keberlanjutan laba harus dibangun melalui fondasi bisnis yang kuat sehingga perusahaan tetap mampu tumbuh ketika kondisi global mengalami perubahan. ""Bagi kami, keberlanjutan laba bukan soal mengejar angka tertinggi tiap tahun, tapi memastikan fondasi yang cukup kuat untuk tetap tumbuh meski kondisi global berubah-ubah. Ketahanan bisnis kami bukan hanya soal bertahan dari gejolak industri, tapi juga soal memastikan pertumbuhan ini dirasakan langsung oleh pelaku usaha kecil dan petani,"" pungkas Rahmad. Dengan demikian, lonjakan laba Pupuk Indonesia pada semester I 2026 bukan hanya cerita mengenai pertumbuhan angka keuntungan. Di balik kenaikan tersebut terdapat strategi efisiensi, optimalisasi aset, diversifikasi bisnis dan transformasi tata kelola. Pada saat yang sama, pemerintah berupaya memastikan peningkatan kinerja BUMN tersebut dapat berjalan seiring dengan kepentingan masyarakat melalui penurunan harga pupuk dan peningkatan akses petani. Dari laba Rp 2,41 triliun menjadi Rp 8,51 triliun, pertumbuhan Pupuk Indonesia kini tidak hanya menjadi ukuran kesehatan perusahaan, tetapi juga bagian dari upaya memperkuat ekosistem pertanian dan ketahanan pangan nasional. Lihat juga Video: Ini Program Pupuk Indonesia yang Bawa Pulau Lembata Mandiri Pangan! [Gambas:Video 20detik] (akd/ega) ... Tautan telah disalin pupuk indonesia pertumbuhan laba bumn efisiensi operasional"
"Dulu Dikuasai Asing, SBN Kini Banyak Dipegang Investor Ritel Dalam Negeri",https://finance.detik.com/bursa-dan-valas/d-8651015/dulu-dikuasai-asing-sbn-kini-banyak-dipegang-investor-ritel-dalam-negeri,"Jakarta - Direktur Jenderal Stabilitas dan Pengembangan Sektor Keuangan (SPSK) Kementerian Keuangan (Kemenkeu), Herman Saheruddin, mengatakan investor Surat Berharga Negara (SBN) mayoritas berasal dari segmen ritel dalam negeri. Hal tersebut berbanding terbalik dengan kondisi 10-20 tahun lalu, di mana SBN pemerintah lebih banyak digenggam oleh investor asing. ""Dulu mungkin 20 tahun yang lalu gitu ya, atau 10 tahun yang lalu SBN itu banyak dimiliki oleh asing. Sekarang yang banyak punya adalah kita-kita investor dalam negeri, bahkan banyak investor ritel seperti adik-adik yang sudah punya SBN,"" ungkap Herman dalam acara Lampung Financial Festival, Minggu (6/9/2026). Baca juga: CT: AI Bukan untuk Gantikan Kreativitas, tapi Jadi Alat Bantu SCROLL TO CONTINUE WITH CONTENT Dengan begitu, bunga obligasi yang dibayarkan pemerintah kembali lagi ke mayoritas pemegang saham domestik. Adapun dana yang dihimpun dari penerbitan SBN dialokasikan untuk membiayai program pembangunan pemerintah. Herman mengatakan, SBN merupakan instrumen investasi tahan terhadap volatilitas global mengingat diterbitkan dan dikelola langsung oleh negara. Indonesia sendiri memiliki tingkat kelayakan investasi pada level BBB dengan outlook stabil dari lembaga pemeringkat internasional, S&P Global. ADVERTISEMENT ""Jadi SBN itu adalah instrumen investasi yang aman, karena diterbitkan oleh negara, negara kita termasuk investment grade. Investment grade itu artinya negara lain di dunia itu memandang negara kita aman, bisa bayar utang. Kemarin credit rating Standard and Poor's mempertahankan rating kita di BBB dan outlooknya stable,"" jelasnya. Herman menambahkan, instrumen ini tidak hanya dijual di pasar domestik, tetapi juga luar negeri. Ia menilai SBN menjadi investasi yang aman seperti emas dengan imbal hasil sebesar 7%. Investasi di instrumen SBN juga bisa dilakukan melalui layanan mobile banking. ""Jadi artinya SBN itu adalah instrumen yang aman, karena diterbitkan oleh negara,"" pungkasnya. (acd/acd) ... Tautan telah disalin lampung financial festival 2026 lampung financial festival lps sbn investor ritel investasi domestik obligasi pemerintah"
Simak Rekomendasi Saham saat IHSG Loyo,https://finance.detik.com/bursa-dan-valas/d-8653192/simak-rekomendasi-saham-saat-ihsg-loyo,"Daftar Isi Market Overview Berita Emiten PT Puradelta Lestari Tbk (DMAS)?? PT MPX Logistics International Tbk (MPXL)?? PT Bank Mandiri (Persero) Tbk (BMRI)?? Rekomendasi Saham Hari Ini Jakarta - Market Overview Indeks Harga Saham Gabungan (IHSG) menutup perdagangan Senin (7/9/2026) di zona merah. IHSG turun 0,25% ke level 6.619,67. Sejumlah saham bergerak naik dan menjadi pendorong perdagangan. BUMI tercatat naik 4,76%, sedangkan IMPC dan AADI masing-masing menguat 4%. Sebaliknya, SMMA mengalami penurunan 5,82%. Saham BBCA turun 1,12% dan BBRI melemah 0,59%. Investor asing mencatatkan penjualan bersih sebesar Rp590,18 miliar di pasar reguler. Jika dihitung di seluruh pasar, penjualan bersih asing mencapai Rp678,54 miliar. SCROLL TO CONTINUE WITH CONTENT Dari 11 sektor yang diperdagangkan, enam sektor berakhir melemah. Sektor keuangan mencatat penurunan 0,76%, sementara sektor industri naik 1,25%. Aktivitas perdagangan saham Amerika Serikat tidak berlangsung pada 7 September 2026 karena libur Labor Day. Perdagangan Wall Street dijadwalkan kembali dibuka pada 8 September 2026. ADVERTISEMENT Sementara itu, indeks IDXHealthcare menguat 0,82%. Pergerakan tersebut antara lain terlihat pada MEDS, DKHH, KAEF, HALO, SOHO, dan IRRA. Di pasar offshore, indeks MSCI Indonesia terkoreksi 0,59%. Baca juga: IHSG Ditutup Melemah ke Level 6.619 Berita Emiten PT Puradelta Lestari Tbk (DMAS) DMAS mencatat prapenjualan sebesar Rp1,15 triliun hingga semester I 2026. Capaian tersebut sudah mencapai sekitar 55% dari target prapenjualan sepanjang tahun yang ditetapkan sebesar Rp2,08 triliun. Dengan demikian, DMAS masih perlu membukukan sekitar Rp930 miliar pada semester II 2026 untuk mencapai target tersebut. Prapenjualan DMAS pada paruh pertama tahun ini banyak ditopang segmen industri, terutama permintaan lahan untuk data center. Total permintaan lahan industri tercatat sekitar 85 hektare, dengan sekitar 75% atau kurang lebih 64 hektare berasal dari sektor data center. Permintaan tersebut didukung fasilitas kawasan GIIC/Deltamas yang memiliki pasokan listrik premium hingga 1.000 MVA. Kawasan ini juga dilengkapi jaringan fiber optic dengan sistem redundansi, sistem looping untuk air bersih dan air daur ulang, serta pusat komando data dan keamanan. Dari sisi ketersediaan lahan, DMAS memiliki land bank sekitar 581 hektare per 30 Juni 2026. Rinciannya terdiri dari 357 hektare lahan komersial, 164 hektare residensial, dan 60 hektare lahan industri. Jumlah permintaan lahan industri sebesar 85 hektare tersebut sudah lebih besar dibandingkan sisa lahan industri sekitar 25 hektare. Kondisi ini membuat DMAS mempertimbangkan konversi sebagian lahan komersial dan residensial untuk memenuhi kebutuhan lahan, khususnya dari sektor data center. PT MPX Logistics International Tbk (MPXL) MPXL menyiapkan ekspansi ke bisnis angkutan batu bara menggunakan kapal tongkang. Rencana tersebut ditargetkan mulai direalisasikan pada 2027. Langkah ini menjadi bagian dari pengembangan bisnis MPXL yang juga tengah mengembangkan perdagangan batu bara melalui PT Tambang Raya Sejahtera. Kinerja MPXL pada semester I 2026 menunjukkan pertumbuhan pendapatan. Perseroan membukukan pendapatan Rp73,12 miliar, naik 28,80% dibandingkan periode yang sama tahun sebelumnya sebesar Rp56,77 miliar. Segmen jasa ekspedisi menjadi penyumbang pendapatan terbesar dengan nilai Rp50,98 miliar. Angka tersebut meningkat 54,50% secara tahunan. MPXL menyebut realisasi bisnis hingga saat ini telah mencapai sekitar 85% dari target yang ditetapkan untuk 2026. Namun, aktivitas perdagangan batu bara masih menghadapi tantangan berupa pembatasan RKAB pada sejumlah tambang di Sumatera Selatan dan Kalimantan. Jika ekspansi angkutan menggunakan kapal tongkang berjalan sesuai rencana, MPXL akan mengembangkan kegiatan logistik dari sisi perdagangan hingga transportasi batu bara. Bisnis tersebut juga ditargetkan menjadi sumber pendapatan baru mulai 2027. PT Bank Mandiri (Persero) Tbk (BMRI) BMRI akan membagikan dividen tunai interim untuk tahun buku 2026 sebesar Rp66 per saham. Dengan jumlah saham beredar sekitar 93,33 miliar lembar, total dividen interim yang disiapkan mencapai sekitar Rp6,16 triliun. Pembagian dividen tersebut setara dengan dividend payout ratio sebesar 20,26% dari laba bersih Bank Mandiri pada semester I 2026. Sementara itu, saham BMRI pada perdagangan Senin (7/9/2026) ditutup di level Rp4.390 per saham. Berdasarkan harga tersebut, dividen interim Rp66 per saham menghasilkan dividend yield sekitar 1,50%. Cum date dividen untuk pasar reguler dan negosiasi ditetapkan pada 15 September 2026. Adapun pembayaran dividen dijadwalkan pada 2 Oktober 2026. Baca juga: Modal Asing Serbu RI, Masuk Rp 1,9 Triliun di Agustus 2026 Rekomendasi Saham Hari Ini BFIN - Buy 1005-1015 | TP 1025-1035 | SL 950 [Gambas:Produk Investasi by Investasiku] MDIA - Buy 244-248 | TP 256-264 | SL 232 [Gambas:Produk Investasi by Investasiku] TINS - Buy 4450-4470 | TP 4530-4600 | SL 4220 [Gambas:Produk Investasi by Investasiku] SMDR - Buy 356-360 | TP 366-370 | SL 334 [Gambas:Produk Investasi by Investasiku] BTPS - Buy 1045-1055 | TP 1070-1085 | SL 1000 [Gambas:Produk Investasi by Investasiku] Disclaimer: Ingat, bahwa segala analisis dan rekomendasi saham dalam artikel ini bersifat informatif sekaligus bukan merupakan ajakan untuk membeli atau menjual saham tertentu. (ang/ang) Tautan telah disalin saham rekomendasi saham ihsg pasar modal"
17 Perjalanan KRL Dibatalkan Imbas Perawatan Armada Buatan INKA,https://finance.detik.com/berita-ekonomi-bisnis/d-8653186/17-perjalanan-krl-dibatalkan-imbas-perawatan-armada-buatan-inka,"Jakarta - Penyesuaian jadwal Commuter Line Jabodetabek telah dilakukan sejak Senin kemarin, sehingga beberapa perjalanan di lintas Jakarta-Kota dikurangi. Perawatan rangkaian KRL menjadi alasan utamanya. Belakangan diketahui, ternyata rangkaian KRL yang melakukan perawatan besar adalah rangkaian yang diproduksi PT INKA seri iE305. PT INKA melakukan General Check Up terhadap rangkaian KRL yang baru beroperasi sejak akhir Desember 2025 lalu. Pemeriksaan ini dilakukan untuk memastikan seluruh komponen bekerja dengan baik, termasuk sistem bogie, sistem propulsi, serta seluruh komponen yang berkaitan dengan aspek keselamatan perjalanan. SCROLL TO CONTINUE WITH CONTENT ""Sejak awal proses ini berlangsung, tim engineering dan quality assurance kami sudah terjun langsung bersama tim KAI Commuter untuk memastikan setiap komponen, termasuk bogie dan sistem propulsi, berfungsi optimal,"" tutur Senior Manager Corporate Communication and Representative Office INKA, Nanang Agung Rohmandiyas dalam keterangan pers bersama KAI Commuter, Selasa (8/9/2026). Baca juga: 17 Perjalanan KRL Dibatalkan, Ini Alasannya ADVERTISEMENT Sebagai bagian dari proses General Check Up ini, INKA akan terus berkoordinasi dengan KAI Commuter untuk memastikan seluruh rangkaian yang diproduksi memenuhi standar keselamatan dan kenyamanan bagi pengguna. Di sisi lain, VP Corporate Secretary KAI Commuter Karina Amanda menyampaikan penyesuaian jadwal perjalanan ini dilakukan dengan menyesuaikan jumlah sarana yang dioperasikan. Dilakukan pada pagi dan sore hari dan bersifat sementara. Sebanyak 17 perjalanan Commuter Line yang dilakukan penyesuaian pada pemberangkatan pagi hari, sore dan malam hari. Jadwal pembatalan 7 perjalanan dari Bogor/Cilebut/Depok menuju Manggarai/Jakarta Kota dan 5 perjalanan dari Jakarta Kota menuju Bogor pada pagi hari, serta terdapat 2 perjalanan dari Manggarai menuju Bogor dan 3 perjalanan dari Bogor pada sore hari. ""Saat ini kami melakukan proses perawatan rangkaian sarana KRL yang ada secara intensif, demi keselamatan dan keamanan perjalanan,"" kata Karina. Dengan adanya penyesuaian jadwal keberangkatan tersebut, KAI Commuter hanya mengoperasikan sebanyak 1.048 perjalanan di seluruh lintas Commuter Line Jabodetabek sebelumnya sebanyak 1.065 perjalanan setiap harinya. ""Kami memahami pasti akan ada ketidaknyamanan bagi para pengguna Commuter Line selama proses perawatan ini. Kami mohon maaf atas ketidaknyamanan yang ditimbulkan,"" ujar Karina. Dia juga menegaskan bahwa KAI Commuter akan terus menginfokan secara berkala terkait jadwal dan operasional Commuter Line melalui pengumuman informasi di Stasiun, di atas kereta, aplikasi C-Access, maupun melalui kanal media sosial resmi KAI Commuter. Saksikan Live DetikPagi : (hal/ara) ... Tautan telah disalin krl inka commuter line perawatan krl"
"Transisi Bisnis, TBS Energi (TOBA) Jadi Saham Hijau Pertama BEI",https://finance.detik.com/bursa-dan-valas/d-8653180/transisi-bisnis-tbs-energi-toba-jadi-saham-hijau-pertama-bei,"Jakarta - PT TBS Energi Utama Tbk (TOBA) menjadi perusahaan pertama di Indonesia yang memperoleh Penetapan Saham Hijau Transisi (Green Equity Transition) dari Bursa Efek Indonesia (BEI). Kategori ini diberikan kepada perusahaan tercatat yang bisnisnya secara terukur bergerak menuju ekonomi rendah karbon, dengan menilai pendapatan dan alokasi investasi perusahaan pada kegiatan hijau yang telah dikomitmenkan. Penetapan berlaku efektif sejak 28 Agustus 2026, pada peluncuran perdana IDX Green Equity Designation yang melibatkan tiga perusahaan tercatat. TBS menjadi satu-satunya perusahaan yang ditetapkan pada kategori transisi. ""Bagi kami, penetapan ini bukanlah garis akhir, melainkan satu tonggak lagi dalam transformasi yang masih kami jalani. Kami mengapresiasi inisiatif BEI menghadirkan penetapan ini, yang memberi investor gambaran terukur dan telah direviu secara independen mengenai sejauh mana bisnis kami sudah bertransisi. Penetapan ini menetapkan standar yang harus kami jaga setiap tahun, dan kami berharap penetapan ini mempertemukan kami dengan investor yang memang mencari perusahaan seperti kami,"" kata Direktur Utama dan Chief Executive Officer TBS, Dicky Yordan dalam keterangan tertulis, Selasa (8/9/2026). SCROLL TO CONTINUE WITH CONTENT Baca juga: IHSG Melemah Tipis, Cek Rekomendasi Saham Hari Ini Kerangka penetapan bertumpu pada lima pilar yang diadaptasi dari Green Equity Principles milik World Federation of Exchanges (WFE), yaitu kontribusi finansial, keselarasan taksonomi, tata kelola, penilaian berkala, dan keterbukaan informasi kepada publik. Perusahaan harus menunjukkan bahwa lebih dari separuh pendapatan tahunannya, atau lebih dari separuh belanja operasional dan belanja modalnya, berada pada kegiatan hijau atau transisi sebagaimana didefinisikan dalam TKBI. ADVERTISEMENT Setiap penetapan dievaluasi setiap tahun oleh penyedia reviu eksternal yang diakui, dan BEI dapat mengubah atau mencabutnya. Penetapan ini dinilai berdasarkan laporan keuangan tahunan TBS yang telah diaudit untuk tahun buku 2025 (FY2025), ketika bisnis infrastruktur berkelanjutan (non-batu bara) masih menyumbang 47% dari pendapatan konsolidasi. Bauran pendapatan inilah yang menempatkan TBS pada kategori transisi. ""IDX Green Equity Designation merupakan milestone penting dalam membangun pasar modal Indonesia yang semakin transparan, kredibel, dan berorientasi pada keberlanjutan. Kami mengapresiasi partisipasi perusahaan-perusahaan yang memperoleh penetapan perdana ini, termasuk TBS, serta komitmen mereka untuk menjalani proses reviu independen sejak awal. Kami berharap penetapan ini mendorong semakin banyak Perusahaan Tercatat untuk memperkuat praktik keberlanjutannya dan memberikan informasi yang lebih kredibel bagi investor,"" kata Direktur Pengembangan Usaha BEI, Iding Pardi. TBS direviu oleh S&P Global Ratings, yang menilai 92% komitmen belanja modal Perseroan untuk periode 2025 hingga 2030 sebagai kegiatan hijau, tanpa alokasi untuk batu bara, jauh di atas ambang batas yang disyaratkan BEI. Dalam Climate Transition Assessment, S&P Global Ratings menyatakan TBS menonjol di antara perusahaan sejenis di Indonesia karena ambisi posisinya, dengan menyebut target waktu tercepat untuk mencapai netralitas karbon pada 2030 dan pengalihan modal ke kegiatan non-batu bara. Baca juga: Rugi TBS Energi Rp 165 Miliar, Turun 83% Meskipun bisnis infrastruktur berkelanjutan menyumbang kurang dari separuh pendapatan konsolidasi pada FY2025, porsinya melonjak pada semester I-2026 menjadi 66,5% dari pendapatan konsolidasi TBS, lebih dari dua kali lipat kontribusi batu bara yang sebesar 31,4%, membalikkan bauran yang setahun sebelumnya masih didominasi batu bara. Pengelolaan limbah menyumbang 61,2% pendapatan dan 92% EBITDA konsolidasi. Pendapatan dari ekosistem kendaraan listrik hampir tiga kali lipat secara tahunan. Laba kotor konsolidasi lebih dari dua kali lipat menjadi US$28,2 juta, dan arus kas operasi berbalik positif menjadi US$14,6 juta dari negatif US$31,6 juta pada periode yang sama tahun sebelumnya. Penetapan saham berbasis hijau masih merupakan praktik yang terus berkembang di tingkat global. Nasdaq memperkenalkan penetapan pertama dari jenis ini di pasar Nordik pada 2021. WFE menerbitkan Green Equity Principles pada 2023 sebagai kerangka global pertama untuk menetapkan saham tercatat sebagai saham hijau, dan sejak itu diadopsi oleh sejumlah bursa: B3 di Brasil pada 2024, kemudian Bursa Efek Filipina, dan kini BEI. Saat ini kurang dari 20 perusahaan tercatat di dunia yang memiliki penetapan tersebut, terkonsentrasi pada sektor teknologi bersih, utilitas, dan properti, sehingga menempatkan TBS dalam kelompok kecil secara global. BEI menegaskan bahwa IDX Green Equity Designation bukan merupakan pemeringkatan, rekomendasi investasi, maupun jaminan atas kinerja keuangan, tingkat pengembalian, atau risiko investasi suatu saham. (ara/ara) ... Tautan telah disalin tbs energi saham hijau bursa efek indonesia"
Kemenhub Ungkap Biang Kerok Kemacetan Panjang Pelabuhan Ketapang,https://finance.detik.com/berita-ekonomi-bisnis/d-8653167/kemenhub-ungkap-biang-kerok-kemacetan-panjang-pelabuhan-ketapang,"Jakarta - Penanganan insentif terus dilakukan untuk mengurai kepadatan kendaraan di jalur akses menuju Pelabuhan Penyeberangan Ketapang, Banyuwangi. Kemacetan panjang diklaim mulai berkurang. Kepala KSOP Kelas III Tanjung Wangi Purgana, menyampaikan meskipun antrean mulai terurai, sejumlah dinamika di lapangan masih mempengaruhi kelancaran arus kendaraan. Kepadatan terutama dipengaruhi oleh tingginya volume kendaraan logistik menuju Gilimanuk, perbaikan salah satu dermaga di Pelabuhan Gilimanuk, serta belum optimalnya kapasitas angkut karena satu dari empat kapal Atosim Lampung Pelayaran (ALP) masih menjalani perawatan (docking). ""Selain faktor kapasitas kapal dan perbaikan dermaga, terdapat kendala operasional berupa keterbatasan kapasitas Kantong Parkir/RTK ALP yang dikelola BUMDes, yang hanya mampu menampung sekitar 85 unit kendaraan. Kondisi tersebut menyebabkan sebagian truk terpaksa parkir di bahu jalan. Kami juga mencatat adanya kendala pada mekanisme ticketing melalui jasa pengurus truk,"" papar Purgana. SCROLL TO CONTINUE WITH CONTENT Baca juga: Jalur Ketapang-Gilimanuk Diserbu Kendaraan, Antrean Sempat Tembus Belasan Km Berdasarkan hasil pemantauan pada Senin sore kemarin pukul 16.00 WIB, panjang antrean kendaraan logistik terpantau sekitar 2,5 kilometer (km) dari Pelabuhan Ketapang, dengan titik akhir antrean berada di depan Terminal Sritanjung. Kondisi tersebut menunjukkan penurunan yang signifikan dibandingkan Minggu malam ketika panjang antrean sempat mencapai sekitar 9,4 km. ADVERTISEMENT Dalam menangani kondisi tersebut, KSOP Kelas III Tanjung Wangi terus memperkuat koordinasi bersama Balai Pengelola Transportasi Darat (BPTD), PT ASDP Indonesia Ferry, operator kapal, serta pemangku kepentingan terkait. Dari sisi kepelabuhanan dan keselamatan pelayaran, langkah yang dilakukan antara lain melalui optimalisasi operasional kapal, pengawasan kelaiklautan kapal, pengaturan pola sandar sesuai kondisi operasional, serta memastikan pelayanan penerbitan Surat Persetujuan Berlayar (SPB) berjalan sesuai ketentuan. Guna meningkatkan kapasitas angkut, telah disiapkan tambahan kapal untuk mendukung pelayanan penyeberangan, yaitu KMP Jatra I yang dijadwalkan tiba pada Selasa pukul 02.00 WIB, disusul KMP Port Link pada pukul 07.30 WIB. Baca juga: Penyeberangan Merak-Bakauheni Tak Terdampak Erupsi Anak Krakatau Selain optimalisasi kapal, pada Selasa, 8 September 2026 direncanakan akan dilakukan survei bathimetri di sekitar Dermaga Bulusan untuk mengetahui kondisi kedalaman perairan dan posisi dolphin yang jatuh. Hasil survei tersebut akan menjadi bahan evaluasi keselamatan untuk mendukung rencana penggunaan Dermaga Bulusan sebagai lokasi sandar KMP Port Link 7. ""Rencana penambahan kapal dan optimalisasi fasilitas sandar diharapkan dapat meningkatkan kapasitas angkut sekaligus membantu mempercepat penguraian antrean. Namun, seluruh langkah operasional tetap harus memenuhi aspek keselamatan dan keamanan pelayaran,"" ujar Purgana. Pihaknya juga mengimbau seluruh pengemudi truk logistik dan pengguna jasa penyeberangan untuk tetap tertib, mengikuti arahan petugas, dan tidak menyerobot jalur agar proses penguraian antrean dapat berjalan lebih cepat dan lancar. ""Kami terus melakukan pemantauan dan berkoordinasi secara intensif dengan seluruh pemangku kepentingan guna memastikan kelancaran pelayanan serta keselamatan pelayaran di lintas Ketapang-Gilimanuk,"" tutup Purgana. Saksikan Live DetikPagi : (hal/ara) ... Tautan telah disalin kemenhub kemacetan pelabuhan ketapang"
Bandara Soetta-Husein Siap Beroperasi Lagi Usai Dibuka,https://finance.detik.com/berita-ekonomi-bisnis/d-8653139/bandara-soetta-husein-siap-beroperasi-lagi-usai-dibuka,"Jakarta - InJourney Airports menjamin kesiapan operasional tiga bandara besar yang dibuka lagi usai paparan abu vulkanik erupsi Gunung Anak Krakatau. Bandara Soekarno-Hatta, Bandara Halim Perdanakusuma, dan Bandara Husein Sastranegara telah siap digunakan untuk lepas landas dan mendarat. Sebagai operator, InJourney telah membersihkan abu vulkanik di seluruh sisi landasan udara (air side) yakni area apron, taxiway, dan juga runway. Uji kekesatan di runway juga sudah dilakukan dan menunjukkan fasilitas tersebut memenuhi standar serta persyaratan untuk melayani operasional penerbangan. ""Fasilitas sisi udara (air side) dan sisi darat (land side) ketiga bandara siap kembali melayani penerbangan. Seluruh personel operasi dan layanan bandara juga dipastikan siap,"" kata Corporate Secretary Group Head InJourney Airports Arie Ahsanurrohim dalam keterangannya, Selasa (8/9/2026). SCROLL TO CONTINUE WITH CONTENT Baca juga: Bandara Soetta-Husein Dibuka Lagi, Radin Inten Masih Ditutup Sesuai NOTAM dari AirNav Indonesia, status resumed operations atau operasi kembali untuk Bandara Soekarno-Hatta Tangerang telah diberikan pada 8 September 2026 mulai pukul 00.30 WIB. Kemudian status resumed operations yang sama untuk Bandara Halim Perdanakusuma diberikan pada 8 September 2026 mulai pukul 00.40 WIB, dan status resumed operations pada Bandara Husein Sastranegara diberikan 8 September 2026 mulai pukul 00.42 WIB. ADVERTISEMENT General Manager Bandara Soekarno-Hatta Heru Karyadi menambahkan pembukaan kembali operasional Bandara Soekarno-Hatta dilakukan secara bertahap dengan tetap mengutamakan aspek keselamatan, termasuk melalui penerapan Air Traffic Flow Management (ATFM) sebagai bagian dari strategi pengendalian arus lalu lintas penerbangan pada fase awal pemulihan. ""Pada fase awal recovery , pengendalian penerbangan dilakukan secara bertahap dan terukur melalui penerapan ATFM. Pengaturan ini diperlukan agar arus keberangkatan dan kedatangan dapat kembali berjalan dengan aman dan tertib, sekaligus memungkinkan kapasitas operasional bandara dipulihkan secara bertahap,"" ujar Heru Karyadi dalam keterangan yang sama. Baca juga: 3 Bandara Masih Ditutup hingga Pukul 10.00 WIB, Ini Daftarnya Lebih lanjut, pengaturan arus penerbangan pada fase awal pemulihan mempertimbangkan kondisi operasional di lapangan, termasuk kebutuhan untuk mempercepat keberangkatan pesawat yang sebelumnya terdampak serta mengembalikan kapasitas apron secara bertahap. Bandara Soekarno-Hatta juga telah berkoordinasi dengan seluruh operator transportasi publik untuk memastikan ketersediaan armada untuk mendukung mobilitas dari dan ke Bandara Soekarno-Hatta. ""Calon penumpang diimbau untuk senantiasa memantau dan memastikan status serta jadwal penerbangannya melalui kanal resmi maskapai masing-masing sebelum berangkat menuju bandara tujuan, mengingat adanya penyesuaian jadwal penerbangan,"" ujar Heru. (hal/ara) ... Tautan telah disalin bandara soekarno-hatta bandara husein sastranegara bandara halim perdanakusuma"
"Pinjaman Online Warga RI Makin Banyak, Tembus Rp 105 Triliun",https://finance.detik.com/moneter/d-8653044/pinjaman-online-warga-ri-makin-banyak-tembus-rp-105-triliun,"Jakarta - Otoritas Jasa Keuangan (OJK) mencatat total utang masyarakat Indonesia pada layanan Peer to Peer (P2P) Lending atau pinjaman online (pinjol) mencapai Rp 105,63 triliun pada Juli 2026. Kepala Eksekutif Pengawas Lembaga Pembiayaan, Perusahaan Modal Ventura, Lembaga Keuangan Mikro dan Lembaga Jasa Keuangan Lainnya OJK, Agusman mengatakan jumlah tersebut meningkat 24,76% secara tahunan (year-on-year/yoy). ""Pada industri pinjaman daring atau pindar, outstanding pembiayaan pada Juli 2026 tumbuh 24,76% year-on-year dengan nominal sebesar Rp 105,63 triliun,"" terang Agusman dalam konferensi pers RDKB Agustus secara online, Senin (7/9/2026). SCROLL TO CONTINUE WITH CONTENT Agusman menjelaskan tingkat risiko kredit macet secara agregat atau TWP90 fintech P2P lending pada Juli 2026 berada di posisi 4,32%. Angka ini juga meningkat jika dibandingkan dengan bulan sebelumnya, yakni 4,26%. ""Tingkat risiko kredit macet secara agregat atau TWP90 tercatat di posisi 4,32%"" terang Agusman. ADVERTISEMENT Pada industri pergadaian, Agusman menyampaikan penyaluran pembiayaan pada Juli 2026 tumbuh sebesar 50,73% year-on-year menjadi Rp 160,78 triliun, dengan pembiayaan terbesar disalurkan dalam bentuk produk gadai yaitu sebesar Rp 136,39 triliun atau 84,83% dari total pembiayaan. OJK telah memberikan persetujuan peningkatan lingkup wilayah usaha menjadi nasional kepada dua perusahaan pergadaian, yaitu PT Pusat Gadai Indonesia dan PT Raja Gadai Indonesia. ""Dengan demikian, saat ini terdapat 5 perusahaan pergadaian dengan lingkup wilayah usaha nasional,"" tutur Agusman. (hrp/hns) ... Tautan telah disalin p2p lending pinjaman online utang masyarakat ojk risiko kredit industri keuangan pembiayaan gadai pertumbuhan ekonomi fintech"
"3 Bandara Masih Ditutup hingga Pukul 10.00 WIB, Ini Daftarnya",https://finance.detik.com/berita-ekonomi-bisnis/d-8653127/3-bandara-masih-ditutup-hingga-pukul-10-00-wib-ini-daftarnya,"Daftar Isi Detail Status Operasional Bandara Jakarta - AirNav Indonesia mengumumkan masih ada tiga bandara yang operasinya ditutup imbas sebaran abu vulkanik. Ketiga bandara tersebut adalah Bandara Radin Inten II Lampung, Bandara Muhammad Taufiq Kiemas Lampung, dan Bandara Salakanagara Tanjung Lesung. Penutupan bandara dilakukan hingga pukul 10.00 WIB pagi ini berdasarkan pembaruan informasi aeronautika yang diterbitkan AirNav Indonesia melalui NOTAM terbaru. Penerbitan NOTAM tersebut mengacu pada perubahan kondisi sebaran abu yang berdampak terhadap operasional penerbangan, sehingga berdasarkan evaluasi keselamatan dan informasi aeronautika terbaru, sejumlah bandar udara dapat kembali beroperasi. ""Selain itu, perkembangan kondisi di lapangan juga menjadi bagian dari pemantauan, antara lain dengan memerhatikan hasil paper test volcanic ash yang dilakukan secara berkala pada 7 September 2026 di lokasi bandara-bandara terdampak,"" tulis AirNav dalam keterangan resminya, Selasa (8/9/2026). SCROLL TO CONTINUE WITH CONTENT Baca juga: Bandara Soetta-Husein Dibuka Lagi, Radin Inten Masih Ditutup Sementara itu, sudah ada enam bandara lainnya yang kembali dibuka sejak tengah malam setelah sempat ikut ditutup imbas abu vulkanik sejak hari Minggu kemarin, termasuk Bandara Soekarno-Hatta yang menjadi bandara tersibuk di Indonesia. ADVERTISEMENT Detail Status Operasional Bandara 1. Bandar Udara Internasional Soekarno-Hatta (WIII) kembali berstatus OPEN AND RESUMED OPERATIONS berdasarkan NOTAM A3395/26 NOTAMR A3387/26, mulai pukul 00.30 WIB pada 8 September 2026. NOTAM tersebut juga mengingatkan bahwa awan abu vulkanik Gunung Anak Krakatau masih persisten di dalam FIR dan pilot diminta berhati-hati selama proses kedatangan dan keberangkatan. 2. Bandar Udara Halim Perdanakusuma (WIHH) kembali berstatus OPEN berdasarkan NOTAM A3396/26 NOTAMR A3386/26, mulai pukul 00.40 WIB pada 8 September 2026. 3. Bandar Udara Husein Sastranegara (WICC), Bandung, kembali berstatus OPEN berdasarkan NOTAM C1123/26 NOTAMR C1116/26, mulai pukul 00.42 WIB pada 8 September 2026. 4. Bandar Udara Budiarto (WIRR), Tangerang, kembali berstatus OPEN berdasarkan NOTAM C1126/26 NOTAMR C1115/26, mulai pukul 01.25 WIB pada 8 September 2026. 5. Bandar Udara Pondok Cabe (WIHP), Tangerang Selatan, kembali berstatus OPEN berdasarkan NOTAM C1127/26 NOTAMR C1118/26, mulai pukul 01.28 WIB pada 8 September 2026. 6. Bandar Udara Pagar Alam/Atung Bungsu (WIPY), Pagar Alam, telah lebih dahulu kembali berstatus OPEN berdasarkan NOTAM C1107/26 NOTAMC C1105/26, mulai pukul 08.12 WIB pada 7 September 2026. 7. Bandar Udara Radin Inten II (WILL), Lampung, masih berstatus CLOSED hingga estimasi pukul 10.00 WIB pada 8 September 2026. 8. Bandar Udara Muhammad Taufiq Kiemas (WILP), masih berstatus CLOSED hingga estimasi pukul 10.00 WIB pada 8 September 2026. 9. Bandar Udara Salakanagara Tanjung Lesung (WIHI), Pandeglang, masih berstatus CLOSED hingga estimasi pukul 10.00 WIB pada 8 September 2026. (hal/ara) ... Tautan telah disalin bandara ditutup abu vulkanik airnav indonesia penerbangan keselamatan penerbangan gunung anak krakatau"
"Modus Penipuan Makin Marak, Jangan Asal Klik Link!",https://finance.detik.com/moneter/d-8650779/modus-penipuan-makin-marak-jangan-asal-klik-link,"Jakarta - Di tengah pesatnya adopsi layanan perbankan digital, berbagai modus penipuan juga terus bermunculan. Karena itu, pengguna layanan perbankan digital perlu lebih waspada dan jeli dalam memilah informasi, terutama yang beredar di media sosial maupun situs web yang mengatasnamakan bank nasional. Vice President Bank Mandiri Region II PT Bank Mandiri (Persero) Tbk, Hari Mulyana, mengatakan modus penipuan yang kerap terjadi biasanya berupa tawaran transaksi melalui WhatsApp (WA) dan media sosial lainnya. Ia pun mengimbau masyarakat agar lebih selektif dalam menerima dan menanggapi berbagai tawaran tersebut. ""Kita juga harus selektif memisahkan mana-mana transaksi-transaksi yang memang tidak memberikan dampak merugikan bagi kita semua. Tadi seperti disampaikan oleh moderator terkait dengan OTP, one-time password gitu ya. Jadi jangan pernah memberikan OTP ini ke orang lain,"" ungkapnya dalam acara Lampung Financial Festival, Minggu (6/9/2026). SCROLL TO CONTINUE WITH CONTENT Selain itu, ia juga mengimbau masyarakat untuk tidak memberikan CVV2 yang memuat tiga digit angka terakhir dari kartu kredit. Hari mengatakan, menyebarkan OTP dan CVV2 memuat banyak risiko keuangan. Baca juga: LPS Ungkap Dampak Ngeri Bank Bangkrut: Ekonomi Ambruk! ADVERTISEMENT Apabila terlanjur memberikan OTP atau CVV2 kepada pihak lain, Hari meminta masyarakat untuk aktif melaporkan untuk penindakan lanjutan. Layanan pengaduan Bank Mandiri sendiri bisa diakses langsung melalui Livin by Mandiri. ""Kami di Livin itu punya akses seandainya ada sesuatu yang mencurigakan, ada call center-nya, ada Livin Call-nya yang memang bebas biaya, dan bisa langsung memblokir kartunya via Livin. Jadi kalau misalkan tidak berkesempatan lewat call center itu bisa langsung request untuk blokir kartunya di Livin,"" jelasnya. Dalam kesempatan yang sama, Regional CEO PT Bank Negara Indonesia (Persero) Tbk Regional Office 03, Bagus Ardani Sutoyo, juga mengimbau masyarakat agar tidak sembarangan mengakses situs yang mengatasnamakan BNI. Menurutnya, masyarakat perlu proaktif mengonfirmasi informasi yang mencurigakan melalui call center resmi perbankan. BNI juga menyediakan layanan pemblokiran kartu secara digital melalui aplikasi wondr by BNI. Bagus menegaskan, seluruh informasi resmi mengenai layanan dan produk perbankan hanya disampaikan melalui situs resmi perusahaan. ""Teman-teman juga tolong jangan sembarangan di medsos buka link-link yang bukan link-link resmi, karena ini sangat berbahaya sekali. Jadi teman-teman tolong saya titip bijaksana dalam medsos, kemudian bukalah website-website resmi dan link-link yang resmi ada di perbankan, yang ada di masing-masing bank,"" pungkasnya. (acd/acd) ... Tautan telah disalin lps lampung financial festival 2026 penipuan online perbankan digital keamanan siber"
Kapal Eks KRI Ki Hajar Dewantara Bakal Dilelang Rp 370 M,https://finance.detik.com/berita-ekonomi-bisnis/d-8653432/kapal-eks-kri-ki-hajar-dewantara-bakal-dilelang-rp-370-m,"Jakarta - Dewan Perwakilan Rakyat (DPR) menyetujui permohonan pemindahtanganan barang milik negara (BMN) yang diajukan oleh pemerintah melalui mekanisme penjualan secara lelang. Aset negara yang akan dilelang tersebut berupa satu unit kapal eks-KRI Ki Hajar Dewantara dengan nomor lambung 364. Persetujuan ini disampaikan langsung oleh Ketua Komisi I DPR RI, Utut Adianto, dalam rapat paripurna DPR ke-5 masa persidangan I tahun sidang 2026-2027 setelah melalui proses pembahasan bersama pihak pemerintah. ""Komisi I DPR RI menyetujui permohonan persetujuan pemindahtanganan barang milik negara melalui mekanisme penjualan secara lelang berupa satu unit kapal eks-KRI Ki Hajar Dewantara 364 pada Kementerian Pertahanan TNI Angkatan Laut sebagaimana disampaikan surat Bapak Presiden di awal,"" ujar Utut. SCROLL TO CONTINUE WITH CONTENT Baca juga: Dari Rp 2,41 T Jadi Rp 8,51 T, Mengintip Pertumbuhan Pupuk Indonesia Utut membeberkan spesifikasi teknis serta latar belakang dari kapal perang legendaris tersebut. Kapal jenis korvet ini merupakan buatan galangan kapal di Split, Yugoslavia yang kini wilayahnya masuk ke Kroasia di tepi Laut Adriatik. ADVERTISEMENT Kapal perang tersebut dibuat pada tahun 1979 dengan dimensi panjang 96,7 meter dan lebar 11,2 meter. Adapun nilai perolehan untuk kapal tersebut mencapai Rp 370.620.353.400. ""Ini kapalnya, Ki Hajar Dewantara nomor lambung 364, asal pembuatan Yugoslavia. Dari galangan kapal di Split. Nilainya Rp 370 (miliar),"" tambah ia. Adapun proses penjualan aset negara ini didasarkan pada amanat Undang-Undang Nomor 1 Tahun 2004 tentang Perbendaharaan Negara. Regulasi tersebut mewajibkan setiap penjualan barang milik negara yang nilainya melebihi Rp 100 miliar untuk wajib memperoleh persetujuan dari DPR RI. Setelah mendengarkan laporan lengkap dari Komisi I, Wakil Ketua DPR Sufmi Dasco mengetok palu persetujuan setelah para peserta sidang menyatakan setuju atas permohonan tersebut. Lihat juga Video: Canopus-936, Kapal Perang Baru Indonesia dari Jerman [Gambas:Video 20detik] (acd/acd) ... Tautan telah disalin pemindahtanganan bmn dpr ri lelang kapal"
"Modus Penipuan Makin Marak, Jangan Asal Klik Link!",https://finance.detik.com/moneter/d-8650779/modus-penipuan-makin-marak-jangan-asal-klik-link,"Jakarta - Di tengah pesatnya adopsi layanan perbankan digital, berbagai modus penipuan juga terus bermunculan. Karena itu, pengguna layanan perbankan digital perlu lebih waspada dan jeli dalam memilah informasi, terutama yang beredar di media sosial maupun situs web yang mengatasnamakan bank nasional. Vice President Bank Mandiri Region II PT Bank Mandiri (Persero) Tbk, Hari Mulyana, mengatakan modus penipuan yang kerap terjadi biasanya berupa tawaran transaksi melalui WhatsApp (WA) dan media sosial lainnya. Ia pun mengimbau masyarakat agar lebih selektif dalam menerima dan menanggapi berbagai tawaran tersebut. ""Kita juga harus selektif memisahkan mana-mana transaksi-transaksi yang memang tidak memberikan dampak merugikan bagi kita semua. Tadi seperti disampaikan oleh moderator terkait dengan OTP, one-time password gitu ya. Jadi jangan pernah memberikan OTP ini ke orang lain,"" ungkapnya dalam acara Lampung Financial Festival, Minggu (6/9/2026). SCROLL TO CONTINUE WITH CONTENT Selain itu, ia juga mengimbau masyarakat untuk tidak memberikan CVV2 yang memuat tiga digit angka terakhir dari kartu kredit. Hari mengatakan, menyebarkan OTP dan CVV2 memuat banyak risiko keuangan. Baca juga: LPS Ungkap Dampak Ngeri Bank Bangkrut: Ekonomi Ambruk! ADVERTISEMENT Apabila terlanjur memberikan OTP atau CVV2 kepada pihak lain, Hari meminta masyarakat untuk aktif melaporkan untuk penindakan lanjutan. Layanan pengaduan Bank Mandiri sendiri bisa diakses langsung melalui Livin by Mandiri. ""Kami di Livin itu punya akses seandainya ada sesuatu yang mencurigakan, ada call center-nya, ada Livin Call-nya yang memang bebas biaya, dan bisa langsung memblokir kartunya via Livin. Jadi kalau misalkan tidak berkesempatan lewat call center itu bisa langsung request untuk blokir kartunya di Livin,"" jelasnya. Dalam kesempatan yang sama, Regional CEO PT Bank Negara Indonesia (Persero) Tbk Regional Office 03, Bagus Ardani Sutoyo, juga mengimbau masyarakat agar tidak sembarangan mengakses situs yang mengatasnamakan BNI. Menurutnya, masyarakat perlu proaktif mengonfirmasi informasi yang mencurigakan melalui call center resmi perbankan. BNI juga menyediakan layanan pemblokiran kartu secara digital melalui aplikasi wondr by BNI. Bagus menegaskan, seluruh informasi resmi mengenai layanan dan produk perbankan hanya disampaikan melalui situs resmi perusahaan. ""Teman-teman juga tolong jangan sembarangan di medsos buka link-link yang bukan link-link resmi, karena ini sangat berbahaya sekali. Jadi teman-teman tolong saya titip bijaksana dalam medsos, kemudian bukalah website-website resmi dan link-link yang resmi ada di perbankan, yang ada di masing-masing bank,"" pungkasnya. (acd/acd) ... Tautan telah disalin lps lampung financial festival 2026 penipuan online perbankan digital keamanan siber"
Airlangga Sebut Bencana Bikin Ekonomi Kontraksi di Daerah Terdampak,https://finance.detik.com/berita-ekonomi-bisnis/d-8653351/airlangga-sebut-bencana-bikin-ekonomi-kontraksi-di-daerah-terdampak,"Jakarta - Sederet bencana alam melanda Indonesia dalam beberapa waktu terakhir, mulai dari banjir bandang, gempa bumi, hingga erupsi gunung berapi di beberapa daerah. Belum lagi urusan kebakaran hutan dan lahan (karhutla) juga belum selesai sepenuhnya penanganannya. Lantas apakah deretan bencana ini dapat memperlambat pertumbuhan ekonomi di Indonesia? Menteri Koordinator Bidang Perekonomian Airlangga Hartarto mengatakan tentu saja perlambatan ekonomi bisa terjadi di daerah-daerah yang terdampak bencana saja, tidak secara nasional. Sejauh ini pemerintah masih memonitor sebesar apa dampaknya dan apa saja yang bisa langsung diperbaiki untuk mempercepat pemulihan. SCROLL TO CONTINUE WITH CONTENT ""Ya pertama tentu di daerah yang terdampak pasti terjadi kontraksi dan kami masih monitor program-program apa yang terkena dan di berbagai provinsi tersebut,"" ujar Airlangga di Kompleks Istana Kepresidenan, Jakarta Pusat, Selasa (8/9/2026). Baca juga: Purbaya Siap Gelontorkan Dana Bencana, Minta Hitungan Jangan Ngaco! ADVERTISEMENT Airlangga juga mengatakan pemerintah mulai memantau dampak erupsi beberapa gunung berapi terhadap aktivitas masyarakat yang berkurang. ""Sekarang juga kami sedang monitor akibat daripada letusan 5-6 gunung di Indonesia ini terutama untuk aktivitas masyarakat yang sangat berkurang,"" ujar Airlangga. Dari segi logistik, Airlangga juga mengatakan pasti ada dampak ekonomi dan kerugian yang terjadi apalagi ada beberapa bandara besar yang mesti ditutup imbas abu vulkanik gunung berapi. Namun ketika ditanya berapa nominalnya, dia bilang pemerintah masih menghitungnya. ""Logistik sudah pasti di sektor penerbangan sudah terjadi gangguan karena sektor penerbangan kan juga ada kaitannya dengan kargo,"" ujar Airlangga. ""Sudah ada tapi kita monitor karena kita masih monitor berapa lama ini harus ditutup,"" katanya ketika ditanya apakah ada nominal kerugian. Baca juga: Menhub Jamin Maskapai Refund Tiket Pesawat 100% Imbas Abu Vulkanik Di sisi lain, Menteri Keuangan Purbaya Yudhi Sadewa sedikit optimistis dampak bencana, khususnya dampak erupsi Gunung Anak Krakatau tidak akan memperlambat perekonomian.Namun, dia mengakui dampak bencana kemungkinan cukup besar di Sumatera yang terkena banjir bandang dan NTT yang terkena gempa. ""Belum (memicu perlambatan ekonomi). Harusnya sih nggak terlalu signifikan ya kalau hanya beberapa hari. Kalau hanya beberapa hari bencana saja dan debunya kan nggak tebel-tebel amat kan ya? Kita lihat ke depan seperti apa,"" papar Purbaya di tempat yang sama. ""Kalau saya lihat secara kasar sih harusnya dampaknya nggak sebesar di Provinsi Sumatera Utara, Aceh, Sumatera Barat kemarin atau di NTT kemarin ya,"" lanjutnya. Simak juga Video: Rencana Mensos soal Dana Darurat Bantu Warga Terdampak Bencana [Gambas:Video 20detik] (hal/ara) ... Tautan telah disalin erupsi gunung berapi bencana alam ekonomi indonesia kontraksi ekonomi airlangga hartarto"
"Putri Mahkota Swedia Datangi Lombok, Ada Apa?",https://finance.detik.com/berita-ekonomi-bisnis/d-8653345/putri-mahkota-swedia-datangi-lombok-ada-apa,"Jakarta - Putri Mahkota Victoria Ingrid Alice Desiree berkunjung ke Nusa Tenggara Barat (NTB). Pewaris takhta Kerajaan Swedia itu berada di NTB selama empat hari, 5-8 September 2026. Gubernur NTB Lalu Muhammad Iqbal menyampaikan bahwa kedatangan Victoria bukan hanya sebagai calon penerus Raja Carl XVI Gustaf, tetapi juga sebagai Goodwill Ambassador UNDP, badan pembangunan Perserikatan Bangsa-Bangsa. Menurutnya, Lombok dipilih karena memiliki jejak panjang kerja sama dengan UNDP, mulai dari pemulihan pasca gempa, kesehatan, ekonomi biru hingga penguatan ekonomi masyarakat. Putri Victoria melihat secara dekat bagaimana agenda pembangunan berkelanjutan diterjemahkan dalam aksi nyata di lapangan. SCROLL TO CONTINUE WITH CONTENT ""Beliau melihat langsung pengembangan ekonomi biru, perlindungan ekosistem pesisir, serta program asuransi terumbu karang. Hal itu sebagai sinergi pengelolaan pariwisata bahari dan pelestarian lingkungan laut,"" katanya dalam keterangan tertulis, Selasa (8/9/2026). Iqbal menyampaikan, kunjungan tersebut semakin memperpanjang daftar tamu internasional yang datang ke NTB. Sebelumnya, sebanyak 11 duta besar negara sahabat sudah berkunjung ke NTB. Mulai dari duta besar Qatar H.E. Dr. Sultan bin Mubarak Saad Al-Dosari, Oman H.E. Mohamed Ahmed Salim Al-Shanfari, Maroko H.E. Redouane Houssaini, hingga Duta Besar Palestina Palestina H.E. Zuhair Saleh Muhammad Al-Shun. ADVERTISEMENT Bahkan, tahun lalu Gubernur Iqbal menggelar Indonesia Gastrodiplomacy Series (IGS) yang diikuti duta besar dan diplomat perwakilan dari 27 negara. Mereka tak hanya dari Benua Asia, tapi juga Afrika, Amerika, bahkan dari Benua Eropa seperti Finlandia, Inggris, tak ketinggalan pula negara-negara maju seperti Tiongkok dan Korea. Iqbal mengakui, mengenalkan NTB ke dunia bukan semata soal meningkatkan eksposur daerah. Diplomasi internasional harus berdampak pada terbukanya akses terhadap investasi, pasar, teknologi, wisatawan, hingga kesempatan kerja dan peningkatan kapasitas masyarakat NTB. Pertemuan dengan Qatar, misalnya, digunakan untuk menjajaki peluang masuknya investasi dan modal swasta. Sementara hubungan dengan negara-negara lain dapat dikembangkan untuk memperluas pasar produk NTB, kerja sama pendidikan dan vokasi, hingga membuka akses bagi tenaga kerja NTB ke pasar internasional. ""Kita tidak ingin tamu-tamu internasional hanya datang, berfoto, lalu pulang. Kita ingin setiap hubungan yang dibangun membuka pintu ekonomi baru bagi NTB,"" kata Iqbal. Lihat juga Video Heboh Ikan 'Kiamat' Oarfish Terdampar di Pantai Pink Lombok Timur [Gambas:Video 20detik] (hrp/fdl) ... Tautan telah disalin putri mahkota swedia kunjungan ntb nusa tenggara barat goodwill ambassador"
"Investasi Energi Bersih RI Naik-Turun, ESDM Ungkap Apa yang Terjadi",https://finance.detik.com/energi/d-8653341/investasi-energi-bersih-ri-naik-turun-esdm-ungkap-apa-yang-terjadi,"Jakarta - Pemerintah terus menggenjot pengembangan energi baru, terbarukan, dan konservasi energi (EBTKE) sebagai bagian dari upaya mempercepat transisi menuju sistem energi yang lebih bersih. Berbagai pembangunan infrastruktur seperti pembangkit listrik tenaga surya, pengembangan kendaraan listrik, pemanfaatan panas bumi, bioenergi, hingga berbagai program efisiensi energi terus dikebut. Dalam proses tersebut, Direktur Jenderal Energi Baru, Terbarukan dan Konservasi Energi (EBTKE) Kementrian Energi dan Sumber Daya Mineral (ESDM), Eniya Listiani Dewi mengatakan perlunya ada dukungan dari berbagai pihak. Hal ini guna meningkatkan investasi dan implementasi EBTKE yang ada saat ini. SCROLL TO CONTINUE WITH CONTENT ""Hingga saat ini capaian pengembangan energi baru, terbarukan dan konservasi energi grafiknya naik turun. Dari data kita lihat grafiknya memang naik, capaian investasi dan juga implementasi, tetapi memang kadang-kadang terkoreksi, bahkan triwulan pertama kemarin 18.3%, sekarang terkoreksi sedikit,"" ujar Eniya dalam keterangan tertulis, Selasa (8/9/2026). Lebih jauh, Eniya juga mengapresiasi para pihak yang ikut mendorong dan terlibat aktif baik itu individu maupun korporat yang memiliki komitmen dalam pengembangan energi baru terbarukan. Bahkan pihaknya menyambut baik beberapa kampus yang juga terlibat dalam program tersebut. ADVERTISEMENT ""Di mana ada universitas atau perguruan tinggi, kita overlay dengan sebaran EBT, sehingga di titik mana nanti universitas mana harus jadi center of excellence dari PLTS misalnya"" tambah Eniya. Dalam acara Apresiasi EBTKE 2026, pemerintah juga memberikan penghargaan kepada sejumlah perusahaan, perguruan tinggi, dan individu yang dinilai memiliki kontribusi terhadap pengembangan energi baru terbarukan dan konservasi energi. Untuk kategori Women in Clean Energy diberikan kepada Mada Ayu Habsari dari Asosiasi Energi Surya Indonesia (AESI) yang dinilai memiliki komitmen dan kontribusi nyata dalam pengembangan energi bersih, inovasi, kepemimpinan, pemberdayaan masyarakat, serta percepatan transisi energi di Indonesia. Melalui organisasinya, Mada menjalankan komitmen pengembangan energi bersih yang selama ini menjadi area male domination dengan melibatkan banyak pekerja perempuan. Menurut Mada Ayu Habsari transisi energi membutuhkan kontribusi dari semua pihak, termasuk perempuan. ""Dengan mengakui dan memperkenalkan perempuan yang telah berkontribusi dalam energi bersih dan dekarbonisasi, kita dapat meningkatkan visibilitas mereka sebagai role model, sekaligus mendorong lebih banyak perempuan untuk terlibat dalam sektor energi."" ujar Mada. Rita Kefi dari Yayasan Humanis juga menerima penghargaan dalam subkategori Changemaker. Di mana Rita Kefi dan lembaganya terjun ke lapangan untuk melakukan literasi dan pelatihan kepada kaum perempuan dengan metode menggambar sehingga mereka yang bersekolah juga bisa terlibat untuk kegiatan pelatihan. Kontribusi Rita dan organisasinya merefleksikan perspektif bahwa transisi energi tidak boleh berhenti pada persoalan teknologi dan penurunan emisi. Perubahan sistem energi juga harus memperhatikan siapa yang mendapatkan akses, siapa yang dilibatkan dalam pengambilan keputusan, dan siapa yang memperoleh manfaat sosial maupun ekonomi dari transisi tersebut. Sementara perempuan lainnya yang juga menerima awarding dalam momen itu adalah Novia Utami Putri dari Politeknik Negeri Lampung yang menerima penghargaan untuk subkategori Innovator. Kiprah Novia memperlihatkan pentingnya peran perempuan dalam mendorong inovasi dan pengembangan solusi energi bersih yang aplikatif. Pada saat yang sama, pendidikan vokasi menjadi bagian penting untuk menyiapkan sumber daya manusia yang mampu menjawab kebutuhan sektor energi yang terus berubah. Lihat juga Video JK dan Anaknya Temui Prabowo Bicara Investasi Energi Rp 70 Triliun [Gambas:Video 20detik] (hrp/fdl) ... Tautan telah disalin energi terbarukan konservasi energi transisi energi pembangkit listrik tenaga surya"
"Dorong Kapasitas Ekspor, LPEI & Kemenkeu Resmikan 48 Desa Devisa di Babel",https://finance.detik.com/berita-ekonomi-bisnis/d-8653337/dorong-kapasitas-ekspor-lpei-kemenkeu-resmikan-48-desa-devisa-di-babel,"Jakarta - Lembaga Pembiayaan Ekspor Indonesia (LPEI)/Indonesia Eximbank bersama Direktorat Jenderal Perbendaharaan (DJPb) Kementerian Keuangan RI (Kemenkeu) meresmikan 48 Desa Devisa di Provinsi Kepulauan Babel. Langkah ini menjadi bagian dari sinergi Kemenkeu Satu dalam membangun kapasitas ekspor dari tingkat desa. Hal ini sekaligus mendorong sumber pertumbuhan ekonomi daerah yang lebih beragam. Adapun seluruh Desa Devisa tersebut memiliki kekuatan pada tiga klaster komoditas unggulan yaitu lada, kerajinan lidi nipah, dan olahan perikanan. Masing-masing memiliki karakter produk dan basis pelaku usaha yang dapat dikembangkan untuk menjangkau pasar yang lebih luas. Direktur Pelaksana Keuangan, Operasional, & Teknologi Informasi LPEI Anwar Harsono mengatakan konsistensi menjadi salah satu kunci agar pelaku usaha tidak hanya dapat memasuki, tetapi juga bertahan di pasar global. SCROLL TO CONTINUE WITH CONTENT ""Keunikan produk adalah pintu masuk, tetapi yang membuat pelaku usaha bertahan di pasar ekspor adalah konsistensi. Kapasitas produksi, kualitas dan spesifikasi produk, tata kelola usaha, dan kesiapan finansial harus dibangun bertahap sebelum pelaku usaha berhadapan dengan pembeli luar negeri,"" ujar Anwar, dalam keterangan tertulis, Selasa (8/9/2026). ""Di situlah pendampingan Desa Devisa berperan,"" sambungnya. ADVERTISEMENT Baca juga: LPEI Kucurkan US$ 8,5 Juta Danai Ekspor Gerbong Barang ke Selandia Baru Klaster lada mencakup 34 desa dengan sekitar 400 petani di Kabupaten Bangka Selatan dan Bangka Tengah. Produk yang dihasilkan berupa lada putih dalam bentuk biji dan bubuk. Lada Bangka telah dikenal di pasar global sebagai Muntok White Pepper, memiliki kandungan piperin tinggi yang memberikan karakter pedas tajam, serta telah memperoleh perlindungan Indikasi Geografis (IG). Potensi berikutnya datang dari tujuh desa penghasil kerajinan lidi nipah yang melibatkan 50 perajin di Kabupaten Bangka dan Bangka Tengah. Serat lidi nipah yang tebal, panjang, dan lentur, dengan gradasi warna alami kecokelatan hingga krem, memberikan karakter premium pada produk kerajinan yang sepenuhnya organik dan mudah terurai. Sementara itu, klaster olahan perikanan mencakup tujuh desa dengan 36 pelaku usaha kecil dan menengah di Kabupaten Bangka dan Bangka Tengah. Produk diolah dari hasil tangkapan laut segar, dengan puluhan Industri Kecil Menengah (IKM) yang telah bernaung dalam satu sentra sehingga penguatan dan penjagaan standar kualitas produk dapat dilakukan secara lebih terarah. Sebagai Special Mission Vehicle (SMV) Kemenkeu, LPEI akan mendampingi pelaku usaha mulai dari penguatan kelembagaan dan manajemen ekspor hingga perluasan akses pasar. Pendampingan tersebut meliputi pelatihan prosedur dan dokumen ekspor, penyusunan laporan keuangan berstandar akuntansi, pengenalan market intelligence, pembiayaan pengiriman sampel ke luar negeri, fasilitasi uji laboratorium, hingga keikutsertaan dalam pameran internasional. Langkah LPEI ini didukung oleh sinergi lintas instansi yang solid. LPEI bersinergi dengan DJPb, Bea Cukai, Kementerian Perindustrian RI (Kemenperin), Bank Indonesia (BI) perwakilan Babel, dan Pemerintah Daerah (Pemda) Provinsi Kepulauan Bangka Belitung. Baca juga: Ekspor Tekstil RI Diprediksi Tumbuh 3,2%, Ada Tekanan Vietnam-China Masing-masing institusi memainkan peran strategis dalam membangun ekosistem ekspor yang berkelanjutan, dengan BI, Kemenperin, dan Pemda Babel berfungsi sebagai inkubator UMKM, sementara LPEI, DJPb, dan Bea Cukai menjalankan fungsi sebagai akselerator ekspor. Kepala Kanwil DJPb Provinsi Kepulauan Babel sekaligus Kepala Perwakilan Kemenkeu Babel Muhamad Mufti Arkan menyatakan program ini merupakan bagian dari upaya membangun sumber pertumbuhan ekonomi baru yang lebih beragam, inklusif, dan berkelanjutan dengan menempatkan desa sebagai titik awal pembangunan ekonomi yang berorientasi global. Program Desa Devisa merupakan program pendampingan berbasis community development yang diinisiasi Indonesia Eximbank untuk meningkatkan kapasitas masyarakat lokal dan mengembangkan komoditas unggulan desa hingga mampu menembus pasar ekspor. Program ini sejalan dengan komitmen Indonesia Eximbank pada prinsip Environmental, Social, and Governance (ESG) dan kerangka Sustainable Development Goals (SDGs), sekaligus mendukung Asta Cita Pemerintah. Sinergi ini semakin melengkapi perjalanan LPEI selama 17 tahun dalam mengawal dan mendorong pertumbuhan ekspor nasional. Program ini menjadi bagian dari upaya berkelanjutan LPEI untuk memastikan bahwa pertumbuhan ekspor tidak hanya bertumpu pada pelaku usaha besar, tetapi juga tumbuh dari potensi ekonomi masyarakat di berbagai daerah Indonesia. Video: Komitmen Indonesia Eximbank Perkuat Ekspor Nasional Video: Komitmen Indonesia Eximbank Perkuat Ekspor Nasional (anl/ega) ... Tautan telah disalin lpei kemenkeu desa devisa pertumbuhan ekonomi komoditas unggulan ekspor"
Arahan Prabowo: Bantuan Beras Lanjut sampai Desember,https://finance.detik.com/berita-ekonomi-bisnis/d-8653305/arahan-prabowo-bantuan-beras-lanjut-sampai-desember,"Jakarta - Menteri Koordinator Bidang Perekonomian Airlangga Hartarto mengatakan program bantuan pangan bakal terus diberikan hingga akhir tahun. Bantuan pangan beras 10 kilogram (kg) per bulan terakhir disalurkan hingga September, dan akan diperpanjang sampai Desember. Airlangga bilang ini merupakan arahan langsung Presiden Prabowo Subianto usai melakukan rapat terbatas di Istana Kepresidenan, Jakarta Pusat, Senin sore kemarin. ""Terkait dengan program-program bantuan yang disiapkan untuk tahun ini, termasuk bantuan beras yang sampai dengan bulan September itu 30 kg. Lalu, arahan bapak presiden itu untuk dilanjutkan di bulan selanjutnya, yaitu Oktober, November, dan Desember,"" beber Airlangga, dikutip Selasa (8/9/2026). SCROLL TO CONTINUE WITH CONTENT Baca juga: Mentan Pastikan Produksi Beras Aman saat El Nino, SPHP Ditambah 1 Juta Ton Sebelumnya, Menteri Koordinator Bidang Pangan Zulkifli Hasan alias Zulhas mengatakan bansos pangan beras akan diberikan untuk periode Oktober, November, dan Desember 2026. Rencananya, penyaluran dilakukan secara sekaligus (dirapel) untuk periode tiga bulan tersebut kepada seluruh keluarga penerima manfaat. Dia mengatakan penyaluran bansos ini menyasar masyarakat kurang mampu yang masuk dalam kelompok desil 1 hingga desil 4. Menurutnya mencakup puluhan juta jiwa. ADVERTISEMENT ""Kita sudah memutuskan bantuan pangan untuk desil 1-desil 4 sejumlah 33 juta sekian (penerima manfaat) ya, rakyat kita yang jumlahnya itu kali 10 kg per bulan. Jadi 30 kg,"" kata Zulhas dalam konferensi pers usai rapat di kantornya, Jakarta Pusat, Senin (7/9/2026) kemarin. Menurutnya, langkah penyaluran bansos yang dilakukan sekaligus ini juga bertujuan untuk membanjiri stok masyarakat. Dengan begitu, permintaan akan beras di pasar dapat turun signifikan. Kondisi ini dinilai dapat ikut menekan kenaikan harga imbas pelemahan produksi beras domestik di tengah musim kemarau kering hingga akhir tahun ini. Lihat juga Video: Hadapi El Nino, Bantuan Beras 30 Kg Dilanjutkan hingga Desember [Gambas:Video 20detik] (hal/ara) ... Tautan telah disalin bantuan beras prabowo subianto program bantuan pangan"
Harga Emas Antam Hari Ini Jatuh!,https://finance.detik.com/berita-ekonomi-bisnis/d-8653266/harga-emas-antam-hari-ini-jatuh,"Jakarta - Harga emas Antam kembali mengalami penurunan dan melanjutkan tren pelemahan sejak akhir pekan kemarin. Harga emas Antam 24 karat hari turun Rp 10.000 per gram berada di level Rp 2.627.000 per gram. Berdasarkan situs Logam Mulia Antam, Selasa (8/9/2026), satuan harga emas hari ini yang terkecil ukuran 0,5 gram berada di angka Rp 1.363.500. Sementara harga emas 10 gram dijual dengan harga Rp 25.765.000 dan ukuran emas terbesar yakni 1.000 gram (1 kg) dibanderol Rp 2.567.600.000. Jika ditarik dalam sepekan terakhir, harga emas Antam berada dalam rentang Rp 2.624.000-2.670.000 per gram. Sementara dalam sebulan terakhir, harga emas Antam bergerak dalam rentang Rp 2.624.000-2.768.000 per gram. SCROLL TO CONTINUE WITH CONTENT Buyback Emas Harga emas hari ini untuk buyback emas Antam juga turun Rp 10.000 dan berada di level Rp 2.480.000 per gram. Harga buyback adalah jika Anda ingin menjual emas, maka Antam akan membelinya dengan harga tersebut. Sesuai Peraturan Menteri Keuangan (PMK) Nomor 34 Tahun 2017, pembelian emas batangan akan dikenakan PPh 22 sebesar 0,9%. Jika ingin mendapatkan potongan pajak lebih rendah sebesar 0,45%, harus menyertakan NPWP untuk transaksinya. ADVERTISEMENT Rincian Harga Emas Hari Ini Harga emas 0,5 gram: Rp 1.363.500 Harga emas 1 gram: Rp 2.627.000 Harga emas 2 gram Rp 5.194.000 Harga emas 3 gram Rp 7.766.000 Harga emas 5 gram: Rp 12.910.000 Harga emas 10 gram: Rp 25.765.000 Harga emas 25 gram: Rp 64.287.000 Harga emas 50 gram: Rp 128.495.000 Harga emas 100 gram: Rp 256.912.000 Harga emas 250 gram: Rp 642.015.000 Harga emas 500 gram: Rp 1.283.820.000 Harga emas 1.000 gram: Rp 2.567.600.000 Demikian rincian harga emas hari ini keluaran Antam 1 gram hingga 1.000 gram, Selasa (8/9/2026). Lihat juga Video: Harga Emas Antam Ambruk Hari Ini [Gambas:Video 20detik] (igo/fdl) ... Tautan telah disalin harga emas buyback emas investasi emas emas antam harga emas hari ini tren harga emas"
IHSG Dibuka Menguat ke 6.639,https://finance.detik.com/bursa-dan-valas/d-8653232/ihsg-dibuka-menguat-ke-6-639,"Jakarta - Indeks Harga Saham Gabungan (IHSG) cukup bergairah pada perdagangan pagi ini. IHSG dibuka hijau pada pembukaan perdagangan. Dikutip dari data perdagangan RTI, Selasa (8/9/2026), IHSG dibuka di level 6.639,51 pada pembukaan pukul 09.00 WIB. Sekitar lima menit kemudian IHSG masih meroket ke zona hijau hingga menguat 0,40% secara harian atau naik 26,55 poin ke level 6.646,22. IHSG paling tinggi diperdagangkan pada level 6.652,53 dan terendah 6.636,93. Sebanyak 310 saham menguat, 143 saham melemah, dan 235 saham stagnan. SCROLL TO CONTINUE WITH CONTENT Baca juga: Simak Rekomendasi Saham saat IHSG Loyo Volume perdagangan pagi ini tembus 2,76 miliar saham dengan perputaran uang Rp 875,74 miliar. Frekuensi perdagangan menyentuh 143.550 kali. ADVERTISEMENT Meski menguat, IHSG masih jauh lebih lemah dibandingkan posisi awal tahun hingga minus 23,12%. Sementara secara tahunan juga melemah 11,41%. Lihat juga Video: IHSG Tertahan Meski Sentimen Global Positif, Investor Tunggu Aturan Baru BEI [Gambas:Video 20detik] (hal/ara) ... Tautan telah disalin ihsg ihsg menguat"
Dolar AS Hari Ini Menguat ke Rp 17.646,https://finance.detik.com/bursa-dan-valas/d-8653229/dolar-as-hari-ini-menguat-ke-rp-17-646,"Jakarta - Nilai tukar dolar Amerika Serikat (AS) menguat terhadap rupiah pada pembukaan perdagangan hari ini. Mata uang Paman Sam di level Rp 17.600 pagi ini. Dikutip dari data Bloomberg , Selasa (8/9/2026), nilai tukar dolar AS pukul 09.05 WIB berada pada level Rp 17.646 atau naik 6 poin (0,03%). Selanjutnya, pergerakan dolar AS terhadap mata uang lainnya cenderung menguat. Nilai tukar dolar AS naik 0,03% terhadap dolar Australia. Dolar AS turun 0,09% terhadap euro. SCROLL TO CONTINUE WITH CONTENT Baca juga: Dolar AS Pagi Ini Menguat ke Rp 17.664 Selanjutnya, pergerakan dolar AS terhadap dolar Singapura minus 0,12%. Sedangkan dolar AS naik terhadap yuan China 0,01%. ADVERTISEMENT Dolar AS minus 0,78% terhadap yen. Sementara itu, dolar AS naik terhadap baht 0,19% dan menguat terhadap ringgit 0,01%. Lihat juga Video BI soal Dolar AS Tembus Rp 17.700: Beda dengan 1998 [Gambas:Video 20detik] (rea/ara) ... Tautan telah disalin dolar as nilai tukar rupiah"
"Dari Rp 2,41 T Jadi Rp 8,51 T, Mengintip Pertumbuhan Pupuk Indonesia",https://finance.detik.com/berita-ekonomi-bisnis/d-8652409/dari-rp-2-41-t-jadi-rp-8-51-t-mengintip-pertumbuhan-pupuk-indonesia,"Jakarta - PT Pupuk Indonesia (Persero) mencatatkan lonjakan kinerja keuangan sepanjang semester I 2026. Laba bersih perusahaan melonjak dari sekitar Rp 2,41 triliun pada periode yang sama tahun sebelumnya menjadi Rp 8,51 triliun. Kenaikan tersebut mencapai 252,8 % secara tahunan. Kinerja positif Pupuk Indonesia bahkan turut mendapat sorotan Presiden RI Prabowo Subianto dalam pidato Sidang Tahunan MPR dan Sidang Bersama DPR-DPD RI pada Jumat (14/8/2026). ""Dan pada saat bersamaan keuntungan PT Pupuk Indonesia, perusahaan negara, BUMN, keuntungannya naik 252,8%. Harga pupuk turun, volume tambah, tapi keuntungan bagi PT Pupuk Indonesia naik 252,8%,"" ujar Prabowo. SCROLL TO CONTINUE WITH CONTENT Pertumbuhan laba tersebut menjadi salah satu gambaran kinerja BUMN yang dinilai semakin positif. Menariknya, peningkatan keuntungan Pupuk Indonesia terjadi bersamaan dengan kebijakan pemerintah untuk menurunkan harga pupuk hingga 20%. ""Pertama kali harga pupuk dapat kita turunkan kepada rakyat,"" ujar Prabowo. ADVERTISEMENT Kondisi tersebut menunjukkan bahwa pertumbuhan Pupuk Indonesia tidak semata-mata berasal dari kenaikan harga jual pupuk. Perusahaan melakukan transformasi bisnis dengan mengedepankan efisiensi operasional dan disiplin biaya. Laba Melonjak 253% Berdasarkan kinerja Januari-Juni 2026, Pupuk Indonesia membukukan laba bersih Rp8,51 triliun. Angka tersebut tumbuh 253% dibandingkan periode yang sama pada tahun sebelumnya yang berada di kisaran Rp 2,41 triliun. Selain laba, pendapatan perusahaan juga mengalami pertumbuhan signifikan. Pupuk Indonesia mencatatkan pendapatan Rp 59,67 triliun, meningkat 51% dibandingkan periode yang sama tahun sebelumnya. Sementara itu, EBITDA perusahaan mencapai Rp 14,28 triliun atau tumbuh 140%. Pertumbuhan tersebut didorong oleh peningkatan volume produksi serta efisiensi biaya operasional yang menjadi bagian dari transformasi perusahaan. Direktur Utama Pupuk Indonesia Rahmad Pribadi mengatakan kinerja tersebut merupakan hasil dari transformasi bisnis dan tata kelola yang dilakukan secara menyeluruh. Menurutnya, penerapan operational excellence dan cost leadership yang dijalankan secara konsisten menjadi fondasi perusahaan untuk tumbuh secara berkelanjutan. ""Berkat dukungan pemerintah melalui Danantara transformasi bisnis secara menyeluruh sudah mulai membuahkan hasil berupa capaian kinerja keuangan yang membanggakan. Dengan fondasi keuangan yang semakin kuat, kami optimistis pertumbuhan ini berkelanjutan, bukan hanya untuk kinerja perusahaan, tapi juga untuk kontribusi yang lebih besar terhadap ketahanan pangan nasional,"" ujar Rahmad. Baca juga: Laba Pupuk Indonesia Naik 253%, Harga Pupuk Turun, Apa Strateginya? Efisiensi Jadi Motor Pertumbuhan Industri pupuk memiliki tantangan tersendiri karena biaya produksi dipengaruhi oleh ketersediaan dan harga bahan baku serta energi. Untuk menghadapi kondisi tersebut, Pupuk Indonesia memperkuat efisiensi sekaligus meningkatkan ketahanan bisnis. Perusahaan memperluas sumber pasokan dan skema kontrak bahan baku untuk mengurangi dampak volatilitas harga komoditas global. Di sisi pendapatan, Pupuk Indonesia juga melakukan diversifikasi dengan memperkuat kontribusi segmen non-subsidi dan produk non-pupuk. Strategi tersebut membuat perusahaan memiliki sumber pertumbuhan yang lebih beragam sehingga tidak sepenuhnya bergantung pada siklus harga komoditas. Transformasi juga dilakukan melalui operational dan digital excellence, holding business streamlining, distribusi public service obligation serta penguatan bisnis komersial. Revitalisasi 7 Pabrik Transformasi Pupuk Indonesia turut menyasar fasilitas produksi. Penguatan kinerja keuangan yang dicapai perusahaan memberi ruang untuk meningkatkan investasi untuk peremajaan atau revitalisasi tujuh pabrik dalam lima tahun ke depan. Langkah tersebut dilakukan sejalan dengan arahan Danantara untuk mengoptimalkan portofolio aset BUMN agar lebih produktif dan memberikan nilai tambah. Saat ini Pupuk Indonesia memiliki kapasitas produksi nasional sekitar 14,8 juta ton per tahun. Kapasitas tersebut menjadi salah satu modal perusahaan untuk memenuhi kebutuhan pupuk dalam negeri sekaligus merespons peluang pasar global. Optimalisasi aset menjadi penting untuk memastikan kapasitas produksi yang dimiliki dapat digunakan secara efisien. Dengan fasilitas yang lebih produktif, perusahaan memiliki ruang untuk menjaga biaya produksi sekaligus meningkatkan daya saing. Perluas Bisnis di Luar Pupuk Pupuk Indonesia juga mulai menyiapkan sumber pertumbuhan baru melalui diversifikasi bisnis. Dalam beberapa tahun mendatang, perusahaan menyiapkan pengembangan metanol dan turunannya, bisnis clean ammonia serta industrial support. Diversifikasi tersebut diharapkan dapat memperluas sumber pendapatan perusahaan sekaligus mengurangi ketergantungan terhadap siklus bisnis pupuk. Pengembangan clean ammonia juga menjadi bagian dari upaya perusahaan menangkap peluang bisnis yang berkembang seiring dengan transisi menuju industri yang lebih rendah emisi. Dengan strategi tersebut, transformasi Pupuk Indonesia diarahkan tidak hanya untuk menghasilkan kinerja keuangan yang kuat saat ini, tetapi juga membangun fondasi bisnis yang mampu menghadapi perubahan kondisi ekonomi global. Baca juga: Transformasi Industri Pupuk RI: Dari Produktivitas ke Keberlanjutan Laba Naik, Petani Ikut Merasakan Kinerja keuangan perusahaan juga berjalan beriringan dengan upaya pemerintah meningkatkan akses petani terhadap pupuk. Sepanjang 2025, Pupuk Indonesia berhasil menyalurkan 8.110.571 ton pupuk bersubsidi atau meningkat 10,68% dibandingkan tahun sebelumnya. Peningkatan tersebut didukung implementasi sistem i-Pubers yang mempercepat dan mempermudah proses penebusan pupuk. Penerapan Peraturan Presiden Nomor 6 Tahun 2025 juga menyederhanakan tata kelola penyaluran pupuk bersubsidi. Hingga 1 September 2026, Pupuk Indonesia telah menyalurkan pupuk bersubsidi sebanyak 6,33 juta ton atau 64,3% dari alokasi 9,8 juta ton yang ditetapkan Pemerintah. Rahmad mengatakan transformasi yang dilakukan perusahaan pada akhirnya diarahkan untuk memberikan manfaat langsung kepada petani sekaligus menjaga ketahanan pangan nasional. ""Sejalan dengan agenda transformasi BUMN yang didorong Danantara, semua perubahan struktural ini bermuara pada satu hal, pupuk yang terjangkau dan lebih cepat sampai ke petani, dengan cost yang lebih sehat bagi negara serta menjaga ketahanan pangan,"" ungkap Rahmad. Di sisi lain, kebijakan pemerintah untuk menurunkan harga pupuk hingga 20% diharapkan semakin memperkuat akses petani terhadap sarana produksi. Bagi Pupuk Indonesia, kondisi tersebut menjadi tantangan sekaligus peluang. Perusahaan harus mampu mempertahankan profitabilitas tanpa mengorbankan fungsi strategisnya dalam menyediakan pupuk bagi sektor pertanian. Menjaga Pertumbuhan Tetap Berkelanjutan Lonjakan laba dari Rp 2,41 triliun menjadi Rp 8,51 triliun menunjukkan adanya perubahan signifikan dalam kinerja Pupuk Indonesia. Namun, perusahaan tidak ingin pertumbuhan tersebut hanya menjadi capaian sesaat. Rahmad menilai keberlanjutan laba harus dibangun melalui fondasi bisnis yang kuat sehingga perusahaan tetap mampu tumbuh ketika kondisi global mengalami perubahan. ""Bagi kami, keberlanjutan laba bukan soal mengejar angka tertinggi tiap tahun, tapi memastikan fondasi yang cukup kuat untuk tetap tumbuh meski kondisi global berubah-ubah. Ketahanan bisnis kami bukan hanya soal bertahan dari gejolak industri, tapi juga soal memastikan pertumbuhan ini dirasakan langsung oleh pelaku usaha kecil dan petani,"" pungkas Rahmad. Dengan demikian, lonjakan laba Pupuk Indonesia pada semester I 2026 bukan hanya cerita mengenai pertumbuhan angka keuntungan. Di balik kenaikan tersebut terdapat strategi efisiensi, optimalisasi aset, diversifikasi bisnis dan transformasi tata kelola. Pada saat yang sama, pemerintah berupaya memastikan peningkatan kinerja BUMN tersebut dapat berjalan seiring dengan kepentingan masyarakat melalui penurunan harga pupuk dan peningkatan akses petani. Dari laba Rp 2,41 triliun menjadi Rp 8,51 triliun, pertumbuhan Pupuk Indonesia kini tidak hanya menjadi ukuran kesehatan perusahaan, tetapi juga bagian dari upaya memperkuat ekosistem pertanian dan ketahanan pangan nasional. Lihat juga Video: Ini Program Pupuk Indonesia yang Bawa Pulau Lembata Mandiri Pangan! [Gambas:Video 20detik] (akd/ega) ... Tautan telah disalin pupuk indonesia pertumbuhan laba bumn efisiensi operasional"
IHSG Ditutup Melemah ke Level 6.630,https://finance.detik.com/bursa-dan-valas/d-8648752/ihsg-ditutup-melemah-ke-level-6-630,"Jakarta - Indeks Harga Saham Gabungan (IHSG) ditutup melemah pada perdagangan hari ini. Pada penutupan pasar, IHSG tercatat ditutup di zona merah pada level 6.630-an. Berdasarkan data RTI, Jumat (4/9/2026) IHSG ditutup pada level 6.636,47 atau turun 31,41 poin (0,47%). Sementara pada awal pembukaan perdagangan, IHSG berada di zona hijau ke level 6.695. IHSG hari ini tertinggi pada level 6.704, kemudian untuk level terendahnya berada di 6.633. Di mana nilai transaksi sepanjang perdagangan hari ini mencapai Rp 15,04 triliun dengan melibatkan 35,8 miliar lembar saham yang diperdagangkan sebanyak 2.057.433 kali. SCROLL TO CONTINUE WITH CONTENT Sebanyak 256 saham hari ini menguat, 363 saham melemah dan 171 saham stagnan. Hal ini membuat selain melemah secara harian, IHSG masih menguat secara mingguan hingga 1,58%. Kemudian secara bulanan telah menguat 4,49%. Namun, jika dilihat secara 6 bulanan masih minus 19,96%. Lalu secara year to date melemah 23,25% (igo/fdl) ... Tautan telah disalin ihsg indeks harga saham gabungan pasar saham penutupan pasar"
Simak Rekomendasi Saham saat IHSG Loyo,https://finance.detik.com/bursa-dan-valas/d-8653192/simak-rekomendasi-saham-saat-ihsg-loyo,"Daftar Isi Market Overview Berita Emiten PT Puradelta Lestari Tbk (DMAS)?? PT MPX Logistics International Tbk (MPXL)?? PT Bank Mandiri (Persero) Tbk (BMRI)?? Rekomendasi Saham Hari Ini Jakarta - Market Overview Indeks Harga Saham Gabungan (IHSG) menutup perdagangan Senin (7/9/2026) di zona merah. IHSG turun 0,25% ke level 6.619,67. Sejumlah saham bergerak naik dan menjadi pendorong perdagangan. BUMI tercatat naik 4,76%, sedangkan IMPC dan AADI masing-masing menguat 4%. Sebaliknya, SMMA mengalami penurunan 5,82%. Saham BBCA turun 1,12% dan BBRI melemah 0,59%. Investor asing mencatatkan penjualan bersih sebesar Rp590,18 miliar di pasar reguler. Jika dihitung di seluruh pasar, penjualan bersih asing mencapai Rp678,54 miliar. SCROLL TO CONTINUE WITH CONTENT Dari 11 sektor yang diperdagangkan, enam sektor berakhir melemah. Sektor keuangan mencatat penurunan 0,76%, sementara sektor industri naik 1,25%. Aktivitas perdagangan saham Amerika Serikat tidak berlangsung pada 7 September 2026 karena libur Labor Day. Perdagangan Wall Street dijadwalkan kembali dibuka pada 8 September 2026. ADVERTISEMENT Sementara itu, indeks IDXHealthcare menguat 0,82%. Pergerakan tersebut antara lain terlihat pada MEDS, DKHH, KAEF, HALO, SOHO, dan IRRA. Di pasar offshore, indeks MSCI Indonesia terkoreksi 0,59%. Baca juga: IHSG Ditutup Melemah ke Level 6.619 Berita Emiten PT Puradelta Lestari Tbk (DMAS) DMAS mencatat prapenjualan sebesar Rp1,15 triliun hingga semester I 2026. Capaian tersebut sudah mencapai sekitar 55% dari target prapenjualan sepanjang tahun yang ditetapkan sebesar Rp2,08 triliun. Dengan demikian, DMAS masih perlu membukukan sekitar Rp930 miliar pada semester II 2026 untuk mencapai target tersebut. Prapenjualan DMAS pada paruh pertama tahun ini banyak ditopang segmen industri, terutama permintaan lahan untuk data center. Total permintaan lahan industri tercatat sekitar 85 hektare, dengan sekitar 75% atau kurang lebih 64 hektare berasal dari sektor data center. Permintaan tersebut didukung fasilitas kawasan GIIC/Deltamas yang memiliki pasokan listrik premium hingga 1.000 MVA. Kawasan ini juga dilengkapi jaringan fiber optic dengan sistem redundansi, sistem looping untuk air bersih dan air daur ulang, serta pusat komando data dan keamanan. Dari sisi ketersediaan lahan, DMAS memiliki land bank sekitar 581 hektare per 30 Juni 2026. Rinciannya terdiri dari 357 hektare lahan komersial, 164 hektare residensial, dan 60 hektare lahan industri. Jumlah permintaan lahan industri sebesar 85 hektare tersebut sudah lebih besar dibandingkan sisa lahan industri sekitar 25 hektare. Kondisi ini membuat DMAS mempertimbangkan konversi sebagian lahan komersial dan residensial untuk memenuhi kebutuhan lahan, khususnya dari sektor data center. PT MPX Logistics International Tbk (MPXL) MPXL menyiapkan ekspansi ke bisnis angkutan batu bara menggunakan kapal tongkang. Rencana tersebut ditargetkan mulai direalisasikan pada 2027. Langkah ini menjadi bagian dari pengembangan bisnis MPXL yang juga tengah mengembangkan perdagangan batu bara melalui PT Tambang Raya Sejahtera. Kinerja MPXL pada semester I 2026 menunjukkan pertumbuhan pendapatan. Perseroan membukukan pendapatan Rp73,12 miliar, naik 28,80% dibandingkan periode yang sama tahun sebelumnya sebesar Rp56,77 miliar. Segmen jasa ekspedisi menjadi penyumbang pendapatan terbesar dengan nilai Rp50,98 miliar. Angka tersebut meningkat 54,50% secara tahunan. MPXL menyebut realisasi bisnis hingga saat ini telah mencapai sekitar 85% dari target yang ditetapkan untuk 2026. Namun, aktivitas perdagangan batu bara masih menghadapi tantangan berupa pembatasan RKAB pada sejumlah tambang di Sumatera Selatan dan Kalimantan. Jika ekspansi angkutan menggunakan kapal tongkang berjalan sesuai rencana, MPXL akan mengembangkan kegiatan logistik dari sisi perdagangan hingga transportasi batu bara. Bisnis tersebut juga ditargetkan menjadi sumber pendapatan baru mulai 2027. PT Bank Mandiri (Persero) Tbk (BMRI) BMRI akan membagikan dividen tunai interim untuk tahun buku 2026 sebesar Rp66 per saham. Dengan jumlah saham beredar sekitar 93,33 miliar lembar, total dividen interim yang disiapkan mencapai sekitar Rp6,16 triliun. Pembagian dividen tersebut setara dengan dividend payout ratio sebesar 20,26% dari laba bersih Bank Mandiri pada semester I 2026. Sementara itu, saham BMRI pada perdagangan Senin (7/9/2026) ditutup di level Rp4.390 per saham. Berdasarkan harga tersebut, dividen interim Rp66 per saham menghasilkan dividend yield sekitar 1,50%. Cum date dividen untuk pasar reguler dan negosiasi ditetapkan pada 15 September 2026. Adapun pembayaran dividen dijadwalkan pada 2 Oktober 2026. Baca juga: Modal Asing Serbu RI, Masuk Rp 1,9 Triliun di Agustus 2026 Rekomendasi Saham Hari Ini BFIN - Buy 1005-1015 | TP 1025-1035 | SL 950 [Gambas:Produk Investasi by Investasiku] MDIA - Buy 244-248 | TP 256-264 | SL 232 [Gambas:Produk Investasi by Investasiku] TINS - Buy 4450-4470 | TP 4530-4600 | SL 4220 [Gambas:Produk Investasi by Investasiku] SMDR - Buy 356-360 | TP 366-370 | SL 334 [Gambas:Produk Investasi by Investasiku] BTPS - Buy 1045-1055 | TP 1070-1085 | SL 1000 [Gambas:Produk Investasi by Investasiku] Disclaimer: Ingat, bahwa segala analisis dan rekomendasi saham dalam artikel ini bersifat informatif sekaligus bukan merupakan ajakan untuk membeli atau menjual saham tertentu. (ang/ang) Tautan telah disalin saham rekomendasi saham ihsg pasar modal"
17 Perjalanan KRL Dibatalkan Imbas Perawatan Armada Buatan INKA,https://finance.detik.com/berita-ekonomi-bisnis/d-8653186/17-perjalanan-krl-dibatalkan-imbas-perawatan-armada-buatan-inka,"Jakarta - Penyesuaian jadwal Commuter Line Jabodetabek telah dilakukan sejak Senin kemarin, sehingga beberapa perjalanan di lintas Jakarta-Kota dikurangi. Perawatan rangkaian KRL menjadi alasan utamanya. Belakangan diketahui, ternyata rangkaian KRL yang melakukan perawatan besar adalah rangkaian yang diproduksi PT INKA seri iE305. PT INKA melakukan General Check Up terhadap rangkaian KRL yang baru beroperasi sejak akhir Desember 2025 lalu. Pemeriksaan ini dilakukan untuk memastikan seluruh komponen bekerja dengan baik, termasuk sistem bogie, sistem propulsi, serta seluruh komponen yang berkaitan dengan aspek keselamatan perjalanan. SCROLL TO CONTINUE WITH CONTENT ""Sejak awal proses ini berlangsung, tim engineering dan quality assurance kami sudah terjun langsung bersama tim KAI Commuter untuk memastikan setiap komponen, termasuk bogie dan sistem propulsi, berfungsi optimal,"" tutur Senior Manager Corporate Communication and Representative Office INKA, Nanang Agung Rohmandiyas dalam keterangan pers bersama KAI Commuter, Selasa (8/9/2026). Baca juga: 17 Perjalanan KRL Dibatalkan, Ini Alasannya ADVERTISEMENT Sebagai bagian dari proses General Check Up ini, INKA akan terus berkoordinasi dengan KAI Commuter untuk memastikan seluruh rangkaian yang diproduksi memenuhi standar keselamatan dan kenyamanan bagi pengguna. Di sisi lain, VP Corporate Secretary KAI Commuter Karina Amanda menyampaikan penyesuaian jadwal perjalanan ini dilakukan dengan menyesuaikan jumlah sarana yang dioperasikan. Dilakukan pada pagi dan sore hari dan bersifat sementara. Sebanyak 17 perjalanan Commuter Line yang dilakukan penyesuaian pada pemberangkatan pagi hari, sore dan malam hari. Jadwal pembatalan 7 perjalanan dari Bogor/Cilebut/Depok menuju Manggarai/Jakarta Kota dan 5 perjalanan dari Jakarta Kota menuju Bogor pada pagi hari, serta terdapat 2 perjalanan dari Manggarai menuju Bogor dan 3 perjalanan dari Bogor pada sore hari. ""Saat ini kami melakukan proses perawatan rangkaian sarana KRL yang ada secara intensif, demi keselamatan dan keamanan perjalanan,"" kata Karina. Dengan adanya penyesuaian jadwal keberangkatan tersebut, KAI Commuter hanya mengoperasikan sebanyak 1.048 perjalanan di seluruh lintas Commuter Line Jabodetabek sebelumnya sebanyak 1.065 perjalanan setiap harinya. ""Kami memahami pasti akan ada ketidaknyamanan bagi para pengguna Commuter Line selama proses perawatan ini. Kami mohon maaf atas ketidaknyamanan yang ditimbulkan,"" ujar Karina. Dia juga menegaskan bahwa KAI Commuter akan terus menginfokan secara berkala terkait jadwal dan operasional Commuter Line melalui pengumuman informasi di Stasiun, di atas kereta, aplikasi C-Access, maupun melalui kanal media sosial resmi KAI Commuter. Saksikan Live DetikPagi : (hal/ara) ... Tautan telah disalin krl inka commuter line perawatan krl"
"Transisi Bisnis, TBS Energi (TOBA) Jadi Saham Hijau Pertama BEI",https://finance.detik.com/bursa-dan-valas/d-8653180/transisi-bisnis-tbs-energi-toba-jadi-saham-hijau-pertama-bei,"Jakarta - PT TBS Energi Utama Tbk (TOBA) menjadi perusahaan pertama di Indonesia yang memperoleh Penetapan Saham Hijau Transisi (Green Equity Transition) dari Bursa Efek Indonesia (BEI). Kategori ini diberikan kepada perusahaan tercatat yang bisnisnya secara terukur bergerak menuju ekonomi rendah karbon, dengan menilai pendapatan dan alokasi investasi perusahaan pada kegiatan hijau yang telah dikomitmenkan. Penetapan berlaku efektif sejak 28 Agustus 2026, pada peluncuran perdana IDX Green Equity Designation yang melibatkan tiga perusahaan tercatat. TBS menjadi satu-satunya perusahaan yang ditetapkan pada kategori transisi. ""Bagi kami, penetapan ini bukanlah garis akhir, melainkan satu tonggak lagi dalam transformasi yang masih kami jalani. Kami mengapresiasi inisiatif BEI menghadirkan penetapan ini, yang memberi investor gambaran terukur dan telah direviu secara independen mengenai sejauh mana bisnis kami sudah bertransisi. Penetapan ini menetapkan standar yang harus kami jaga setiap tahun, dan kami berharap penetapan ini mempertemukan kami dengan investor yang memang mencari perusahaan seperti kami,"" kata Direktur Utama dan Chief Executive Officer TBS, Dicky Yordan dalam keterangan tertulis, Selasa (8/9/2026). SCROLL TO CONTINUE WITH CONTENT Baca juga: IHSG Melemah Tipis, Cek Rekomendasi Saham Hari Ini Kerangka penetapan bertumpu pada lima pilar yang diadaptasi dari Green Equity Principles milik World Federation of Exchanges (WFE), yaitu kontribusi finansial, keselarasan taksonomi, tata kelola, penilaian berkala, dan keterbukaan informasi kepada publik. Perusahaan harus menunjukkan bahwa lebih dari separuh pendapatan tahunannya, atau lebih dari separuh belanja operasional dan belanja modalnya, berada pada kegiatan hijau atau transisi sebagaimana didefinisikan dalam TKBI. ADVERTISEMENT Setiap penetapan dievaluasi setiap tahun oleh penyedia reviu eksternal yang diakui, dan BEI dapat mengubah atau mencabutnya. Penetapan ini dinilai berdasarkan laporan keuangan tahunan TBS yang telah diaudit untuk tahun buku 2025 (FY2025), ketika bisnis infrastruktur berkelanjutan (non-batu bara) masih menyumbang 47% dari pendapatan konsolidasi. Bauran pendapatan inilah yang menempatkan TBS pada kategori transisi. ""IDX Green Equity Designation merupakan milestone penting dalam membangun pasar modal Indonesia yang semakin transparan, kredibel, dan berorientasi pada keberlanjutan. Kami mengapresiasi partisipasi perusahaan-perusahaan yang memperoleh penetapan perdana ini, termasuk TBS, serta komitmen mereka untuk menjalani proses reviu independen sejak awal. Kami berharap penetapan ini mendorong semakin banyak Perusahaan Tercatat untuk memperkuat praktik keberlanjutannya dan memberikan informasi yang lebih kredibel bagi investor,"" kata Direktur Pengembangan Usaha BEI, Iding Pardi. TBS direviu oleh S&P Global Ratings, yang menilai 92% komitmen belanja modal Perseroan untuk periode 2025 hingga 2030 sebagai kegiatan hijau, tanpa alokasi untuk batu bara, jauh di atas ambang batas yang disyaratkan BEI. Dalam Climate Transition Assessment, S&P Global Ratings menyatakan TBS menonjol di antara perusahaan sejenis di Indonesia karena ambisi posisinya, dengan menyebut target waktu tercepat untuk mencapai netralitas karbon pada 2030 dan pengalihan modal ke kegiatan non-batu bara. Baca juga: Rugi TBS Energi Rp 165 Miliar, Turun 83% Meskipun bisnis infrastruktur berkelanjutan menyumbang kurang dari separuh pendapatan konsolidasi pada FY2025, porsinya melonjak pada semester I-2026 menjadi 66,5% dari pendapatan konsolidasi TBS, lebih dari dua kali lipat kontribusi batu bara yang sebesar 31,4%, membalikkan bauran yang setahun sebelumnya masih didominasi batu bara. Pengelolaan limbah menyumbang 61,2% pendapatan dan 92% EBITDA konsolidasi. Pendapatan dari ekosistem kendaraan listrik hampir tiga kali lipat secara tahunan. Laba kotor konsolidasi lebih dari dua kali lipat menjadi US$28,2 juta, dan arus kas operasi berbalik positif menjadi US$14,6 juta dari negatif US$31,6 juta pada periode yang sama tahun sebelumnya. Penetapan saham berbasis hijau masih merupakan praktik yang terus berkembang di tingkat global. Nasdaq memperkenalkan penetapan pertama dari jenis ini di pasar Nordik pada 2021. WFE menerbitkan Green Equity Principles pada 2023 sebagai kerangka global pertama untuk menetapkan saham tercatat sebagai saham hijau, dan sejak itu diadopsi oleh sejumlah bursa: B3 di Brasil pada 2024, kemudian Bursa Efek Filipina, dan kini BEI. Saat ini kurang dari 20 perusahaan tercatat di dunia yang memiliki penetapan tersebut, terkonsentrasi pada sektor teknologi bersih, utilitas, dan properti, sehingga menempatkan TBS dalam kelompok kecil secara global. BEI menegaskan bahwa IDX Green Equity Designation bukan merupakan pemeringkatan, rekomendasi investasi, maupun jaminan atas kinerja keuangan, tingkat pengembalian, atau risiko investasi suatu saham. (ara/ara) ... Tautan telah disalin tbs energi saham hijau bursa efek indonesia"
Kemenhub Ungkap Biang Kerok Kemacetan Panjang Pelabuhan Ketapang,https://finance.detik.com/berita-ekonomi-bisnis/d-8653167/kemenhub-ungkap-biang-kerok-kemacetan-panjang-pelabuhan-ketapang,"Jakarta - Penanganan insentif terus dilakukan untuk mengurai kepadatan kendaraan di jalur akses menuju Pelabuhan Penyeberangan Ketapang, Banyuwangi. Kemacetan panjang diklaim mulai berkurang. Kepala KSOP Kelas III Tanjung Wangi Purgana, menyampaikan meskipun antrean mulai terurai, sejumlah dinamika di lapangan masih mempengaruhi kelancaran arus kendaraan. Kepadatan terutama dipengaruhi oleh tingginya volume kendaraan logistik menuju Gilimanuk, perbaikan salah satu dermaga di Pelabuhan Gilimanuk, serta belum optimalnya kapasitas angkut karena satu dari empat kapal Atosim Lampung Pelayaran (ALP) masih menjalani perawatan (docking). ""Selain faktor kapasitas kapal dan perbaikan dermaga, terdapat kendala operasional berupa keterbatasan kapasitas Kantong Parkir/RTK ALP yang dikelola BUMDes, yang hanya mampu menampung sekitar 85 unit kendaraan. Kondisi tersebut menyebabkan sebagian truk terpaksa parkir di bahu jalan. Kami juga mencatat adanya kendala pada mekanisme ticketing melalui jasa pengurus truk,"" papar Purgana. SCROLL TO CONTINUE WITH CONTENT Baca juga: Jalur Ketapang-Gilimanuk Diserbu Kendaraan, Antrean Sempat Tembus Belasan Km Berdasarkan hasil pemantauan pada Senin sore kemarin pukul 16.00 WIB, panjang antrean kendaraan logistik terpantau sekitar 2,5 kilometer (km) dari Pelabuhan Ketapang, dengan titik akhir antrean berada di depan Terminal Sritanjung. Kondisi tersebut menunjukkan penurunan yang signifikan dibandingkan Minggu malam ketika panjang antrean sempat mencapai sekitar 9,4 km. ADVERTISEMENT Dalam menangani kondisi tersebut, KSOP Kelas III Tanjung Wangi terus memperkuat koordinasi bersama Balai Pengelola Transportasi Darat (BPTD), PT ASDP Indonesia Ferry, operator kapal, serta pemangku kepentingan terkait. Dari sisi kepelabuhanan dan keselamatan pelayaran, langkah yang dilakukan antara lain melalui optimalisasi operasional kapal, pengawasan kelaiklautan kapal, pengaturan pola sandar sesuai kondisi operasional, serta memastikan pelayanan penerbitan Surat Persetujuan Berlayar (SPB) berjalan sesuai ketentuan. Guna meningkatkan kapasitas angkut, telah disiapkan tambahan kapal untuk mendukung pelayanan penyeberangan, yaitu KMP Jatra I yang dijadwalkan tiba pada Selasa pukul 02.00 WIB, disusul KMP Port Link pada pukul 07.30 WIB. Baca juga: Penyeberangan Merak-Bakauheni Tak Terdampak Erupsi Anak Krakatau Selain optimalisasi kapal, pada Selasa, 8 September 2026 direncanakan akan dilakukan survei bathimetri di sekitar Dermaga Bulusan untuk mengetahui kondisi kedalaman perairan dan posisi dolphin yang jatuh. Hasil survei tersebut akan menjadi bahan evaluasi keselamatan untuk mendukung rencana penggunaan Dermaga Bulusan sebagai lokasi sandar KMP Port Link 7. ""Rencana penambahan kapal dan optimalisasi fasilitas sandar diharapkan dapat meningkatkan kapasitas angkut sekaligus membantu mempercepat penguraian antrean. Namun, seluruh langkah operasional tetap harus memenuhi aspek keselamatan dan keamanan pelayaran,"" ujar Purgana. Pihaknya juga mengimbau seluruh pengemudi truk logistik dan pengguna jasa penyeberangan untuk tetap tertib, mengikuti arahan petugas, dan tidak menyerobot jalur agar proses penguraian antrean dapat berjalan lebih cepat dan lancar. ""Kami terus melakukan pemantauan dan berkoordinasi secara intensif dengan seluruh pemangku kepentingan guna memastikan kelancaran pelayanan serta keselamatan pelayaran di lintas Ketapang-Gilimanuk,"" tutup Purgana. Saksikan Live DetikPagi : (hal/ara) ... Tautan telah disalin kemenhub kemacetan pelabuhan ketapang"
Bandara Soetta-Husein Siap Beroperasi Lagi Usai Dibuka,https://finance.detik.com/berita-ekonomi-bisnis/d-8653139/bandara-soetta-husein-siap-beroperasi-lagi-usai-dibuka,"Jakarta - InJourney Airports menjamin kesiapan operasional tiga bandara besar yang dibuka lagi usai paparan abu vulkanik erupsi Gunung Anak Krakatau. Bandara Soekarno-Hatta, Bandara Halim Perdanakusuma, dan Bandara Husein Sastranegara telah siap digunakan untuk lepas landas dan mendarat. Sebagai operator, InJourney telah membersihkan abu vulkanik di seluruh sisi landasan udara (air side) yakni area apron, taxiway, dan juga runway. Uji kekesatan di runway juga sudah dilakukan dan menunjukkan fasilitas tersebut memenuhi standar serta persyaratan untuk melayani operasional penerbangan. ""Fasilitas sisi udara (air side) dan sisi darat (land side) ketiga bandara siap kembali melayani penerbangan. Seluruh personel operasi dan layanan bandara juga dipastikan siap,"" kata Corporate Secretary Group Head InJourney Airports Arie Ahsanurrohim dalam keterangannya, Selasa (8/9/2026). SCROLL TO CONTINUE WITH CONTENT Baca juga: Bandara Soetta-Husein Dibuka Lagi, Radin Inten Masih Ditutup Sesuai NOTAM dari AirNav Indonesia, status resumed operations atau operasi kembali untuk Bandara Soekarno-Hatta Tangerang telah diberikan pada 8 September 2026 mulai pukul 00.30 WIB. Kemudian status resumed operations yang sama untuk Bandara Halim Perdanakusuma diberikan pada 8 September 2026 mulai pukul 00.40 WIB, dan status resumed operations pada Bandara Husein Sastranegara diberikan 8 September 2026 mulai pukul 00.42 WIB. ADVERTISEMENT General Manager Bandara Soekarno-Hatta Heru Karyadi menambahkan pembukaan kembali operasional Bandara Soekarno-Hatta dilakukan secara bertahap dengan tetap mengutamakan aspek keselamatan, termasuk melalui penerapan Air Traffic Flow Management (ATFM) sebagai bagian dari strategi pengendalian arus lalu lintas penerbangan pada fase awal pemulihan. ""Pada fase awal recovery , pengendalian penerbangan dilakukan secara bertahap dan terukur melalui penerapan ATFM. Pengaturan ini diperlukan agar arus keberangkatan dan kedatangan dapat kembali berjalan dengan aman dan tertib, sekaligus memungkinkan kapasitas operasional bandara dipulihkan secara bertahap,"" ujar Heru Karyadi dalam keterangan yang sama. Baca juga: 3 Bandara Masih Ditutup hingga Pukul 10.00 WIB, Ini Daftarnya Lebih lanjut, pengaturan arus penerbangan pada fase awal pemulihan mempertimbangkan kondisi operasional di lapangan, termasuk kebutuhan untuk mempercepat keberangkatan pesawat yang sebelumnya terdampak serta mengembalikan kapasitas apron secara bertahap. Bandara Soekarno-Hatta juga telah berkoordinasi dengan seluruh operator transportasi publik untuk memastikan ketersediaan armada untuk mendukung mobilitas dari dan ke Bandara Soekarno-Hatta. ""Calon penumpang diimbau untuk senantiasa memantau dan memastikan status serta jadwal penerbangannya melalui kanal resmi maskapai masing-masing sebelum berangkat menuju bandara tujuan, mengingat adanya penyesuaian jadwal penerbangan,"" ujar Heru. (hal/ara) ... Tautan telah disalin bandara soekarno-hatta bandara husein sastranegara bandara halim perdanakusuma"
"Pinjaman Online Warga RI Makin Banyak, Tembus Rp 105 Triliun",https://finance.detik.com/moneter/d-8653044/pinjaman-online-warga-ri-makin-banyak-tembus-rp-105-triliun,"Jakarta - Otoritas Jasa Keuangan (OJK) mencatat total utang masyarakat Indonesia pada layanan Peer to Peer (P2P) Lending atau pinjaman online (pinjol) mencapai Rp 105,63 triliun pada Juli 2026. Kepala Eksekutif Pengawas Lembaga Pembiayaan, Perusahaan Modal Ventura, Lembaga Keuangan Mikro dan Lembaga Jasa Keuangan Lainnya OJK, Agusman mengatakan jumlah tersebut meningkat 24,76% secara tahunan (year-on-year/yoy). ""Pada industri pinjaman daring atau pindar, outstanding pembiayaan pada Juli 2026 tumbuh 24,76% year-on-year dengan nominal sebesar Rp 105,63 triliun,"" terang Agusman dalam konferensi pers RDKB Agustus secara online, Senin (7/9/2026). SCROLL TO CONTINUE WITH CONTENT Agusman menjelaskan tingkat risiko kredit macet secara agregat atau TWP90 fintech P2P lending pada Juli 2026 berada di posisi 4,32%. Angka ini juga meningkat jika dibandingkan dengan bulan sebelumnya, yakni 4,26%. ""Tingkat risiko kredit macet secara agregat atau TWP90 tercatat di posisi 4,32%"" terang Agusman. ADVERTISEMENT Pada industri pergadaian, Agusman menyampaikan penyaluran pembiayaan pada Juli 2026 tumbuh sebesar 50,73% year-on-year menjadi Rp 160,78 triliun, dengan pembiayaan terbesar disalurkan dalam bentuk produk gadai yaitu sebesar Rp 136,39 triliun atau 84,83% dari total pembiayaan. OJK telah memberikan persetujuan peningkatan lingkup wilayah usaha menjadi nasional kepada dua perusahaan pergadaian, yaitu PT Pusat Gadai Indonesia dan PT Raja Gadai Indonesia. ""Dengan demikian, saat ini terdapat 5 perusahaan pergadaian dengan lingkup wilayah usaha nasional,"" tutur Agusman. (hrp/hns) ... Tautan telah disalin p2p lending pinjaman online utang masyarakat ojk risiko kredit industri keuangan pembiayaan gadai pertumbuhan ekonomi fintech"
"3 Bandara Masih Ditutup hingga Pukul 10.00 WIB, Ini Daftarnya",https://finance.detik.com/berita-ekonomi-bisnis/d-8653127/3-bandara-masih-ditutup-hingga-pukul-10-00-wib-ini-daftarnya,"Daftar Isi Detail Status Operasional Bandara Jakarta - AirNav Indonesia mengumumkan masih ada tiga bandara yang operasinya ditutup imbas sebaran abu vulkanik. Ketiga bandara tersebut adalah Bandara Radin Inten II Lampung, Bandara Muhammad Taufiq Kiemas Lampung, dan Bandara Salakanagara Tanjung Lesung. Penutupan bandara dilakukan hingga pukul 10.00 WIB pagi ini berdasarkan pembaruan informasi aeronautika yang diterbitkan AirNav Indonesia melalui NOTAM terbaru. Penerbitan NOTAM tersebut mengacu pada perubahan kondisi sebaran abu yang berdampak terhadap operasional penerbangan, sehingga berdasarkan evaluasi keselamatan dan informasi aeronautika terbaru, sejumlah bandar udara dapat kembali beroperasi. ""Selain itu, perkembangan kondisi di lapangan juga menjadi bagian dari pemantauan, antara lain dengan memerhatikan hasil paper test volcanic ash yang dilakukan secara berkala pada 7 September 2026 di lokasi bandara-bandara terdampak,"" tulis AirNav dalam keterangan resminya, Selasa (8/9/2026). SCROLL TO CONTINUE WITH CONTENT Baca juga: Bandara Soetta-Husein Dibuka Lagi, Radin Inten Masih Ditutup Sementara itu, sudah ada enam bandara lainnya yang kembali dibuka sejak tengah malam setelah sempat ikut ditutup imbas abu vulkanik sejak hari Minggu kemarin, termasuk Bandara Soekarno-Hatta yang menjadi bandara tersibuk di Indonesia. ADVERTISEMENT Detail Status Operasional Bandara 1. Bandar Udara Internasional Soekarno-Hatta (WIII) kembali berstatus OPEN AND RESUMED OPERATIONS berdasarkan NOTAM A3395/26 NOTAMR A3387/26, mulai pukul 00.30 WIB pada 8 September 2026. NOTAM tersebut juga mengingatkan bahwa awan abu vulkanik Gunung Anak Krakatau masih persisten di dalam FIR dan pilot diminta berhati-hati selama proses kedatangan dan keberangkatan. 2. Bandar Udara Halim Perdanakusuma (WIHH) kembali berstatus OPEN berdasarkan NOTAM A3396/26 NOTAMR A3386/26, mulai pukul 00.40 WIB pada 8 September 2026. 3. Bandar Udara Husein Sastranegara (WICC), Bandung, kembali berstatus OPEN berdasarkan NOTAM C1123/26 NOTAMR C1116/26, mulai pukul 00.42 WIB pada 8 September 2026. 4. Bandar Udara Budiarto (WIRR), Tangerang, kembali berstatus OPEN berdasarkan NOTAM C1126/26 NOTAMR C1115/26, mulai pukul 01.25 WIB pada 8 September 2026. 5. Bandar Udara Pondok Cabe (WIHP), Tangerang Selatan, kembali berstatus OPEN berdasarkan NOTAM C1127/26 NOTAMR C1118/26, mulai pukul 01.28 WIB pada 8 September 2026. 6. Bandar Udara Pagar Alam/Atung Bungsu (WIPY), Pagar Alam, telah lebih dahulu kembali berstatus OPEN berdasarkan NOTAM C1107/26 NOTAMC C1105/26, mulai pukul 08.12 WIB pada 7 September 2026. 7. Bandar Udara Radin Inten II (WILL), Lampung, masih berstatus CLOSED hingga estimasi pukul 10.00 WIB pada 8 September 2026. 8. Bandar Udara Muhammad Taufiq Kiemas (WILP), masih berstatus CLOSED hingga estimasi pukul 10.00 WIB pada 8 September 2026. 9. Bandar Udara Salakanagara Tanjung Lesung (WIHI), Pandeglang, masih berstatus CLOSED hingga estimasi pukul 10.00 WIB pada 8 September 2026. (hal/ara) ... Tautan telah disalin bandara ditutup abu vulkanik airnav indonesia penerbangan keselamatan penerbangan gunung anak krakatau"
"Ekonomi Tumbuh 5,29%, Apa Dampaknya ke Warga RI?",https://finance.detik.com/moneter/d-8650625/ekonomi-tumbuh-5-29-apa-dampaknya-ke-warga-ri,"Jakarta - Badan Pusat Statistik (BPS) mencatat pertumbuhan ekonomi Indonesia pada kuartal II-2026 sebesar 5,29%. Pertumbuhan ekonomi ini melanjutkan capaian pada kuartal I-2026, di mana ekonomi Indonesia tumbuh sebesar 5,6%. Lantas apa artinya pertumbuhan ekonomi terhadap keuangan masyarakat? Direktur Jenderal Stabilitas dan Pengembangan Sektor Keuangan (SPSK) Kementerian Keuangan (Kemenkeu), Herman Saheruddin, menjelaskan pertumbuhan perekonomian mencerminkan daya beli masyarakat yang masih terjaga. Hal tersebut tercermin dari aktivitas transaksi sederhana seperti pembelian makanan. ""Saat ini ekonomi yang baik itu ekonomi yang apa? Ekonomi yang tumbuh. Kalau nggak tumbuh kan namanya apa? Stunting gitu ya. Nah, kalau ekonomi yang baik itu adalah ekonomi yang tumbuh. Kalau besok kita masih bisa beli makanan, itu artinya lebih baik,"" ungkap Herman dalam acara Lampung Financial Festival, Minggu (6/9/2026). SCROLL TO CONTINUE WITH CONTENT Baca juga: Transformasi Industri Pupuk RI: Dari Produktivitas ke Keberlanjutan Menurut Herman, pertumbuhan ekonomi juga sama halnya dengan kenaikan uang yang dimiliki masyarakat. Rata-rata pertumbuhan ekonomi sebesar 5%, setara dengan bertambahnya uang masyarakat. ADVERTISEMENT ""Kalau rata-rata ekonomi kita tumbuh 5%. 5% itu masih gini, kalau teman-teman sekarang punya uang Rp 100, Rp 100 rupiah atau Rp 1.000 lah gambarnya ya, berarti 1 tahun kemudian uangnya nambah 5%. Berarti berapa? Nambah Rp 50. Nah, kalau teman-teman punya uang Rp 1 juta, Rp 10 juta, Rp 100 miliar, Rp 1 triliun, amin. Nah, itu artinya 1 tahun kemudian uangnya nambah 5%,"" terangnya. Herman menambahkan, rata-rata pertumbuhan ekonomi Indonesia saat ini masih lebih tinggi dibandingkan dua dekade terakhir, meski berada di tengah berbagai tekanan global. Menurutnya, capaian tersebut menunjukkan peran pemerintah dan regulator dalam menjaga stabilitas perekonomian. ""Meskipun misalnya terjadi perang di Timur Tengah gitu ya, sebelumnya adik-adik kan juga pernah waktu mungkin SMA yang sekarang perguruan tinggi kan, sudah ngalamin kemarin apa? COVID-19 gitu ya. Indonesia juga masih bisa kembali tumbuh di atas 5%. Nah inilah kehadiran dari pemerintah bersama regulator, untuk bersama-sama dengan industri dan teman-teman semua nih, jagain ekonomi kita biar tetap bisa tumbuh terus,"" pungkasnya. (acd/acd) ... Tautan telah disalin pertumbuhan ekonomi badan pusat statistik daya beli masyarakat kementerian keuangan stabilitas perekonomian"
Kapal Eks KRI Ki Hajar Dewantara Bakal Dilelang Rp 370 M,https://finance.detik.com/berita-ekonomi-bisnis/d-8653432/kapal-eks-kri-ki-hajar-dewantara-bakal-dilelang-rp-370-m,"Jakarta - Dewan Perwakilan Rakyat (DPR) menyetujui permohonan pemindahtanganan barang milik negara (BMN) yang diajukan oleh pemerintah melalui mekanisme penjualan secara lelang. Aset negara yang akan dilelang tersebut berupa satu unit kapal eks-KRI Ki Hajar Dewantara dengan nomor lambung 364. Persetujuan ini disampaikan langsung oleh Ketua Komisi I DPR RI, Utut Adianto, dalam rapat paripurna DPR ke-5 masa persidangan I tahun sidang 2026-2027 setelah melalui proses pembahasan bersama pihak pemerintah. ""Komisi I DPR RI menyetujui permohonan persetujuan pemindahtanganan barang milik negara melalui mekanisme penjualan secara lelang berupa satu unit kapal eks-KRI Ki Hajar Dewantara 364 pada Kementerian Pertahanan TNI Angkatan Laut sebagaimana disampaikan surat Bapak Presiden di awal,"" ujar Utut. SCROLL TO CONTINUE WITH CONTENT Baca juga: Dari Rp 2,41 T Jadi Rp 8,51 T, Mengintip Pertumbuhan Pupuk Indonesia Utut membeberkan spesifikasi teknis serta latar belakang dari kapal perang legendaris tersebut. Kapal jenis korvet ini merupakan buatan galangan kapal di Split, Yugoslavia yang kini wilayahnya masuk ke Kroasia di tepi Laut Adriatik. ADVERTISEMENT Kapal perang tersebut dibuat pada tahun 1979 dengan dimensi panjang 96,7 meter dan lebar 11,2 meter. Adapun nilai perolehan untuk kapal tersebut mencapai Rp 370.620.353.400. ""Ini kapalnya, Ki Hajar Dewantara nomor lambung 364, asal pembuatan Yugoslavia. Dari galangan kapal di Split. Nilainya Rp 370 (miliar),"" tambah ia. Adapun proses penjualan aset negara ini didasarkan pada amanat Undang-Undang Nomor 1 Tahun 2004 tentang Perbendaharaan Negara. Regulasi tersebut mewajibkan setiap penjualan barang milik negara yang nilainya melebihi Rp 100 miliar untuk wajib memperoleh persetujuan dari DPR RI. Setelah mendengarkan laporan lengkap dari Komisi I, Wakil Ketua DPR Sufmi Dasco mengetok palu persetujuan setelah para peserta sidang menyatakan setuju atas permohonan tersebut. Lihat juga Video: Canopus-936, Kapal Perang Baru Indonesia dari Jerman [Gambas:Video 20detik] (acd/acd) ... Tautan telah disalin pemindahtanganan bmn dpr ri lelang kapal"
"LPS Wanti-wanti Generasi Muda soal Pinjol Ilegal, Paylater, hingga Judi Online",https://finance.detik.com/moneter/d-8649493/lps-wanti-wanti-generasi-muda-soal-pinjol-ilegal-paylater-hingga-judi-online,"Jakarta - Lembaga Penjamin Simpanan (LPS) melaporkan indeks literasi keuangan warga Provinsi Lampung mencatatkan angka 72,3%, berada di atas rata-rata nasional yang sebesar 69,6%. Namun, indeks inklusi keuangannya baru menyentuh 90,9%, masih di bawah angka nasional sebesar 93,6%. Wakil Ketua Dewan Komisioner LPS, Farid Azhar Nasution, mengatakan secara sederhana angka ini menunjukkan bahwa masyarakat Lampung sudah cukup tahu, tapi belum sepenuhnya menggunakan layanan keuangan formal. ""Di sinilah trust atau kepercayaan menjadi jembatan. Ketika masyarakat paham, merasa aman, dan percaya, mereka akan lebih yakin untuk menggunakan layanan keuangan formal secara berkelanjutan dan lebih optimal,"" kata Farid dalam acara Lampung Financial Festival 2026, Sabtu (5/9/2026). SCROLL TO CONTINUE WITH CONTENT Baca juga: Lampung Financial Festival 2026 Digelar Akhir Pekan Ini, Cek Daftar Pengisi Acaranya Dalam konteks ini, menurutnya digitalisasi bisa memperbesar peluang pemanfaatan layanan keuangan yang ada. Terlebih mengingat bagaimana saat ini kepemilikan telepon genggam bahkan sudah melampaui jumlah penduduk. ADVERTISEMENT ""Generasi muda sangat akrab dengan mobile banking, dompet digital, fintech , dan aplikasi investasi. Ini membuat akses semakin mudah dan edukasi bisa menjangkau masyarakat dengan jauh lebih cepat,"" ujarnya. Meski begitu, Farid memperingatkan tingginya penetrasi teknologi ini memicu munculnya berbagai ancaman bagi masyarakat, khususnya generasi muda yang akrab dengan ekosistem digital. Sebut saja risiko pinjaman online (pinjol) ilegal, judi online, hingga kebiasaan belanja impulsif akibat dorongan perilaku Fear of Missing Out (FOMO), You Only Live Once (YOLO), serta fitur paylater. ""Muncul berbagai jebakan keuangan. Ada pinjol ilegal, ada judi online, adik-adik yang suka belanja ada FOMO, ada YOLO, ada FOPO, serta belanja impulsif dengan insentif diskon dan paylater yang dipicu oleh algoritma digital,"" paparnya. Baca juga: Purbaya Pastikan Danantara Tak Gabung KSSK: Diundang Ikut Rapat Saja Atas dasar inilah, Farid kemudian menyampaikan tiga kebiasaan sederhana agar kondisi keuangan tetap terjaga. Yakni yang pertama untuk membiasakan untuk menyisihkan dana, bukan sisakan. Utamakan menabung sejak kita terima uang. Kedua , biasakan belanja sesuai kebutuhan, bukan sekadar keinginan. Dalam hal ini, masyarakat harus lebih berhati-hati dalam menggunakan berbagai fasilitas belanja yang kian menggoda akibat berbagai promo digital. ""Punya gadget, dan itu hati-hati, karena algoritma AI terus belajar tentang apa yang kita sukai, menggoda kita semua untuk terus membeli. Jangan biarkan teknologi mengendalikan keputusan keuangan kita. Kita harus tetap pegang kendali,"" ujar Farid. Ketiga , bangun 'tabungan' yang tidak berwujud seperti karakter, ilmu, dan relasi. Sebab menurutnya karakter dekat dengan modal spiritual, ilmu adalah human capital, dan relasi yang sehat adalah social capital. (igo/ara) ... Tautan telah disalin pinjol ilegal generasi muda literasi keuangan paylater judi online lampung financial festival lps"
Airlangga Sebut Bencana Bikin Ekonomi Kontraksi di Daerah Terdampak,https://finance.detik.com/berita-ekonomi-bisnis/d-8653351/airlangga-sebut-bencana-bikin-ekonomi-kontraksi-di-daerah-terdampak,"Jakarta - Sederet bencana alam melanda Indonesia dalam beberapa waktu terakhir, mulai dari banjir bandang, gempa bumi, hingga erupsi gunung berapi di beberapa daerah. Belum lagi urusan kebakaran hutan dan lahan (karhutla) juga belum selesai sepenuhnya penanganannya. Lantas apakah deretan bencana ini dapat memperlambat pertumbuhan ekonomi di Indonesia? Menteri Koordinator Bidang Perekonomian Airlangga Hartarto mengatakan tentu saja perlambatan ekonomi bisa terjadi di daerah-daerah yang terdampak bencana saja, tidak secara nasional. Sejauh ini pemerintah masih memonitor sebesar apa dampaknya dan apa saja yang bisa langsung diperbaiki untuk mempercepat pemulihan. SCROLL TO CONTINUE WITH CONTENT ""Ya pertama tentu di daerah yang terdampak pasti terjadi kontraksi dan kami masih monitor program-program apa yang terkena dan di berbagai provinsi tersebut,"" ujar Airlangga di Kompleks Istana Kepresidenan, Jakarta Pusat, Selasa (8/9/2026). Baca juga: Purbaya Siap Gelontorkan Dana Bencana, Minta Hitungan Jangan Ngaco! ADVERTISEMENT Airlangga juga mengatakan pemerintah mulai memantau dampak erupsi beberapa gunung berapi terhadap aktivitas masyarakat yang berkurang. ""Sekarang juga kami sedang monitor akibat daripada letusan 5-6 gunung di Indonesia ini terutama untuk aktivitas masyarakat yang sangat berkurang,"" ujar Airlangga. Dari segi logistik, Airlangga juga mengatakan pasti ada dampak ekonomi dan kerugian yang terjadi apalagi ada beberapa bandara besar yang mesti ditutup imbas abu vulkanik gunung berapi. Namun ketika ditanya berapa nominalnya, dia bilang pemerintah masih menghitungnya. ""Logistik sudah pasti di sektor penerbangan sudah terjadi gangguan karena sektor penerbangan kan juga ada kaitannya dengan kargo,"" ujar Airlangga. ""Sudah ada tapi kita monitor karena kita masih monitor berapa lama ini harus ditutup,"" katanya ketika ditanya apakah ada nominal kerugian. Baca juga: Menhub Jamin Maskapai Refund Tiket Pesawat 100% Imbas Abu Vulkanik Di sisi lain, Menteri Keuangan Purbaya Yudhi Sadewa sedikit optimistis dampak bencana, khususnya dampak erupsi Gunung Anak Krakatau tidak akan memperlambat perekonomian.Namun, dia mengakui dampak bencana kemungkinan cukup besar di Sumatera yang terkena banjir bandang dan NTT yang terkena gempa. ""Belum (memicu perlambatan ekonomi). Harusnya sih nggak terlalu signifikan ya kalau hanya beberapa hari. Kalau hanya beberapa hari bencana saja dan debunya kan nggak tebel-tebel amat kan ya? Kita lihat ke depan seperti apa,"" papar Purbaya di tempat yang sama. ""Kalau saya lihat secara kasar sih harusnya dampaknya nggak sebesar di Provinsi Sumatera Utara, Aceh, Sumatera Barat kemarin atau di NTT kemarin ya,"" lanjutnya. Simak juga Video: Rencana Mensos soal Dana Darurat Bantu Warga Terdampak Bencana [Gambas:Video 20detik] (hal/ara) ... Tautan telah disalin erupsi gunung berapi bencana alam ekonomi indonesia kontraksi ekonomi airlangga hartarto"
"Putri Mahkota Swedia Datangi Lombok, Ada Apa?",https://finance.detik.com/berita-ekonomi-bisnis/d-8653345/putri-mahkota-swedia-datangi-lombok-ada-apa,"Jakarta - Putri Mahkota Victoria Ingrid Alice Desiree berkunjung ke Nusa Tenggara Barat (NTB). Pewaris takhta Kerajaan Swedia itu berada di NTB selama empat hari, 5-8 September 2026. Gubernur NTB Lalu Muhammad Iqbal menyampaikan bahwa kedatangan Victoria bukan hanya sebagai calon penerus Raja Carl XVI Gustaf, tetapi juga sebagai Goodwill Ambassador UNDP, badan pembangunan Perserikatan Bangsa-Bangsa. Menurutnya, Lombok dipilih karena memiliki jejak panjang kerja sama dengan UNDP, mulai dari pemulihan pasca gempa, kesehatan, ekonomi biru hingga penguatan ekonomi masyarakat. Putri Victoria melihat secara dekat bagaimana agenda pembangunan berkelanjutan diterjemahkan dalam aksi nyata di lapangan. SCROLL TO CONTINUE WITH CONTENT ""Beliau melihat langsung pengembangan ekonomi biru, perlindungan ekosistem pesisir, serta program asuransi terumbu karang. Hal itu sebagai sinergi pengelolaan pariwisata bahari dan pelestarian lingkungan laut,"" katanya dalam keterangan tertulis, Selasa (8/9/2026). Iqbal menyampaikan, kunjungan tersebut semakin memperpanjang daftar tamu internasional yang datang ke NTB. Sebelumnya, sebanyak 11 duta besar negara sahabat sudah berkunjung ke NTB. Mulai dari duta besar Qatar H.E. Dr. Sultan bin Mubarak Saad Al-Dosari, Oman H.E. Mohamed Ahmed Salim Al-Shanfari, Maroko H.E. Redouane Houssaini, hingga Duta Besar Palestina Palestina H.E. Zuhair Saleh Muhammad Al-Shun. ADVERTISEMENT Bahkan, tahun lalu Gubernur Iqbal menggelar Indonesia Gastrodiplomacy Series (IGS) yang diikuti duta besar dan diplomat perwakilan dari 27 negara. Mereka tak hanya dari Benua Asia, tapi juga Afrika, Amerika, bahkan dari Benua Eropa seperti Finlandia, Inggris, tak ketinggalan pula negara-negara maju seperti Tiongkok dan Korea. Iqbal mengakui, mengenalkan NTB ke dunia bukan semata soal meningkatkan eksposur daerah. Diplomasi internasional harus berdampak pada terbukanya akses terhadap investasi, pasar, teknologi, wisatawan, hingga kesempatan kerja dan peningkatan kapasitas masyarakat NTB. Pertemuan dengan Qatar, misalnya, digunakan untuk menjajaki peluang masuknya investasi dan modal swasta. Sementara hubungan dengan negara-negara lain dapat dikembangkan untuk memperluas pasar produk NTB, kerja sama pendidikan dan vokasi, hingga membuka akses bagi tenaga kerja NTB ke pasar internasional. ""Kita tidak ingin tamu-tamu internasional hanya datang, berfoto, lalu pulang. Kita ingin setiap hubungan yang dibangun membuka pintu ekonomi baru bagi NTB,"" kata Iqbal. Lihat juga Video Heboh Ikan 'Kiamat' Oarfish Terdampar di Pantai Pink Lombok Timur [Gambas:Video 20detik] (hrp/fdl) ... Tautan telah disalin putri mahkota swedia kunjungan ntb nusa tenggara barat goodwill ambassador"
"Investasi Energi Bersih RI Naik-Turun, ESDM Ungkap Apa yang Terjadi",https://finance.detik.com/energi/d-8653341/investasi-energi-bersih-ri-naik-turun-esdm-ungkap-apa-yang-terjadi,"Jakarta - Pemerintah terus menggenjot pengembangan energi baru, terbarukan, dan konservasi energi (EBTKE) sebagai bagian dari upaya mempercepat transisi menuju sistem energi yang lebih bersih. Berbagai pembangunan infrastruktur seperti pembangkit listrik tenaga surya, pengembangan kendaraan listrik, pemanfaatan panas bumi, bioenergi, hingga berbagai program efisiensi energi terus dikebut. Dalam proses tersebut, Direktur Jenderal Energi Baru, Terbarukan dan Konservasi Energi (EBTKE) Kementrian Energi dan Sumber Daya Mineral (ESDM), Eniya Listiani Dewi mengatakan perlunya ada dukungan dari berbagai pihak. Hal ini guna meningkatkan investasi dan implementasi EBTKE yang ada saat ini. SCROLL TO CONTINUE WITH CONTENT ""Hingga saat ini capaian pengembangan energi baru, terbarukan dan konservasi energi grafiknya naik turun. Dari data kita lihat grafiknya memang naik, capaian investasi dan juga implementasi, tetapi memang kadang-kadang terkoreksi, bahkan triwulan pertama kemarin 18.3%, sekarang terkoreksi sedikit,"" ujar Eniya dalam keterangan tertulis, Selasa (8/9/2026). Lebih jauh, Eniya juga mengapresiasi para pihak yang ikut mendorong dan terlibat aktif baik itu individu maupun korporat yang memiliki komitmen dalam pengembangan energi baru terbarukan. Bahkan pihaknya menyambut baik beberapa kampus yang juga terlibat dalam program tersebut. ADVERTISEMENT ""Di mana ada universitas atau perguruan tinggi, kita overlay dengan sebaran EBT, sehingga di titik mana nanti universitas mana harus jadi center of excellence dari PLTS misalnya"" tambah Eniya. Dalam acara Apresiasi EBTKE 2026, pemerintah juga memberikan penghargaan kepada sejumlah perusahaan, perguruan tinggi, dan individu yang dinilai memiliki kontribusi terhadap pengembangan energi baru terbarukan dan konservasi energi. Untuk kategori Women in Clean Energy diberikan kepada Mada Ayu Habsari dari Asosiasi Energi Surya Indonesia (AESI) yang dinilai memiliki komitmen dan kontribusi nyata dalam pengembangan energi bersih, inovasi, kepemimpinan, pemberdayaan masyarakat, serta percepatan transisi energi di Indonesia. Melalui organisasinya, Mada menjalankan komitmen pengembangan energi bersih yang selama ini menjadi area male domination dengan melibatkan banyak pekerja perempuan. Menurut Mada Ayu Habsari transisi energi membutuhkan kontribusi dari semua pihak, termasuk perempuan. ""Dengan mengakui dan memperkenalkan perempuan yang telah berkontribusi dalam energi bersih dan dekarbonisasi, kita dapat meningkatkan visibilitas mereka sebagai role model, sekaligus mendorong lebih banyak perempuan untuk terlibat dalam sektor energi."" ujar Mada. Rita Kefi dari Yayasan Humanis juga menerima penghargaan dalam subkategori Changemaker. Di mana Rita Kefi dan lembaganya terjun ke lapangan untuk melakukan literasi dan pelatihan kepada kaum perempuan dengan metode menggambar sehingga mereka yang bersekolah juga bisa terlibat untuk kegiatan pelatihan. Kontribusi Rita dan organisasinya merefleksikan perspektif bahwa transisi energi tidak boleh berhenti pada persoalan teknologi dan penurunan emisi. Perubahan sistem energi juga harus memperhatikan siapa yang mendapatkan akses, siapa yang dilibatkan dalam pengambilan keputusan, dan siapa yang memperoleh manfaat sosial maupun ekonomi dari transisi tersebut. Sementara perempuan lainnya yang juga menerima awarding dalam momen itu adalah Novia Utami Putri dari Politeknik Negeri Lampung yang menerima penghargaan untuk subkategori Innovator. Kiprah Novia memperlihatkan pentingnya peran perempuan dalam mendorong inovasi dan pengembangan solusi energi bersih yang aplikatif. Pada saat yang sama, pendidikan vokasi menjadi bagian penting untuk menyiapkan sumber daya manusia yang mampu menjawab kebutuhan sektor energi yang terus berubah. Lihat juga Video JK dan Anaknya Temui Prabowo Bicara Investasi Energi Rp 70 Triliun [Gambas:Video 20detik] (hrp/fdl) ... Tautan telah disalin energi terbarukan konservasi energi transisi energi pembangkit listrik tenaga surya"
"Dorong Kapasitas Ekspor, LPEI & Kemenkeu Resmikan 48 Desa Devisa di Babel",https://finance.detik.com/berita-ekonomi-bisnis/d-8653337/dorong-kapasitas-ekspor-lpei-kemenkeu-resmikan-48-desa-devisa-di-babel,"Jakarta - Lembaga Pembiayaan Ekspor Indonesia (LPEI)/Indonesia Eximbank bersama Direktorat Jenderal Perbendaharaan (DJPb) Kementerian Keuangan RI (Kemenkeu) meresmikan 48 Desa Devisa di Provinsi Kepulauan Babel. Langkah ini menjadi bagian dari sinergi Kemenkeu Satu dalam membangun kapasitas ekspor dari tingkat desa. Hal ini sekaligus mendorong sumber pertumbuhan ekonomi daerah yang lebih beragam. Adapun seluruh Desa Devisa tersebut memiliki kekuatan pada tiga klaster komoditas unggulan yaitu lada, kerajinan lidi nipah, dan olahan perikanan. Masing-masing memiliki karakter produk dan basis pelaku usaha yang dapat dikembangkan untuk menjangkau pasar yang lebih luas. Direktur Pelaksana Keuangan, Operasional, & Teknologi Informasi LPEI Anwar Harsono mengatakan konsistensi menjadi salah satu kunci agar pelaku usaha tidak hanya dapat memasuki, tetapi juga bertahan di pasar global. SCROLL TO CONTINUE WITH CONTENT ""Keunikan produk adalah pintu masuk, tetapi yang membuat pelaku usaha bertahan di pasar ekspor adalah konsistensi. Kapasitas produksi, kualitas dan spesifikasi produk, tata kelola usaha, dan kesiapan finansial harus dibangun bertahap sebelum pelaku usaha berhadapan dengan pembeli luar negeri,"" ujar Anwar, dalam keterangan tertulis, Selasa (8/9/2026). ""Di situlah pendampingan Desa Devisa berperan,"" sambungnya. ADVERTISEMENT Baca juga: LPEI Kucurkan US$ 8,5 Juta Danai Ekspor Gerbong Barang ke Selandia Baru Klaster lada mencakup 34 desa dengan sekitar 400 petani di Kabupaten Bangka Selatan dan Bangka Tengah. Produk yang dihasilkan berupa lada putih dalam bentuk biji dan bubuk. Lada Bangka telah dikenal di pasar global sebagai Muntok White Pepper, memiliki kandungan piperin tinggi yang memberikan karakter pedas tajam, serta telah memperoleh perlindungan Indikasi Geografis (IG). Potensi berikutnya datang dari tujuh desa penghasil kerajinan lidi nipah yang melibatkan 50 perajin di Kabupaten Bangka dan Bangka Tengah. Serat lidi nipah yang tebal, panjang, dan lentur, dengan gradasi warna alami kecokelatan hingga krem, memberikan karakter premium pada produk kerajinan yang sepenuhnya organik dan mudah terurai. Sementara itu, klaster olahan perikanan mencakup tujuh desa dengan 36 pelaku usaha kecil dan menengah di Kabupaten Bangka dan Bangka Tengah. Produk diolah dari hasil tangkapan laut segar, dengan puluhan Industri Kecil Menengah (IKM) yang telah bernaung dalam satu sentra sehingga penguatan dan penjagaan standar kualitas produk dapat dilakukan secara lebih terarah. Sebagai Special Mission Vehicle (SMV) Kemenkeu, LPEI akan mendampingi pelaku usaha mulai dari penguatan kelembagaan dan manajemen ekspor hingga perluasan akses pasar. Pendampingan tersebut meliputi pelatihan prosedur dan dokumen ekspor, penyusunan laporan keuangan berstandar akuntansi, pengenalan market intelligence, pembiayaan pengiriman sampel ke luar negeri, fasilitasi uji laboratorium, hingga keikutsertaan dalam pameran internasional. Langkah LPEI ini didukung oleh sinergi lintas instansi yang solid. LPEI bersinergi dengan DJPb, Bea Cukai, Kementerian Perindustrian RI (Kemenperin), Bank Indonesia (BI) perwakilan Babel, dan Pemerintah Daerah (Pemda) Provinsi Kepulauan Bangka Belitung. Baca juga: Ekspor Tekstil RI Diprediksi Tumbuh 3,2%, Ada Tekanan Vietnam-China Masing-masing institusi memainkan peran strategis dalam membangun ekosistem ekspor yang berkelanjutan, dengan BI, Kemenperin, dan Pemda Babel berfungsi sebagai inkubator UMKM, sementara LPEI, DJPb, dan Bea Cukai menjalankan fungsi sebagai akselerator ekspor. Kepala Kanwil DJPb Provinsi Kepulauan Babel sekaligus Kepala Perwakilan Kemenkeu Babel Muhamad Mufti Arkan menyatakan program ini merupakan bagian dari upaya membangun sumber pertumbuhan ekonomi baru yang lebih beragam, inklusif, dan berkelanjutan dengan menempatkan desa sebagai titik awal pembangunan ekonomi yang berorientasi global. Program Desa Devisa merupakan program pendampingan berbasis community development yang diinisiasi Indonesia Eximbank untuk meningkatkan kapasitas masyarakat lokal dan mengembangkan komoditas unggulan desa hingga mampu menembus pasar ekspor. Program ini sejalan dengan komitmen Indonesia Eximbank pada prinsip Environmental, Social, and Governance (ESG) dan kerangka Sustainable Development Goals (SDGs), sekaligus mendukung Asta Cita Pemerintah. Sinergi ini semakin melengkapi perjalanan LPEI selama 17 tahun dalam mengawal dan mendorong pertumbuhan ekspor nasional. Program ini menjadi bagian dari upaya berkelanjutan LPEI untuk memastikan bahwa pertumbuhan ekspor tidak hanya bertumpu pada pelaku usaha besar, tetapi juga tumbuh dari potensi ekonomi masyarakat di berbagai daerah Indonesia. Video: Komitmen Indonesia Eximbank Perkuat Ekspor Nasional Video: Komitmen Indonesia Eximbank Perkuat Ekspor Nasional (anl/ega) ... Tautan telah disalin lpei kemenkeu desa devisa pertumbuhan ekonomi komoditas unggulan ekspor"
Arahan Prabowo: Bantuan Beras Lanjut sampai Desember,https://finance.detik.com/berita-ekonomi-bisnis/d-8653305/arahan-prabowo-bantuan-beras-lanjut-sampai-desember,"Jakarta - Menteri Koordinator Bidang Perekonomian Airlangga Hartarto mengatakan program bantuan pangan bakal terus diberikan hingga akhir tahun. Bantuan pangan beras 10 kilogram (kg) per bulan terakhir disalurkan hingga September, dan akan diperpanjang sampai Desember. Airlangga bilang ini merupakan arahan langsung Presiden Prabowo Subianto usai melakukan rapat terbatas di Istana Kepresidenan, Jakarta Pusat, Senin sore kemarin. ""Terkait dengan program-program bantuan yang disiapkan untuk tahun ini, termasuk bantuan beras yang sampai dengan bulan September itu 30 kg. Lalu, arahan bapak presiden itu untuk dilanjutkan di bulan selanjutnya, yaitu Oktober, November, dan Desember,"" beber Airlangga, dikutip Selasa (8/9/2026). SCROLL TO CONTINUE WITH CONTENT Baca juga: Mentan Pastikan Produksi Beras Aman saat El Nino, SPHP Ditambah 1 Juta Ton Sebelumnya, Menteri Koordinator Bidang Pangan Zulkifli Hasan alias Zulhas mengatakan bansos pangan beras akan diberikan untuk periode Oktober, November, dan Desember 2026. Rencananya, penyaluran dilakukan secara sekaligus (dirapel) untuk periode tiga bulan tersebut kepada seluruh keluarga penerima manfaat. Dia mengatakan penyaluran bansos ini menyasar masyarakat kurang mampu yang masuk dalam kelompok desil 1 hingga desil 4. Menurutnya mencakup puluhan juta jiwa. ADVERTISEMENT ""Kita sudah memutuskan bantuan pangan untuk desil 1-desil 4 sejumlah 33 juta sekian (penerima manfaat) ya, rakyat kita yang jumlahnya itu kali 10 kg per bulan. Jadi 30 kg,"" kata Zulhas dalam konferensi pers usai rapat di kantornya, Jakarta Pusat, Senin (7/9/2026) kemarin. Menurutnya, langkah penyaluran bansos yang dilakukan sekaligus ini juga bertujuan untuk membanjiri stok masyarakat. Dengan begitu, permintaan akan beras di pasar dapat turun signifikan. Kondisi ini dinilai dapat ikut menekan kenaikan harga imbas pelemahan produksi beras domestik di tengah musim kemarau kering hingga akhir tahun ini. Lihat juga Video: Hadapi El Nino, Bantuan Beras 30 Kg Dilanjutkan hingga Desember [Gambas:Video 20detik] (hal/ara) ... Tautan telah disalin bantuan beras prabowo subianto program bantuan pangan"
Harga Emas Antam Hari Ini Jatuh!,https://finance.detik.com/berita-ekonomi-bisnis/d-8653266/harga-emas-antam-hari-ini-jatuh,"Jakarta - Harga emas Antam kembali mengalami penurunan dan melanjutkan tren pelemahan sejak akhir pekan kemarin. Harga emas Antam 24 karat hari turun Rp 10.000 per gram berada di level Rp 2.627.000 per gram. Berdasarkan situs Logam Mulia Antam, Selasa (8/9/2026), satuan harga emas hari ini yang terkecil ukuran 0,5 gram berada di angka Rp 1.363.500. Sementara harga emas 10 gram dijual dengan harga Rp 25.765.000 dan ukuran emas terbesar yakni 1.000 gram (1 kg) dibanderol Rp 2.567.600.000. Jika ditarik dalam sepekan terakhir, harga emas Antam berada dalam rentang Rp 2.624.000-2.670.000 per gram. Sementara dalam sebulan terakhir, harga emas Antam bergerak dalam rentang Rp 2.624.000-2.768.000 per gram. SCROLL TO CONTINUE WITH CONTENT Buyback Emas Harga emas hari ini untuk buyback emas Antam juga turun Rp 10.000 dan berada di level Rp 2.480.000 per gram. Harga buyback adalah jika Anda ingin menjual emas, maka Antam akan membelinya dengan harga tersebut. Sesuai Peraturan Menteri Keuangan (PMK) Nomor 34 Tahun 2017, pembelian emas batangan akan dikenakan PPh 22 sebesar 0,9%. Jika ingin mendapatkan potongan pajak lebih rendah sebesar 0,45%, harus menyertakan NPWP untuk transaksinya. ADVERTISEMENT Rincian Harga Emas Hari Ini Harga emas 0,5 gram: Rp 1.363.500 Harga emas 1 gram: Rp 2.627.000 Harga emas 2 gram Rp 5.194.000 Harga emas 3 gram Rp 7.766.000 Harga emas 5 gram: Rp 12.910.000 Harga emas 10 gram: Rp 25.765.000 Harga emas 25 gram: Rp 64.287.000 Harga emas 50 gram: Rp 128.495.000 Harga emas 100 gram: Rp 256.912.000 Harga emas 250 gram: Rp 642.015.000 Harga emas 500 gram: Rp 1.283.820.000 Harga emas 1.000 gram: Rp 2.567.600.000 Demikian rincian harga emas hari ini keluaran Antam 1 gram hingga 1.000 gram, Selasa (8/9/2026). Lihat juga Video: Harga Emas Antam Ambruk Hari Ini [Gambas:Video 20detik] (igo/fdl) ... Tautan telah disalin harga emas buyback emas investasi emas emas antam harga emas hari ini tren harga emas"
IHSG Dibuka Menguat ke 6.639,https://finance.detik.com/bursa-dan-valas/d-8653232/ihsg-dibuka-menguat-ke-6-639,"Jakarta - Indeks Harga Saham Gabungan (IHSG) cukup bergairah pada perdagangan pagi ini. IHSG dibuka hijau pada pembukaan perdagangan. Dikutip dari data perdagangan RTI, Selasa (8/9/2026), IHSG dibuka di level 6.639,51 pada pembukaan pukul 09.00 WIB. Sekitar lima menit kemudian IHSG masih meroket ke zona hijau hingga menguat 0,40% secara harian atau naik 26,55 poin ke level 6.646,22. IHSG paling tinggi diperdagangkan pada level 6.652,53 dan terendah 6.636,93. Sebanyak 310 saham menguat, 143 saham melemah, dan 235 saham stagnan. SCROLL TO CONTINUE WITH CONTENT Baca juga: Simak Rekomendasi Saham saat IHSG Loyo Volume perdagangan pagi ini tembus 2,76 miliar saham dengan perputaran uang Rp 875,74 miliar. Frekuensi perdagangan menyentuh 143.550 kali. ADVERTISEMENT Meski menguat, IHSG masih jauh lebih lemah dibandingkan posisi awal tahun hingga minus 23,12%. Sementara secara tahunan juga melemah 11,41%. Lihat juga Video: IHSG Tertahan Meski Sentimen Global Positif, Investor Tunggu Aturan Baru BEI [Gambas:Video 20detik] (hal/ara) ... Tautan telah disalin ihsg ihsg menguat"
Dolar AS Hari Ini Menguat ke Rp 17.646,https://finance.detik.com/bursa-dan-valas/d-8653229/dolar-as-hari-ini-menguat-ke-rp-17-646,"Jakarta - Nilai tukar dolar Amerika Serikat (AS) menguat terhadap rupiah pada pembukaan perdagangan hari ini. Mata uang Paman Sam di level Rp 17.600 pagi ini. Dikutip dari data Bloomberg , Selasa (8/9/2026), nilai tukar dolar AS pukul 09.05 WIB berada pada level Rp 17.646 atau naik 6 poin (0,03%). Selanjutnya, pergerakan dolar AS terhadap mata uang lainnya cenderung menguat. Nilai tukar dolar AS naik 0,03% terhadap dolar Australia. Dolar AS turun 0,09% terhadap euro. SCROLL TO CONTINUE WITH CONTENT Baca juga: Dolar AS Pagi Ini Menguat ke Rp 17.664 Selanjutnya, pergerakan dolar AS terhadap dolar Singapura minus 0,12%. Sedangkan dolar AS naik terhadap yuan China 0,01%. ADVERTISEMENT Dolar AS minus 0,78% terhadap yen. Sementara itu, dolar AS naik terhadap baht 0,19% dan menguat terhadap ringgit 0,01%. Lihat juga Video BI soal Dolar AS Tembus Rp 17.700: Beda dengan 1998 [Gambas:Video 20detik] (rea/ara) ... Tautan telah disalin dolar as nilai tukar rupiah"
"Dari Rp 2,41 T Jadi Rp 8,51 T, Mengintip Pertumbuhan Pupuk Indonesia",https://finance.detik.com/berita-ekonomi-bisnis/d-8652409/dari-rp-2-41-t-jadi-rp-8-51-t-mengintip-pertumbuhan-pupuk-indonesia,"Jakarta - PT Pupuk Indonesia (Persero) mencatatkan lonjakan kinerja keuangan sepanjang semester I 2026. Laba bersih perusahaan melonjak dari sekitar Rp 2,41 triliun pada periode yang sama tahun sebelumnya menjadi Rp 8,51 triliun. Kenaikan tersebut mencapai 252,8 % secara tahunan. Kinerja positif Pupuk Indonesia bahkan turut mendapat sorotan Presiden RI Prabowo Subianto dalam pidato Sidang Tahunan MPR dan Sidang Bersama DPR-DPD RI pada Jumat (14/8/2026). ""Dan pada saat bersamaan keuntungan PT Pupuk Indonesia, perusahaan negara, BUMN, keuntungannya naik 252,8%. Harga pupuk turun, volume tambah, tapi keuntungan bagi PT Pupuk Indonesia naik 252,8%,"" ujar Prabowo. SCROLL TO CONTINUE WITH CONTENT Pertumbuhan laba tersebut menjadi salah satu gambaran kinerja BUMN yang dinilai semakin positif. Menariknya, peningkatan keuntungan Pupuk Indonesia terjadi bersamaan dengan kebijakan pemerintah untuk menurunkan harga pupuk hingga 20%. ""Pertama kali harga pupuk dapat kita turunkan kepada rakyat,"" ujar Prabowo. ADVERTISEMENT Kondisi tersebut menunjukkan bahwa pertumbuhan Pupuk Indonesia tidak semata-mata berasal dari kenaikan harga jual pupuk. Perusahaan melakukan transformasi bisnis dengan mengedepankan efisiensi operasional dan disiplin biaya. Laba Melonjak 253% Berdasarkan kinerja Januari-Juni 2026, Pupuk Indonesia membukukan laba bersih Rp8,51 triliun. Angka tersebut tumbuh 253% dibandingkan periode yang sama pada tahun sebelumnya yang berada di kisaran Rp 2,41 triliun. Selain laba, pendapatan perusahaan juga mengalami pertumbuhan signifikan. Pupuk Indonesia mencatatkan pendapatan Rp 59,67 triliun, meningkat 51% dibandingkan periode yang sama tahun sebelumnya. Sementara itu, EBITDA perusahaan mencapai Rp 14,28 triliun atau tumbuh 140%. Pertumbuhan tersebut didorong oleh peningkatan volume produksi serta efisiensi biaya operasional yang menjadi bagian dari transformasi perusahaan. Direktur Utama Pupuk Indonesia Rahmad Pribadi mengatakan kinerja tersebut merupakan hasil dari transformasi bisnis dan tata kelola yang dilakukan secara menyeluruh. Menurutnya, penerapan operational excellence dan cost leadership yang dijalankan secara konsisten menjadi fondasi perusahaan untuk tumbuh secara berkelanjutan. ""Berkat dukungan pemerintah melalui Danantara transformasi bisnis secara menyeluruh sudah mulai membuahkan hasil berupa capaian kinerja keuangan yang membanggakan. Dengan fondasi keuangan yang semakin kuat, kami optimistis pertumbuhan ini berkelanjutan, bukan hanya untuk kinerja perusahaan, tapi juga untuk kontribusi yang lebih besar terhadap ketahanan pangan nasional,"" ujar Rahmad. Baca juga: Laba Pupuk Indonesia Naik 253%, Harga Pupuk Turun, Apa Strateginya? Efisiensi Jadi Motor Pertumbuhan Industri pupuk memiliki tantangan tersendiri karena biaya produksi dipengaruhi oleh ketersediaan dan harga bahan baku serta energi. Untuk menghadapi kondisi tersebut, Pupuk Indonesia memperkuat efisiensi sekaligus meningkatkan ketahanan bisnis. Perusahaan memperluas sumber pasokan dan skema kontrak bahan baku untuk mengurangi dampak volatilitas harga komoditas global. Di sisi pendapatan, Pupuk Indonesia juga melakukan diversifikasi dengan memperkuat kontribusi segmen non-subsidi dan produk non-pupuk. Strategi tersebut membuat perusahaan memiliki sumber pertumbuhan yang lebih beragam sehingga tidak sepenuhnya bergantung pada siklus harga komoditas. Transformasi juga dilakukan melalui operational dan digital excellence, holding business streamlining, distribusi public service obligation serta penguatan bisnis komersial. Revitalisasi 7 Pabrik Transformasi Pupuk Indonesia turut menyasar fasilitas produksi. Penguatan kinerja keuangan yang dicapai perusahaan memberi ruang untuk meningkatkan investasi untuk peremajaan atau revitalisasi tujuh pabrik dalam lima tahun ke depan. Langkah tersebut dilakukan sejalan dengan arahan Danantara untuk mengoptimalkan portofolio aset BUMN agar lebih produktif dan memberikan nilai tambah. Saat ini Pupuk Indonesia memiliki kapasitas produksi nasional sekitar 14,8 juta ton per tahun. Kapasitas tersebut menjadi salah satu modal perusahaan untuk memenuhi kebutuhan pupuk dalam negeri sekaligus merespons peluang pasar global. Optimalisasi aset menjadi penting untuk memastikan kapasitas produksi yang dimiliki dapat digunakan secara efisien. Dengan fasilitas yang lebih produktif, perusahaan memiliki ruang untuk menjaga biaya produksi sekaligus meningkatkan daya saing. Perluas Bisnis di Luar Pupuk Pupuk Indonesia juga mulai menyiapkan sumber pertumbuhan baru melalui diversifikasi bisnis. Dalam beberapa tahun mendatang, perusahaan menyiapkan pengembangan metanol dan turunannya, bisnis clean ammonia serta industrial support. Diversifikasi tersebut diharapkan dapat memperluas sumber pendapatan perusahaan sekaligus mengurangi ketergantungan terhadap siklus bisnis pupuk. Pengembangan clean ammonia juga menjadi bagian dari upaya perusahaan menangkap peluang bisnis yang berkembang seiring dengan transisi menuju industri yang lebih rendah emisi. Dengan strategi tersebut, transformasi Pupuk Indonesia diarahkan tidak hanya untuk menghasilkan kinerja keuangan yang kuat saat ini, tetapi juga membangun fondasi bisnis yang mampu menghadapi perubahan kondisi ekonomi global. Baca juga: Transformasi Industri Pupuk RI: Dari Produktivitas ke Keberlanjutan Laba Naik, Petani Ikut Merasakan Kinerja keuangan perusahaan juga berjalan beriringan dengan upaya pemerintah meningkatkan akses petani terhadap pupuk. Sepanjang 2025, Pupuk Indonesia berhasil menyalurkan 8.110.571 ton pupuk bersubsidi atau meningkat 10,68% dibandingkan tahun sebelumnya. Peningkatan tersebut didukung implementasi sistem i-Pubers yang mempercepat dan mempermudah proses penebusan pupuk. Penerapan Peraturan Presiden Nomor 6 Tahun 2025 juga menyederhanakan tata kelola penyaluran pupuk bersubsidi. Hingga 1 September 2026, Pupuk Indonesia telah menyalurkan pupuk bersubsidi sebanyak 6,33 juta ton atau 64,3% dari alokasi 9,8 juta ton yang ditetapkan Pemerintah. Rahmad mengatakan transformasi yang dilakukan perusahaan pada akhirnya diarahkan untuk memberikan manfaat langsung kepada petani sekaligus menjaga ketahanan pangan nasional. ""Sejalan dengan agenda transformasi BUMN yang didorong Danantara, semua perubahan struktural ini bermuara pada satu hal, pupuk yang terjangkau dan lebih cepat sampai ke petani, dengan cost yang lebih sehat bagi negara serta menjaga ketahanan pangan,"" ungkap Rahmad. Di sisi lain, kebijakan pemerintah untuk menurunkan harga pupuk hingga 20% diharapkan semakin memperkuat akses petani terhadap sarana produksi. Bagi Pupuk Indonesia, kondisi tersebut menjadi tantangan sekaligus peluang. Perusahaan harus mampu mempertahankan profitabilitas tanpa mengorbankan fungsi strategisnya dalam menyediakan pupuk bagi sektor pertanian. Menjaga Pertumbuhan Tetap Berkelanjutan Lonjakan laba dari Rp 2,41 triliun menjadi Rp 8,51 triliun menunjukkan adanya perubahan signifikan dalam kinerja Pupuk Indonesia. Namun, perusahaan tidak ingin pertumbuhan tersebut hanya menjadi capaian sesaat. Rahmad menilai keberlanjutan laba harus dibangun melalui fondasi bisnis yang kuat sehingga perusahaan tetap mampu tumbuh ketika kondisi global mengalami perubahan. ""Bagi kami, keberlanjutan laba bukan soal mengejar angka tertinggi tiap tahun, tapi memastikan fondasi yang cukup kuat untuk tetap tumbuh meski kondisi global berubah-ubah. Ketahanan bisnis kami bukan hanya soal bertahan dari gejolak industri, tapi juga soal memastikan pertumbuhan ini dirasakan langsung oleh pelaku usaha kecil dan petani,"" pungkas Rahmad. Dengan demikian, lonjakan laba Pupuk Indonesia pada semester I 2026 bukan hanya cerita mengenai pertumbuhan angka keuntungan. Di balik kenaikan tersebut terdapat strategi efisiensi, optimalisasi aset, diversifikasi bisnis dan transformasi tata kelola. Pada saat yang sama, pemerintah berupaya memastikan peningkatan kinerja BUMN tersebut dapat berjalan seiring dengan kepentingan masyarakat melalui penurunan harga pupuk dan peningkatan akses petani. Dari laba Rp 2,41 triliun menjadi Rp 8,51 triliun, pertumbuhan Pupuk Indonesia kini tidak hanya menjadi ukuran kesehatan perusahaan, tetapi juga bagian dari upaya memperkuat ekosistem pertanian dan ketahanan pangan nasional. Lihat juga Video: Ini Program Pupuk Indonesia yang Bawa Pulau Lembata Mandiri Pangan! [Gambas:Video 20detik] (akd/ega) ... Tautan telah disalin pupuk indonesia pertumbuhan laba bumn efisiensi operasional"
"Hari Pelanggan Nasional, Mega Syariah Berikan Layanan Medical Check-Up Gratis",https://finance.detik.com/moneter/d-8649196/hari-pelanggan-nasional-mega-syariah-berikan-layanan-medical-check-up-gratis,"Jakarta - Sebagai bentuk apresiasi kepada nasabah pada Hari Pelanggan Nasional (Harpelnas) 2026, Bank Mega Syariah menghadirkan layanan gratis medical check-up bagi para nasabah di sejumlah kantor cabang. Kegiatan tersebut menjadi bagian dari upaya Bank Mega Syariah dalam mempererat hubungan dengan nasabah setia. Direktur Utama Bank Mega Syariah Yuwono Waluyo mengatakan Hari Pelanggan Nasional merupakan momentum bagi Bank Mega Syariah untuk menyampaikan apresiasi atas kepercayaan dan loyalitas nasabah yang terus tumbuh bersama perseroan. Menurut Yuwono, Bank Mega Syariah tidak hanya berupaya menghadirkan produk dan layanan keuangan syariah yang relevan, tetapi juga terus meningkatkan kualitas interaksi serta pengalaman nasabah pada berbagai titik layanan. SCROLL TO CONTINUE WITH CONTENT Bank Mega Syariah menyediakan berbagai produk dan layanan yang dapat disesuaikan dengan kebutuhan nasabah, seperti pembiayaan kepemilikan emas (Flexi Gold), tabungan haji (Tabungan Haji iB), pembiayaan porsi haji khusus (Flexi Mabrur), dan kartu pembiayaan berbasis prinsip syariah (Syariah Card), serta produk dan layanan lainnya. ""Relationship Based merupakan fokus utama dalam memberikan pelayanan terbaik bagi nasabah. Bagi kami, pelayanan yang baik bukan hanya mengenai transaksi perbankan, tetapi bagaimana kami dapat memahami kebutuhan dan memberikan pengalaman perbankan yang memiliki nilai tambah bagi nasabah. Kepercayaan nasabah menjadi motivasi bagi kami untuk terus meningkatkan kualitas layanan dan menghadirkan solusi keuangan syariah yang semakin relevan bagi masyarakat,"" tambah Yuwono. ADVERTISEMENT Kepercayaan nasabah tersebut turut menjadi salah satu pendorong bagi pertumbuhan bisnis Bank Mega Syariah. Hingga Juni 2026, perseroan mencatatkan laba sebelum pajak lebih dari Rp137 miliar, meningkat 17,56% secara tahunan (year on year/YoY) dibandingkan periode yang sama tahun sebelumnya yang tercatat lebih dari Rp117 miliar. Dari sisi intermediasi, total funding Bank Mega Syariah, hingga Juni 2026 Mencapai Syariah tercatat sebesar Rp9,69 triliun. Bank Mega Syariah terus berusaha untuk meningkatkan porsi pendanaan antara lain dari sumber dana tabungan yang dihimpun melalui segmen nasabah Haji, Payroll, dan komunitas. Volume dana murah diperoleh melalui layanan perbankan berbasis digital serta melalui ekosistem haji, program community, registrasi Cash Management System (CMS) atau fasilitas bagi nasabah korporasi untuk melakukan transaksi finansial di Bank Mega Syariah. Sedangkan dari sisi pembiayaan bank Mega syariah telah mencapai lebih dari Rp10 triliun hingga Juni 2026, atau tumbuh lebih dari 6% YoY. Pertumbuhan pembiayaan ini tentunya tetap mengedepankan prinsip kehati-hatian dan (hns/hns) ... Tautan telah disalin hari pelanggan nasional bank mega syariah"
Simak Rekomendasi Saham saat IHSG Loyo,https://finance.detik.com/bursa-dan-valas/d-8653192/simak-rekomendasi-saham-saat-ihsg-loyo,"Daftar Isi Market Overview Berita Emiten PT Puradelta Lestari Tbk (DMAS)?? PT MPX Logistics International Tbk (MPXL)?? PT Bank Mandiri (Persero) Tbk (BMRI)?? Rekomendasi Saham Hari Ini Jakarta - Market Overview Indeks Harga Saham Gabungan (IHSG) menutup perdagangan Senin (7/9/2026) di zona merah. IHSG turun 0,25% ke level 6.619,67. Sejumlah saham bergerak naik dan menjadi pendorong perdagangan. BUMI tercatat naik 4,76%, sedangkan IMPC dan AADI masing-masing menguat 4%. Sebaliknya, SMMA mengalami penurunan 5,82%. Saham BBCA turun 1,12% dan BBRI melemah 0,59%. Investor asing mencatatkan penjualan bersih sebesar Rp590,18 miliar di pasar reguler. Jika dihitung di seluruh pasar, penjualan bersih asing mencapai Rp678,54 miliar. SCROLL TO CONTINUE WITH CONTENT Dari 11 sektor yang diperdagangkan, enam sektor berakhir melemah. Sektor keuangan mencatat penurunan 0,76%, sementara sektor industri naik 1,25%. Aktivitas perdagangan saham Amerika Serikat tidak berlangsung pada 7 September 2026 karena libur Labor Day. Perdagangan Wall Street dijadwalkan kembali dibuka pada 8 September 2026. ADVERTISEMENT Sementara itu, indeks IDXHealthcare menguat 0,82%. Pergerakan tersebut antara lain terlihat pada MEDS, DKHH, KAEF, HALO, SOHO, dan IRRA. Di pasar offshore, indeks MSCI Indonesia terkoreksi 0,59%. Baca juga: IHSG Ditutup Melemah ke Level 6.619 Berita Emiten PT Puradelta Lestari Tbk (DMAS) DMAS mencatat prapenjualan sebesar Rp1,15 triliun hingga semester I 2026. Capaian tersebut sudah mencapai sekitar 55% dari target prapenjualan sepanjang tahun yang ditetapkan sebesar Rp2,08 triliun. Dengan demikian, DMAS masih perlu membukukan sekitar Rp930 miliar pada semester II 2026 untuk mencapai target tersebut. Prapenjualan DMAS pada paruh pertama tahun ini banyak ditopang segmen industri, terutama permintaan lahan untuk data center. Total permintaan lahan industri tercatat sekitar 85 hektare, dengan sekitar 75% atau kurang lebih 64 hektare berasal dari sektor data center. Permintaan tersebut didukung fasilitas kawasan GIIC/Deltamas yang memiliki pasokan listrik premium hingga 1.000 MVA. Kawasan ini juga dilengkapi jaringan fiber optic dengan sistem redundansi, sistem looping untuk air bersih dan air daur ulang, serta pusat komando data dan keamanan. Dari sisi ketersediaan lahan, DMAS memiliki land bank sekitar 581 hektare per 30 Juni 2026. Rinciannya terdiri dari 357 hektare lahan komersial, 164 hektare residensial, dan 60 hektare lahan industri. Jumlah permintaan lahan industri sebesar 85 hektare tersebut sudah lebih besar dibandingkan sisa lahan industri sekitar 25 hektare. Kondisi ini membuat DMAS mempertimbangkan konversi sebagian lahan komersial dan residensial untuk memenuhi kebutuhan lahan, khususnya dari sektor data center. PT MPX Logistics International Tbk (MPXL) MPXL menyiapkan ekspansi ke bisnis angkutan batu bara menggunakan kapal tongkang. Rencana tersebut ditargetkan mulai direalisasikan pada 2027. Langkah ini menjadi bagian dari pengembangan bisnis MPXL yang juga tengah mengembangkan perdagangan batu bara melalui PT Tambang Raya Sejahtera. Kinerja MPXL pada semester I 2026 menunjukkan pertumbuhan pendapatan. Perseroan membukukan pendapatan Rp73,12 miliar, naik 28,80% dibandingkan periode yang sama tahun sebelumnya sebesar Rp56,77 miliar. Segmen jasa ekspedisi menjadi penyumbang pendapatan terbesar dengan nilai Rp50,98 miliar. Angka tersebut meningkat 54,50% secara tahunan. MPXL menyebut realisasi bisnis hingga saat ini telah mencapai sekitar 85% dari target yang ditetapkan untuk 2026. Namun, aktivitas perdagangan batu bara masih menghadapi tantangan berupa pembatasan RKAB pada sejumlah tambang di Sumatera Selatan dan Kalimantan. Jika ekspansi angkutan menggunakan kapal tongkang berjalan sesuai rencana, MPXL akan mengembangkan kegiatan logistik dari sisi perdagangan hingga transportasi batu bara. Bisnis tersebut juga ditargetkan menjadi sumber pendapatan baru mulai 2027. PT Bank Mandiri (Persero) Tbk (BMRI) BMRI akan membagikan dividen tunai interim untuk tahun buku 2026 sebesar Rp66 per saham. Dengan jumlah saham beredar sekitar 93,33 miliar lembar, total dividen interim yang disiapkan mencapai sekitar Rp6,16 triliun. Pembagian dividen tersebut setara dengan dividend payout ratio sebesar 20,26% dari laba bersih Bank Mandiri pada semester I 2026. Sementara itu, saham BMRI pada perdagangan Senin (7/9/2026) ditutup di level Rp4.390 per saham. Berdasarkan harga tersebut, dividen interim Rp66 per saham menghasilkan dividend yield sekitar 1,50%. Cum date dividen untuk pasar reguler dan negosiasi ditetapkan pada 15 September 2026. Adapun pembayaran dividen dijadwalkan pada 2 Oktober 2026. Baca juga: Modal Asing Serbu RI, Masuk Rp 1,9 Triliun di Agustus 2026 Rekomendasi Saham Hari Ini BFIN - Buy 1005-1015 | TP 1025-1035 | SL 950 [Gambas:Produk Investasi by Investasiku] MDIA - Buy 244-248 | TP 256-264 | SL 232 [Gambas:Produk Investasi by Investasiku] TINS - Buy 4450-4470 | TP 4530-4600 | SL 4220 [Gambas:Produk Investasi by Investasiku] SMDR - Buy 356-360 | TP 366-370 | SL 334 [Gambas:Produk Investasi by Investasiku] BTPS - Buy 1045-1055 | TP 1070-1085 | SL 1000 [Gambas:Produk Investasi by Investasiku] Disclaimer: Ingat, bahwa segala analisis dan rekomendasi saham dalam artikel ini bersifat informatif sekaligus bukan merupakan ajakan untuk membeli atau menjual saham tertentu. (ang/ang) Tautan telah disalin saham rekomendasi saham ihsg pasar modal"
17 Perjalanan KRL Dibatalkan Imbas Perawatan Armada Buatan INKA,https://finance.detik.com/berita-ekonomi-bisnis/d-8653186/17-perjalanan-krl-dibatalkan-imbas-perawatan-armada-buatan-inka,"Jakarta - Penyesuaian jadwal Commuter Line Jabodetabek telah dilakukan sejak Senin kemarin, sehingga beberapa perjalanan di lintas Jakarta-Kota dikurangi. Perawatan rangkaian KRL menjadi alasan utamanya. Belakangan diketahui, ternyata rangkaian KRL yang melakukan perawatan besar adalah rangkaian yang diproduksi PT INKA seri iE305. PT INKA melakukan General Check Up terhadap rangkaian KRL yang baru beroperasi sejak akhir Desember 2025 lalu. Pemeriksaan ini dilakukan untuk memastikan seluruh komponen bekerja dengan baik, termasuk sistem bogie, sistem propulsi, serta seluruh komponen yang berkaitan dengan aspek keselamatan perjalanan. SCROLL TO CONTINUE WITH CONTENT ""Sejak awal proses ini berlangsung, tim engineering dan quality assurance kami sudah terjun langsung bersama tim KAI Commuter untuk memastikan setiap komponen, termasuk bogie dan sistem propulsi, berfungsi optimal,"" tutur Senior Manager Corporate Communication and Representative Office INKA, Nanang Agung Rohmandiyas dalam keterangan pers bersama KAI Commuter, Selasa (8/9/2026). Baca juga: 17 Perjalanan KRL Dibatalkan, Ini Alasannya ADVERTISEMENT Sebagai bagian dari proses General Check Up ini, INKA akan terus berkoordinasi dengan KAI Commuter untuk memastikan seluruh rangkaian yang diproduksi memenuhi standar keselamatan dan kenyamanan bagi pengguna. Di sisi lain, VP Corporate Secretary KAI Commuter Karina Amanda menyampaikan penyesuaian jadwal perjalanan ini dilakukan dengan menyesuaikan jumlah sarana yang dioperasikan. Dilakukan pada pagi dan sore hari dan bersifat sementara. Sebanyak 17 perjalanan Commuter Line yang dilakukan penyesuaian pada pemberangkatan pagi hari, sore dan malam hari. Jadwal pembatalan 7 perjalanan dari Bogor/Cilebut/Depok menuju Manggarai/Jakarta Kota dan 5 perjalanan dari Jakarta Kota menuju Bogor pada pagi hari, serta terdapat 2 perjalanan dari Manggarai menuju Bogor dan 3 perjalanan dari Bogor pada sore hari. ""Saat ini kami melakukan proses perawatan rangkaian sarana KRL yang ada secara intensif, demi keselamatan dan keamanan perjalanan,"" kata Karina. Dengan adanya penyesuaian jadwal keberangkatan tersebut, KAI Commuter hanya mengoperasikan sebanyak 1.048 perjalanan di seluruh lintas Commuter Line Jabodetabek sebelumnya sebanyak 1.065 perjalanan setiap harinya. ""Kami memahami pasti akan ada ketidaknyamanan bagi para pengguna Commuter Line selama proses perawatan ini. Kami mohon maaf atas ketidaknyamanan yang ditimbulkan,"" ujar Karina. Dia juga menegaskan bahwa KAI Commuter akan terus menginfokan secara berkala terkait jadwal dan operasional Commuter Line melalui pengumuman informasi di Stasiun, di atas kereta, aplikasi C-Access, maupun melalui kanal media sosial resmi KAI Commuter. Saksikan Live DetikPagi : (hal/ara) ... Tautan telah disalin krl inka commuter line perawatan krl"
"Transisi Bisnis, TBS Energi (TOBA) Jadi Saham Hijau Pertama BEI",https://finance.detik.com/bursa-dan-valas/d-8653180/transisi-bisnis-tbs-energi-toba-jadi-saham-hijau-pertama-bei,"Jakarta - PT TBS Energi Utama Tbk (TOBA) menjadi perusahaan pertama di Indonesia yang memperoleh Penetapan Saham Hijau Transisi (Green Equity Transition) dari Bursa Efek Indonesia (BEI). Kategori ini diberikan kepada perusahaan tercatat yang bisnisnya secara terukur bergerak menuju ekonomi rendah karbon, dengan menilai pendapatan dan alokasi investasi perusahaan pada kegiatan hijau yang telah dikomitmenkan. Penetapan berlaku efektif sejak 28 Agustus 2026, pada peluncuran perdana IDX Green Equity Designation yang melibatkan tiga perusahaan tercatat. TBS menjadi satu-satunya perusahaan yang ditetapkan pada kategori transisi. ""Bagi kami, penetapan ini bukanlah garis akhir, melainkan satu tonggak lagi dalam transformasi yang masih kami jalani. Kami mengapresiasi inisiatif BEI menghadirkan penetapan ini, yang memberi investor gambaran terukur dan telah direviu secara independen mengenai sejauh mana bisnis kami sudah bertransisi. Penetapan ini menetapkan standar yang harus kami jaga setiap tahun, dan kami berharap penetapan ini mempertemukan kami dengan investor yang memang mencari perusahaan seperti kami,"" kata Direktur Utama dan Chief Executive Officer TBS, Dicky Yordan dalam keterangan tertulis, Selasa (8/9/2026). SCROLL TO CONTINUE WITH CONTENT Baca juga: IHSG Melemah Tipis, Cek Rekomendasi Saham Hari Ini Kerangka penetapan bertumpu pada lima pilar yang diadaptasi dari Green Equity Principles milik World Federation of Exchanges (WFE), yaitu kontribusi finansial, keselarasan taksonomi, tata kelola, penilaian berkala, dan keterbukaan informasi kepada publik. Perusahaan harus menunjukkan bahwa lebih dari separuh pendapatan tahunannya, atau lebih dari separuh belanja operasional dan belanja modalnya, berada pada kegiatan hijau atau transisi sebagaimana didefinisikan dalam TKBI. ADVERTISEMENT Setiap penetapan dievaluasi setiap tahun oleh penyedia reviu eksternal yang diakui, dan BEI dapat mengubah atau mencabutnya. Penetapan ini dinilai berdasarkan laporan keuangan tahunan TBS yang telah diaudit untuk tahun buku 2025 (FY2025), ketika bisnis infrastruktur berkelanjutan (non-batu bara) masih menyumbang 47% dari pendapatan konsolidasi. Bauran pendapatan inilah yang menempatkan TBS pada kategori transisi. ""IDX Green Equity Designation merupakan milestone penting dalam membangun pasar modal Indonesia yang semakin transparan, kredibel, dan berorientasi pada keberlanjutan. Kami mengapresiasi partisipasi perusahaan-perusahaan yang memperoleh penetapan perdana ini, termasuk TBS, serta komitmen mereka untuk menjalani proses reviu independen sejak awal. Kami berharap penetapan ini mendorong semakin banyak Perusahaan Tercatat untuk memperkuat praktik keberlanjutannya dan memberikan informasi yang lebih kredibel bagi investor,"" kata Direktur Pengembangan Usaha BEI, Iding Pardi. TBS direviu oleh S&P Global Ratings, yang menilai 92% komitmen belanja modal Perseroan untuk periode 2025 hingga 2030 sebagai kegiatan hijau, tanpa alokasi untuk batu bara, jauh di atas ambang batas yang disyaratkan BEI. Dalam Climate Transition Assessment, S&P Global Ratings menyatakan TBS menonjol di antara perusahaan sejenis di Indonesia karena ambisi posisinya, dengan menyebut target waktu tercepat untuk mencapai netralitas karbon pada 2030 dan pengalihan modal ke kegiatan non-batu bara. Baca juga: Rugi TBS Energi Rp 165 Miliar, Turun 83% Meskipun bisnis infrastruktur berkelanjutan menyumbang kurang dari separuh pendapatan konsolidasi pada FY2025, porsinya melonjak pada semester I-2026 menjadi 66,5% dari pendapatan konsolidasi TBS, lebih dari dua kali lipat kontribusi batu bara yang sebesar 31,4%, membalikkan bauran yang setahun sebelumnya masih didominasi batu bara. Pengelolaan limbah menyumbang 61,2% pendapatan dan 92% EBITDA konsolidasi. Pendapatan dari ekosistem kendaraan listrik hampir tiga kali lipat secara tahunan. Laba kotor konsolidasi lebih dari dua kali lipat menjadi US$28,2 juta, dan arus kas operasi berbalik positif menjadi US$14,6 juta dari negatif US$31,6 juta pada periode yang sama tahun sebelumnya. Penetapan saham berbasis hijau masih merupakan praktik yang terus berkembang di tingkat global. Nasdaq memperkenalkan penetapan pertama dari jenis ini di pasar Nordik pada 2021. WFE menerbitkan Green Equity Principles pada 2023 sebagai kerangka global pertama untuk menetapkan saham tercatat sebagai saham hijau, dan sejak itu diadopsi oleh sejumlah bursa: B3 di Brasil pada 2024, kemudian Bursa Efek Filipina, dan kini BEI. Saat ini kurang dari 20 perusahaan tercatat di dunia yang memiliki penetapan tersebut, terkonsentrasi pada sektor teknologi bersih, utilitas, dan properti, sehingga menempatkan TBS dalam kelompok kecil secara global. BEI menegaskan bahwa IDX Green Equity Designation bukan merupakan pemeringkatan, rekomendasi investasi, maupun jaminan atas kinerja keuangan, tingkat pengembalian, atau risiko investasi suatu saham. (ara/ara) ... Tautan telah disalin tbs energi saham hijau bursa efek indonesia"
Kemenhub Ungkap Biang Kerok Kemacetan Panjang Pelabuhan Ketapang,https://finance.detik.com/berita-ekonomi-bisnis/d-8653167/kemenhub-ungkap-biang-kerok-kemacetan-panjang-pelabuhan-ketapang,"Jakarta - Penanganan insentif terus dilakukan untuk mengurai kepadatan kendaraan di jalur akses menuju Pelabuhan Penyeberangan Ketapang, Banyuwangi. Kemacetan panjang diklaim mulai berkurang. Kepala KSOP Kelas III Tanjung Wangi Purgana, menyampaikan meskipun antrean mulai terurai, sejumlah dinamika di lapangan masih mempengaruhi kelancaran arus kendaraan. Kepadatan terutama dipengaruhi oleh tingginya volume kendaraan logistik menuju Gilimanuk, perbaikan salah satu dermaga di Pelabuhan Gilimanuk, serta belum optimalnya kapasitas angkut karena satu dari empat kapal Atosim Lampung Pelayaran (ALP) masih menjalani perawatan (docking). ""Selain faktor kapasitas kapal dan perbaikan dermaga, terdapat kendala operasional berupa keterbatasan kapasitas Kantong Parkir/RTK ALP yang dikelola BUMDes, yang hanya mampu menampung sekitar 85 unit kendaraan. Kondisi tersebut menyebabkan sebagian truk terpaksa parkir di bahu jalan. Kami juga mencatat adanya kendala pada mekanisme ticketing melalui jasa pengurus truk,"" papar Purgana. SCROLL TO CONTINUE WITH CONTENT Baca juga: Jalur Ketapang-Gilimanuk Diserbu Kendaraan, Antrean Sempat Tembus Belasan Km Berdasarkan hasil pemantauan pada Senin sore kemarin pukul 16.00 WIB, panjang antrean kendaraan logistik terpantau sekitar 2,5 kilometer (km) dari Pelabuhan Ketapang, dengan titik akhir antrean berada di depan Terminal Sritanjung. Kondisi tersebut menunjukkan penurunan yang signifikan dibandingkan Minggu malam ketika panjang antrean sempat mencapai sekitar 9,4 km. ADVERTISEMENT Dalam menangani kondisi tersebut, KSOP Kelas III Tanjung Wangi terus memperkuat koordinasi bersama Balai Pengelola Transportasi Darat (BPTD), PT ASDP Indonesia Ferry, operator kapal, serta pemangku kepentingan terkait. Dari sisi kepelabuhanan dan keselamatan pelayaran, langkah yang dilakukan antara lain melalui optimalisasi operasional kapal, pengawasan kelaiklautan kapal, pengaturan pola sandar sesuai kondisi operasional, serta memastikan pelayanan penerbitan Surat Persetujuan Berlayar (SPB) berjalan sesuai ketentuan. Guna meningkatkan kapasitas angkut, telah disiapkan tambahan kapal untuk mendukung pelayanan penyeberangan, yaitu KMP Jatra I yang dijadwalkan tiba pada Selasa pukul 02.00 WIB, disusul KMP Port Link pada pukul 07.30 WIB. Baca juga: Penyeberangan Merak-Bakauheni Tak Terdampak Erupsi Anak Krakatau Selain optimalisasi kapal, pada Selasa, 8 September 2026 direncanakan akan dilakukan survei bathimetri di sekitar Dermaga Bulusan untuk mengetahui kondisi kedalaman perairan dan posisi dolphin yang jatuh. Hasil survei tersebut akan menjadi bahan evaluasi keselamatan untuk mendukung rencana penggunaan Dermaga Bulusan sebagai lokasi sandar KMP Port Link 7. ""Rencana penambahan kapal dan optimalisasi fasilitas sandar diharapkan dapat meningkatkan kapasitas angkut sekaligus membantu mempercepat penguraian antrean. Namun, seluruh langkah operasional tetap harus memenuhi aspek keselamatan dan keamanan pelayaran,"" ujar Purgana. Pihaknya juga mengimbau seluruh pengemudi truk logistik dan pengguna jasa penyeberangan untuk tetap tertib, mengikuti arahan petugas, dan tidak menyerobot jalur agar proses penguraian antrean dapat berjalan lebih cepat dan lancar. ""Kami terus melakukan pemantauan dan berkoordinasi secara intensif dengan seluruh pemangku kepentingan guna memastikan kelancaran pelayanan serta keselamatan pelayaran di lintas Ketapang-Gilimanuk,"" tutup Purgana. Saksikan Live DetikPagi : (hal/ara) ... Tautan telah disalin kemenhub kemacetan pelabuhan ketapang"
Bandara Soetta-Husein Siap Beroperasi Lagi Usai Dibuka,https://finance.detik.com/berita-ekonomi-bisnis/d-8653139/bandara-soetta-husein-siap-beroperasi-lagi-usai-dibuka,"Jakarta - InJourney Airports menjamin kesiapan operasional tiga bandara besar yang dibuka lagi usai paparan abu vulkanik erupsi Gunung Anak Krakatau. Bandara Soekarno-Hatta, Bandara Halim Perdanakusuma, dan Bandara Husein Sastranegara telah siap digunakan untuk lepas landas dan mendarat. Sebagai operator, InJourney telah membersihkan abu vulkanik di seluruh sisi landasan udara (air side) yakni area apron, taxiway, dan juga runway. Uji kekesatan di runway juga sudah dilakukan dan menunjukkan fasilitas tersebut memenuhi standar serta persyaratan untuk melayani operasional penerbangan. ""Fasilitas sisi udara (air side) dan sisi darat (land side) ketiga bandara siap kembali melayani penerbangan. Seluruh personel operasi dan layanan bandara juga dipastikan siap,"" kata Corporate Secretary Group Head InJourney Airports Arie Ahsanurrohim dalam keterangannya, Selasa (8/9/2026). SCROLL TO CONTINUE WITH CONTENT Baca juga: Bandara Soetta-Husein Dibuka Lagi, Radin Inten Masih Ditutup Sesuai NOTAM dari AirNav Indonesia, status resumed operations atau operasi kembali untuk Bandara Soekarno-Hatta Tangerang telah diberikan pada 8 September 2026 mulai pukul 00.30 WIB. Kemudian status resumed operations yang sama untuk Bandara Halim Perdanakusuma diberikan pada 8 September 2026 mulai pukul 00.40 WIB, dan status resumed operations pada Bandara Husein Sastranegara diberikan 8 September 2026 mulai pukul 00.42 WIB. ADVERTISEMENT General Manager Bandara Soekarno-Hatta Heru Karyadi menambahkan pembukaan kembali operasional Bandara Soekarno-Hatta dilakukan secara bertahap dengan tetap mengutamakan aspek keselamatan, termasuk melalui penerapan Air Traffic Flow Management (ATFM) sebagai bagian dari strategi pengendalian arus lalu lintas penerbangan pada fase awal pemulihan. ""Pada fase awal recovery , pengendalian penerbangan dilakukan secara bertahap dan terukur melalui penerapan ATFM. Pengaturan ini diperlukan agar arus keberangkatan dan kedatangan dapat kembali berjalan dengan aman dan tertib, sekaligus memungkinkan kapasitas operasional bandara dipulihkan secara bertahap,"" ujar Heru Karyadi dalam keterangan yang sama. Baca juga: 3 Bandara Masih Ditutup hingga Pukul 10.00 WIB, Ini Daftarnya Lebih lanjut, pengaturan arus penerbangan pada fase awal pemulihan mempertimbangkan kondisi operasional di lapangan, termasuk kebutuhan untuk mempercepat keberangkatan pesawat yang sebelumnya terdampak serta mengembalikan kapasitas apron secara bertahap. Bandara Soekarno-Hatta juga telah berkoordinasi dengan seluruh operator transportasi publik untuk memastikan ketersediaan armada untuk mendukung mobilitas dari dan ke Bandara Soekarno-Hatta. ""Calon penumpang diimbau untuk senantiasa memantau dan memastikan status serta jadwal penerbangannya melalui kanal resmi maskapai masing-masing sebelum berangkat menuju bandara tujuan, mengingat adanya penyesuaian jadwal penerbangan,"" ujar Heru. (hal/ara) ... Tautan telah disalin bandara soekarno-hatta bandara husein sastranegara bandara halim perdanakusuma"
"Pinjaman Online Warga RI Makin Banyak, Tembus Rp 105 Triliun",https://finance.detik.com/moneter/d-8653044/pinjaman-online-warga-ri-makin-banyak-tembus-rp-105-triliun,"Jakarta - Otoritas Jasa Keuangan (OJK) mencatat total utang masyarakat Indonesia pada layanan Peer to Peer (P2P) Lending atau pinjaman online (pinjol) mencapai Rp 105,63 triliun pada Juli 2026. Kepala Eksekutif Pengawas Lembaga Pembiayaan, Perusahaan Modal Ventura, Lembaga Keuangan Mikro dan Lembaga Jasa Keuangan Lainnya OJK, Agusman mengatakan jumlah tersebut meningkat 24,76% secara tahunan (year-on-year/yoy). ""Pada industri pinjaman daring atau pindar, outstanding pembiayaan pada Juli 2026 tumbuh 24,76% year-on-year dengan nominal sebesar Rp 105,63 triliun,"" terang Agusman dalam konferensi pers RDKB Agustus secara online, Senin (7/9/2026). SCROLL TO CONTINUE WITH CONTENT Agusman menjelaskan tingkat risiko kredit macet secara agregat atau TWP90 fintech P2P lending pada Juli 2026 berada di posisi 4,32%. Angka ini juga meningkat jika dibandingkan dengan bulan sebelumnya, yakni 4,26%. ""Tingkat risiko kredit macet secara agregat atau TWP90 tercatat di posisi 4,32%"" terang Agusman. ADVERTISEMENT Pada industri pergadaian, Agusman menyampaikan penyaluran pembiayaan pada Juli 2026 tumbuh sebesar 50,73% year-on-year menjadi Rp 160,78 triliun, dengan pembiayaan terbesar disalurkan dalam bentuk produk gadai yaitu sebesar Rp 136,39 triliun atau 84,83% dari total pembiayaan. OJK telah memberikan persetujuan peningkatan lingkup wilayah usaha menjadi nasional kepada dua perusahaan pergadaian, yaitu PT Pusat Gadai Indonesia dan PT Raja Gadai Indonesia. ""Dengan demikian, saat ini terdapat 5 perusahaan pergadaian dengan lingkup wilayah usaha nasional,"" tutur Agusman. (hrp/hns) ... Tautan telah disalin p2p lending pinjaman online utang masyarakat ojk risiko kredit industri keuangan pembiayaan gadai pertumbuhan ekonomi fintech"
"3 Bandara Masih Ditutup hingga Pukul 10.00 WIB, Ini Daftarnya",https://finance.detik.com/berita-ekonomi-bisnis/d-8653127/3-bandara-masih-ditutup-hingga-pukul-10-00-wib-ini-daftarnya,"Daftar Isi Detail Status Operasional Bandara Jakarta - AirNav Indonesia mengumumkan masih ada tiga bandara yang operasinya ditutup imbas sebaran abu vulkanik. Ketiga bandara tersebut adalah Bandara Radin Inten II Lampung, Bandara Muhammad Taufiq Kiemas Lampung, dan Bandara Salakanagara Tanjung Lesung. Penutupan bandara dilakukan hingga pukul 10.00 WIB pagi ini berdasarkan pembaruan informasi aeronautika yang diterbitkan AirNav Indonesia melalui NOTAM terbaru. Penerbitan NOTAM tersebut mengacu pada perubahan kondisi sebaran abu yang berdampak terhadap operasional penerbangan, sehingga berdasarkan evaluasi keselamatan dan informasi aeronautika terbaru, sejumlah bandar udara dapat kembali beroperasi. ""Selain itu, perkembangan kondisi di lapangan juga menjadi bagian dari pemantauan, antara lain dengan memerhatikan hasil paper test volcanic ash yang dilakukan secara berkala pada 7 September 2026 di lokasi bandara-bandara terdampak,"" tulis AirNav dalam keterangan resminya, Selasa (8/9/2026). SCROLL TO CONTINUE WITH CONTENT Baca juga: Bandara Soetta-Husein Dibuka Lagi, Radin Inten Masih Ditutup Sementara itu, sudah ada enam bandara lainnya yang kembali dibuka sejak tengah malam setelah sempat ikut ditutup imbas abu vulkanik sejak hari Minggu kemarin, termasuk Bandara Soekarno-Hatta yang menjadi bandara tersibuk di Indonesia. ADVERTISEMENT Detail Status Operasional Bandara 1. Bandar Udara Internasional Soekarno-Hatta (WIII) kembali berstatus OPEN AND RESUMED OPERATIONS berdasarkan NOTAM A3395/26 NOTAMR A3387/26, mulai pukul 00.30 WIB pada 8 September 2026. NOTAM tersebut juga mengingatkan bahwa awan abu vulkanik Gunung Anak Krakatau masih persisten di dalam FIR dan pilot diminta berhati-hati selama proses kedatangan dan keberangkatan. 2. Bandar Udara Halim Perdanakusuma (WIHH) kembali berstatus OPEN berdasarkan NOTAM A3396/26 NOTAMR A3386/26, mulai pukul 00.40 WIB pada 8 September 2026. 3. Bandar Udara Husein Sastranegara (WICC), Bandung, kembali berstatus OPEN berdasarkan NOTAM C1123/26 NOTAMR C1116/26, mulai pukul 00.42 WIB pada 8 September 2026. 4. Bandar Udara Budiarto (WIRR), Tangerang, kembali berstatus OPEN berdasarkan NOTAM C1126/26 NOTAMR C1115/26, mulai pukul 01.25 WIB pada 8 September 2026. 5. Bandar Udara Pondok Cabe (WIHP), Tangerang Selatan, kembali berstatus OPEN berdasarkan NOTAM C1127/26 NOTAMR C1118/26, mulai pukul 01.28 WIB pada 8 September 2026. 6. Bandar Udara Pagar Alam/Atung Bungsu (WIPY), Pagar Alam, telah lebih dahulu kembali berstatus OPEN berdasarkan NOTAM C1107/26 NOTAMC C1105/26, mulai pukul 08.12 WIB pada 7 September 2026. 7. Bandar Udara Radin Inten II (WILL), Lampung, masih berstatus CLOSED hingga estimasi pukul 10.00 WIB pada 8 September 2026. 8. Bandar Udara Muhammad Taufiq Kiemas (WILP), masih berstatus CLOSED hingga estimasi pukul 10.00 WIB pada 8 September 2026. 9. Bandar Udara Salakanagara Tanjung Lesung (WIHI), Pandeglang, masih berstatus CLOSED hingga estimasi pukul 10.00 WIB pada 8 September 2026. (hal/ara) ... Tautan telah disalin bandara ditutup abu vulkanik airnav indonesia penerbangan keselamatan penerbangan gunung anak krakatau"
